; Sample Rate 11025
; Channels 1
  0	0
  9.07029e-05	0
  0.000181406	0
  0.000272109	0
  0.000362812	-0.0078125
  0.000453515	-0.0078125
  0.000544218	0
  0.000634921	0
  0.000725624	0
  0.000816327	0
  0.000907029	0
  0.000997732	0
  0.00108844	0
  0.00117914	0
  0.00126984	0
  0.00136054	0
  0.00145125	0
  0.00154195	0
  0.00163265	0
  0.00172336	0
  0.00181406	0
  0.00190476	0
  0.00199546	0
  0.00208617	0
  0.00217687	0
  0.00226757	0
  0.00235828	0
  0.00244898	-0.0078125
  0.00253968	-0.0078125
  0.00263039	-0.0078125
  0.00272109	-0.0078125
  0.00281179	-0.0078125
  0.00290249	-0.0078125
  0.0029932	-0.0078125
  0.0030839	-0.0078125
  0.0031746	-0.0078125
  0.00326531	-0.0078125
  0.00335601	-0.0078125
  0.00344671	-0.0078125
  0.00353741	-0.0078125
  0.00362812	-0.0078125
  0.00371882	-0.0078125
  0.00380952	-0.0078125
  0.00390023	-0.0078125
  0.00399093	-0.0078125
  0.00408163	-0.0078125
  0.00417234	-0.0078125
  0.00426304	-0.0078125
  0.00435374	0
  0.00444444	0
  0.00453515	0
  0.00462585	0
  0.00471655	0
  0.00480726	0
  0.00489796	-0.0078125
  0.00498866	-0.0078125
  0.00507937	-0.0078125
  0.00517007	-0.0078125
  0.00526077	-0.0078125
  0.00535147	-0.0078125
  0.00544218	-0.0078125
  0.00553288	-0.0078125
  0.00562358	0
  0.00571429	0
  0.00580499	0
  0.00589569	0
  0.00598639	0
  0.0060771	0
  0.0061678	0
  0.0062585	0
  0.00634921	0
  0.00643991	0
  0.00653061	0
  0.00662132	0
  0.00671202	0
  0.00680272	0
  0.00689342	0
  0.00698413	0
  0.00707483	0
  0.00716553	0
  0.00725624	0
  0.00734694	0
  0.00743764	0
  0.00752834	0
  0.00761905	0
  0.00770975	0
  0.00780045	0
  0.00789116	0
  0.00798186	0
  0.00807256	0
  0.00816327	0
  0.00825397	0
  0.00834467	0
  0.00843537	0
  0.00852608	0
  0.00861678	0
  0.00870748	0
  0.00879819	0
  0.00888889	0
  0.00897959	0
  0.00907029	0
  0.009161	0
  0.0092517	0
  0.0093424	0
  0.00943311	0
  0.00952381	0
  0.00961451	0
  0.00970522	0
  0.00979592	0
  0.00988662	0.0078125
  0.00997732	0.0078125
  0.010068	0.0078125
  0.0101587	0
  0.0102494	0
  0.0103401	0
  0.0104308	0
  0.0105215	0
  0.0106122	0
  0.0107029	0
  0.0107937	0
  0.0108844	0
  0.0109751	0
  0.0110658	0
  0.0111565	0
  0.0112472	0
  0.0113379	0
  0.0114286	0
  0.0115193	0
  0.01161	0
  0.0117007	0
  0.0117914	0
  0.0118821	0
  0.0119728	0
  0.0120635	-0.0078125
  0.0121542	-0.0078125
  0.0122449	0
  0.0123356	0
  0.0124263	0
  0.012517	0
  0.0126077	0
  0.0126984	0
  0.0127891	0
  0.0128798	-0.0078125
  0.0129705	0
  0.0130612	0
  0.0131519	0
  0.0132426	0
  0.0133333	0.0078125
  0.013424	0.0078125
  0.0135147	0
  0.0136054	0
  0.0136961	-0.0078125
  0.0137868	-0.0078125
  0.0138776	-0.0078125
  0.0139683	-0.0078125
  0.014059	-0.0078125
  0.0141497	-0.0078125
  0.0142404	-0.0078125
  0.0143311	-0.0078125
  0.0144218	-0.0078125
  0.0145125	-0.0078125
  0.0146032	-0.0078125
  0.0146939	-0.0078125
  0.0147846	-0.0078125
  0.0148753	-0.0078125
  0.014966	-0.015625
  0.0150567	-0.015625
  0.0151474	-0.015625
  0.0152381	-0.0078125
  0.0153288	-0.0078125
  0.0154195	-0.0078125
  0.0155102	-0.0078125
  0.0156009	-0.0078125
  0.0156916	-0.015625
  0.0157823	-0.015625
  0.015873	-0.015625
  0.0159637	-0.0078125
  0.0160544	-0.0078125
  0.0161451	-0.0078125
  0.0162358	0
  0.0163265	0
  0.0164172	0
  0.0165079	0
  0.0165986	0
  0.0166893	0
  0.01678	0
  0.0168707	0
  0.0169615	0
  0.0170522	0
  0.0171429	0
  0.0172336	0
  0.0173243	0
  0.017415	0
  0.0175057	0
  0.0175964	0
  0.0176871	0.0078125
  0.0177778	0.0078125
  0.0178685	0.0078125
  0.0179592	0.0078125
  0.0180499	0.0078125
  0.0181406	0.0078125
  0.0182313	0.0078125
  0.018322	0.0078125
  0.0184127	0.0078125
  0.0185034	0.0078125
  0.0185941	0.0078125
  0.0186848	0.0078125
  0.0187755	0
  0.0188662	0
  0.0189569	0
  0.0190476	0.0078125
  0.0191383	0.0078125
  0.019229	0.0078125
  0.0193197	0.0078125
  0.0194104	0.0078125
  0.0195011	0.0078125
  0.0195918	0.0078125
  0.0196825	0.0078125
  0.0197732	0
  0.0198639	0.0078125
  0.0199546	0.0078125
  0.0200454	0.0078125
  0.0201361	0
  0.0202268	0
  0.0203175	0
  0.0204082	0
  0.0204989	0
  0.0205896	0
  0.0206803	0
  0.020771	0
  0.0208617	0
  0.0209524	0
  0.0210431	0
  0.0211338	-0.0078125
  0.0212245	0
  0.0213152	0
  0.0214059	0
  0.0214966	0
  0.0215873	0
  0.021678	0
  0.0217687	0
  0.0218594	0
  0.0219501	0
  0.0220408	0
  0.0221315	0
  0.0222222	0
  0.0223129	0
  0.0224036	0
  0.0224943	0
  0.022585	0
  0.0226757	0
  0.0227664	0
  0.0228571	0
  0.0229478	0
  0.0230385	0
  0.0231293	0
  0.02322	0
  0.0233107	0
  0.0234014	0
  0.0234921	0
  0.0235828	-0.0078125
  0.0236735	-0.0078125
  0.0237642	-0.0078125
  0.0238549	-0.0078125
  0.0239456	-0.0078125
  0.0240363	-0.0078125
  0.024127	0
  0.0242177	0
  0.0243084	0.0078125
  0.0243991	0.0078125
  0.0244898	0.0078125
  0.0245805	0.0078125
  0.0246712	0
  0.0247619	0
  0.0248526	0
  0.0249433	-0.0078125
  0.025034	-0.0078125
  0.0251247	-0.0078125
  0.0252154	0
  0.0253061	0
  0.0253968	0
  0.0254875	0
  0.0255782	-0.0078125
  0.0256689	-0.015625
  0.0257596	-0.015625
  0.0258503	-0.015625
  0.025941	-0.015625
  0.0260317	-0.0078125
  0.0261224	-0.0078125
  0.0262132	0
  0.0263039	0
  0.0263946	0
  0.0264853	0
  0.026576	0
  0.0266667	0
  0.0267574	0
  0.0268481	0
  0.0269388	0
  0.0270295	0
  0.0271202	0
  0.0272109	0.0078125
  0.0273016	0.0078125
  0.0273923	0.0078125
  0.027483	0.015625
  0.0275737	0.0234375
  0.0276644	0.0234375
  0.0277551	0.015625
  0.0278458	0.0078125
  0.0279365	0.0078125
  0.0280272	0.0078125
  0.0281179	0.015625
  0.0282086	0.015625
  0.0282993	0.015625
  0.02839	0.015625
  0.0284807	0.0078125
  0.0285714	0.015625
  0.0286621	0.0234375
  0.0287528	0.0234375
  0.0288435	0.015625
  0.0289342	0.015625
  0.0290249	0.0234375
  0.0291156	0.0234375
  0.0292063	0.0234375
  0.0292971	0.0234375
  0.0293878	0.015625
  0.0294785	0.015625
  0.0295692	0.015625
  0.0296599	0.015625
  0.0297506	0.015625
  0.0298413	0.015625
  0.029932	0.0078125
  0.0300227	0
  0.0301134	0
  0.0302041	0
  0.0302948	0.0078125
  0.0303855	0.015625
  0.0304762	0.015625
  0.0305669	0.015625
  0.0306576	0.0078125
  0.0307483	0
  0.030839	0
  0.0309297	0
  0.0310204	0
  0.0311111	0
  0.0312018	0
  0.0312925	0
  0.0313832	0
  0.0314739	0
  0.0315646	0
  0.0316553	-0.0078125
  0.031746	-0.0078125
  0.0318367	-0.0078125
  0.0319274	-0.0078125
  0.0320181	0
  0.0321088	0
  0.0321995	0
  0.0322902	0
  0.032381	0
  0.0324717	-0.0078125
  0.0325624	-0.0078125
  0.0326531	-0.0078125
  0.0327438	-0.0078125
  0.0328345	-0.0078125
  0.0329252	0
  0.0330159	0
  0.0331066	-0.0078125
  0.0331973	0
  0.033288	0
  0.0333787	0
  0.0334694	0
  0.0335601	0
  0.0336508	0.0078125
  0.0337415	0.0078125
  0.0338322	0
  0.0339229	0
  0.0340136	0
  0.0341043	0
  0.034195	0
  0.0342857	0.0078125
  0.0343764	0.0078125
  0.0344671	0.0078125
  0.0345578	0.0078125
  0.0346485	0.0078125
  0.0347392	0
  0.0348299	0
  0.0349206	0
  0.0350113	0
  0.035102	0
  0.0351927	0
  0.0352834	0
  0.0353742	0
  0.0354649	0
  0.0355556	0
  0.0356463	0.0078125
  0.035737	0
  0.0358277	0
  0.0359184	0.0078125
  0.0360091	0.0078125
  0.0360998	0
  0.0361905	0
  0.0362812	0
  0.0363719	0
  0.0364626	0.0078125
  0.0365533	0
  0.036644	0
  0.0367347	0
  0.0368254	0
  0.0369161	0
  0.0370068	0
  0.0370975	-0.0078125
  0.0371882	-0.0078125
  0.0372789	-0.0078125
  0.0373696	0
  0.0374603	0.0078125
  0.037551	0
  0.0376417	-0.0078125
  0.0377324	-0.015625
  0.0378231	-0.0234375
  0.0379138	-0.0234375
  0.0380045	-0.0078125
  0.0380952	-0.0078125
  0.0381859	-0.0078125
  0.0382766	0
  0.0383673	-0.0078125
  0.0384581	-0.0078125
  0.0385488	-0.0078125
  0.0386395	-0.0078125
  0.0387302	0
  0.0388209	0.0078125
  0.0389116	0.0078125
  0.0390023	0.0078125
  0.039093	0.015625
  0.0391837	0.0234375
  0.0392744	0.015625
  0.0393651	0.0078125
  0.0394558	0.0078125
  0.0395465	0.0078125
  0.0396372	0.0078125
  0.0397279	0
  0.0398186	0
  0.0399093	0
  0.04	0
  0.0400907	0
  0.0401814	0
  0.0402721	0
  0.0403628	0
  0.0404535	0.0078125
  0.0405442	0.0078125
  0.0406349	0.0078125
  0.0407256	0.0078125
  0.0408163	0.0078125
  0.040907	0.0078125
  0.0409977	0.015625
  0.0410884	0.015625
  0.0411791	0.0078125
  0.0412698	0.0078125
  0.0413605	0.0078125
  0.0414512	0.0078125
  0.041542	0.0078125
  0.0416327	0.015625
  0.0417234	0.0234375
  0.0418141	0.03125
  0.0419048	0.03125
  0.0419955	0.03125
  0.0420862	0.03125
  0.0421769	0.0234375
  0.0422676	0.0234375
  0.0423583	0.015625
  0.042449	0.015625
  0.0425397	0.0234375
  0.0426304	0.0234375
  0.0427211	0.0234375
  0.0428118	0.03125
  0.0429025	0.03125
  0.0429932	0.0234375
  0.0430839	0.015625
  0.0431746	0.0078125
  0.0432653	0
  0.043356	-0.0078125
  0.0434467	-0.0078125
  0.0435374	-0.015625
  0.0436281	-0.0078125
  0.0437188	0
  0.0438095	0
  0.0439002	0.0078125
  0.0439909	0.0078125
  0.0440816	0.0078125
  0.0441723	0
  0.044263	0.0078125
  0.0443537	0.0078125
  0.0444444	0.0078125
  0.0445351	0.0078125
  0.0446259	0.0078125
  0.0447166	0.0078125
  0.0448073	0
  0.044898	0
  0.0449887	0.0078125
  0.0450794	0.0078125
  0.0451701	0.015625
  0.0452608	0.015625
  0.0453515	0.015625
  0.0454422	0.015625
  0.0455329	0.015625
  0.0456236	0.015625
  0.0457143	0.015625
  0.045805	0.0078125
  0.0458957	0.0078125
  0.0459864	0
  0.0460771	0
  0.0461678	0.0078125
  0.0462585	0.0078125
  0.0463492	0.015625
  0.0464399	0.0234375
  0.0465306	0.015625
  0.0466213	0.015625
  0.046712	0.0078125
  0.0468027	0.0078125
  0.0468934	0.0078125
  0.0469841	0
  0.0470748	0
  0.0471655	0
  0.0472562	-0.0078125
  0.0473469	-0.0078125
  0.0474376	-0.0078125
  0.0475283	-0.0078125
  0.047619	0
  0.0477098	0
  0.0478005	0
  0.0478912	0
  0.0479819	-0.0078125
  0.0480726	0
  0.0481633	0.0078125
  0.048254	0.0078125
  0.0483447	0.0078125
  0.0484354	0.0078125
  0.0485261	0
  0.0486168	0
  0.0487075	-0.0078125
  0.0487982	-0.015625
  0.0488889	-0.015625
  0.0489796	-0.0078125
  0.0490703	-0.0078125
  0.049161	-0.0078125
  0.0492517	-0.0078125
  0.0493424	-0.0078125
  0.0494331	-0.0078125
  0.0495238	0
  0.0496145	0
  0.0497052	0.0078125
  0.0497959	0
  0.0498866	0
  0.0499773	0.0078125
  0.050068	0.0078125
  0.0501587	0
  0.0502494	0
  0.0503401	0.0078125
  0.0504308	0.0078125
  0.0505215	0
  0.0506122	0
  0.0507029	0
  0.0507937	-0.0078125
  0.0508844	-0.0078125
  0.0509751	0
  0.0510658	0
  0.0511565	0
  0.0512472	0
  0.0513379	0
  0.0514286	-0.0078125
  0.0515193	-0.0078125
  0.05161	-0.0078125
  0.0517007	-0.0078125
  0.0517914	0
  0.0518821	0
  0.0519728	0.0078125
  0.0520635	0.015625
  0.0521542	0.0078125
  0.0522449	-0.0078125
  0.0523356	-0.0078125
  0.0524263	-0.0078125
  0.052517	0
  0.0526077	0.0078125
  0.0526984	0.0078125
  0.0527891	0.0078125
  0.0528798	0
  0.0529705	-0.0078125
  0.0530612	0
  0.0531519	0.0078125
  0.0532426	0.015625
  0.0533333	0.015625
  0.053424	0.0078125
  0.0535147	0.0078125
  0.0536054	0.015625
  0.0536961	0.0234375
  0.0537868	0.0390625
  0.0538776	0.0390625
  0.0539683	0.03125
  0.054059	0.015625
  0.0541497	0
  0.0542404	-0.0078125
  0.0543311	-0.0078125
  0.0544218	0.0078125
  0.0545125	0.0078125
  0.0546032	0
  0.0546939	0
  0.0547846	0
  0.0548753	0
  0.054966	0.0078125
  0.0550567	0.0078125
  0.0551474	0.015625
  0.0552381	0.0078125
  0.0553288	0.0078125
  0.0554195	0.0078125
  0.0555102	0.015625
  0.0556009	0.015625
  0.0556916	0.015625
  0.0557823	0.0078125
  0.055873	0.0078125
  0.0559637	0
  0.0560544	0.0078125
  0.0561451	0.0234375
  0.0562358	0.03125
  0.0563265	0.03125
  0.0564172	0.0234375
  0.0565079	0.015625
  0.0565986	0.015625
  0.0566893	0.0234375
  0.05678	0.0234375
  0.0568707	0.015625
  0.0569615	0.015625
  0.0570522	0.015625
  0.0571429	0.015625
  0.0572336	0.0234375
  0.0573243	0.0390625
  0.057415	0.046875
  0.0575057	0.046875
  0.0575964	0.0390625
  0.0576871	0.046875
  0.0577778	0.046875
  0.0578685	0.03125
  0.0579592	0.0234375
  0.0580499	0.03125
  0.0581406	0.03125
  0.0582313	0.0234375
  0.058322	0.0234375
  0.0584127	0.0234375
  0.0585034	0.0234375
  0.0585941	0.0234375
  0.0586848	0.03125
  0.0587755	0.0234375
  0.0588662	0.03125
  0.0589569	0.03125
  0.0590476	0.0234375
  0.0591383	0.015625
  0.059229	0.0078125
  0.0593197	0
  0.0594104	0
  0.0595011	0.0078125
  0.0595918	0.0234375
  0.0596825	0.0390625
  0.0597732	0.0390625
  0.0598639	0.0390625
  0.0599546	0.0390625
  0.0600454	0.0234375
  0.0601361	0.0078125
  0.0602268	0
  0.0603175	-0.015625
  0.0604082	-0.015625
  0.0604989	-0.015625
  0.0605896	0
  0.0606803	0.0078125
  0.060771	0
  0.0608617	-0.0234375
  0.0609524	-0.0390625
  0.0610431	-0.046875
  0.0611338	-0.03125
  0.0612245	-0.0234375
  0.0613152	-0.0078125
  0.0614059	0.015625
  0.0614966	0.015625
  0.0615873	0.015625
  0.061678	0
  0.0617687	0
  0.0618594	-0.0078125
  0.0619501	-0.015625
  0.0620408	-0.0078125
  0.0621315	-0.0078125
  0.0622222	-0.015625
  0.0623129	-0.0078125
  0.0624036	-0.0078125
  0.0624943	-0.0078125
  0.062585	-0.0078125
  0.0626757	-0.015625
  0.0627664	-0.0234375
  0.0628571	-0.015625
  0.0629478	-0.0234375
  0.0630385	-0.03125
  0.0631293	-0.0234375
  0.06322	-0.0078125
  0.0633107	0
  0.0634014	0
  0.0634921	0
  0.0635828	0.0078125
  0.0636735	0.0078125
  0.0637642	0
  0.0638549	0.0078125
  0.0639456	0.0078125
  0.0640363	0.015625
  0.064127	0.015625
  0.0642177	0.0234375
  0.0643084	0.0234375
  0.0643991	0.0078125
  0.0644898	0.0078125
  0.0645805	0.0078125
  0.0646712	0.015625
  0.0647619	0.015625
  0.0648526	0.015625
  0.0649433	0.0234375
  0.065034	0.0234375
  0.0651247	0.03125
  0.0652154	0.0234375
  0.0653061	0.015625
  0.0653968	0.015625
  0.0654875	0.0078125
  0.0655782	0
  0.0656689	0.0078125
  0.0657596	0.015625
  0.0658503	0.015625
  0.065941	0.015625
  0.0660317	0.0234375
  0.0661224	0.0234375
  0.0662132	0.0234375
  0.0663039	0.015625
  0.0663946	0.015625
  0.0664853	0.0234375
  0.066576	0.0234375
  0.0666667	0
  0.0667574	-0.015625
  0.0668481	-0.0234375
  0.0669388	-0.0234375
  0.0670295	-0.03125
  0.0671202	-0.03125
  0.0672109	-0.015625
  0.0673016	-0.0234375
  0.0673923	-0.0234375
  0.067483	-0.015625
  0.0675737	-0.015625
  0.0676644	-0.015625
  0.0677551	-0.0234375
  0.0678458	-0.0234375
  0.0679365	-0.0234375
  0.0680272	-0.015625
  0.0681179	-0.015625
  0.0682086	-0.015625
  0.0682993	-0.015625
  0.06839	0
  0.0684807	-0.0078125
  0.0685714	0
  0.0686621	0
  0.0687528	0.0078125
  0.0688435	0.015625
  0.0689342	0.0234375
  0.0690249	0.03125
  0.0691156	0.0390625
  0.0692063	0.046875
  0.0692971	0.0546875
  0.0693878	0.0546875
  0.0694785	0.0546875
  0.0695692	0.0546875
  0.0696599	0.0625
  0.0697506	0.078125
  0.0698413	0.0703125
  0.069932	0.0625
  0.0700227	0.0546875
  0.0701134	0.0546875
  0.0702041	0.046875
  0.0702948	0.03125
  0.0703855	0.015625
  0.0704762	0.015625
  0.0705669	0.0234375
  0.0706576	0.015625
  0.0707483	0.015625
  0.070839	0.0078125
  0.0709297	-0.0078125
  0.0710204	-0.0078125
  0.0711111	-0.0078125
  0.0712018	-0.0078125
  0.0712925	-0.0078125
  0.0713832	0
  0.0714739	0
  0.0715646	0.0078125
  0.0716553	0.015625
  0.071746	0.0078125
  0.0718367	0
  0.0719274	0
  0.0720181	0.0078125
  0.0721088	0
  0.0721995	0
  0.0722902	-0.0078125
  0.072381	-0.0078125
  0.0724717	-0.0234375
  0.0725624	-0.0234375
  0.0726531	-0.015625
  0.0727438	-0.0234375
  0.0728345	-0.015625
  0.0729252	-0.0078125
  0.0730159	0
  0.0731066	0.0078125
  0.0731973	0.015625
  0.073288	0.03125
  0.0733787	0.03125
  0.0734694	0.0390625
  0.0735601	0.0390625
  0.0736508	0.0234375
  0.0737415	0.015625
  0.0738322	0.015625
  0.0739229	0.0078125
  0.0740136	0.015625
  0.0741043	0.0234375
  0.074195	0.0390625
  0.0742857	0.0546875
  0.0743764	0.0546875
  0.0744671	0.046875
  0.0745578	0.0234375
  0.0746485	0
  0.0747392	-0.015625
  0.0748299	-0.0234375
  0.0749206	-0.0234375
  0.0750113	-0.0078125
  0.075102	0.0234375
  0.0751927	0.0390625
  0.0752834	0.046875
  0.0753742	0.0546875
  0.0754649	0.0625
  0.0755556	0.046875
  0.0756463	0.0234375
  0.075737	0
  0.0758277	-0.015625
  0.0759184	-0.0078125
  0.0760091	0
  0.0760998	0.0078125
  0.0761905	0.0078125
  0.0762812	0
  0.0763719	-0.0078125
  0.0764626	0
  0.0765533	0.015625
  0.076644	0.03125
  0.0767347	0.03125
  0.0768254	0.03125
  0.0769161	0.0390625
  0.0770068	0.0390625
  0.0770975	0.0546875
  0.0771882	0.046875
  0.0772789	0.046875
  0.0773696	0.0546875
  0.0774603	0.0390625
  0.077551	0.015625
  0.0776417	0.0078125
  0.0777324	0.015625
  0.0778231	0.015625
  0.0779138	0.0078125
  0.0780045	0.0078125
  0.0780952	0.0078125
  0.0781859	0.0078125
  0.0782766	0.0078125
  0.0783673	0.0078125
  0.0784581	0.0078125
  0.0785488	0
  0.0786395	-0.015625
  0.0787302	-0.0234375
  0.0788209	-0.015625
  0.0789116	-0.015625
  0.0790023	-0.0078125
  0.079093	-0.0078125
  0.0791837	-0.015625
  0.0792744	-0.0078125
  0.0793651	0
  0.0794558	0
  0.0795465	0.0078125
  0.0796372	0.0078125
  0.0797279	-0.0078125
  0.0798186	-0.0078125
  0.0799093	-0.0078125
  0.08	-0.0078125
  0.0800907	-0.0078125
  0.0801814	-0.0078125
  0.0802721	0
  0.0803628	0
  0.0804535	0
  0.0805442	-0.0078125
  0.0806349	-0.0078125
  0.0807256	0.0078125
  0.0808163	0.015625
  0.080907	0.03125
  0.0809977	0.03125
  0.0810884	0.0234375
  0.0811791	0.015625
  0.0812698	0.0234375
  0.0813605	0.0390625
  0.0814512	0.0390625
  0.081542	0.0390625
  0.0816327	0.0390625
  0.0817234	0.03125
  0.0818141	0.015625
  0.0819048	0.0078125
  0.0819955	0.0078125
  0.0820862	0.0078125
  0.0821769	0.015625
  0.0822676	0.015625
  0.0823583	0.0234375
  0.082449	0.015625
  0.0825397	0.0234375
  0.0826304	0.015625
  0.0827211	0.0078125
  0.0828118	0.0078125
  0.0829025	0.015625
  0.0829932	0.015625
  0.0830839	0.015625
  0.0831746	0.03125
  0.0832653	0.0546875
  0.083356	0.0703125
  0.0834467	0.046875
  0.0835374	0.03125
  0.0836281	0.015625
  0.0837188	-0.015625
  0.0838095	-0.03125
  0.0839002	-0.0234375
  0.0839909	-0.015625
  0.0840816	0.0078125
  0.0841723	0.0234375
  0.084263	0.0234375
  0.0843537	0.03125
  0.0844444	0.015625
  0.0845351	0
  0.0846259	-0.015625
  0.0847166	-0.0390625
  0.0848073	-0.03125
  0.084898	-0.0234375
  0.0849887	-0.0234375
  0.0850794	-0.0078125
  0.0851701	-0.0078125
  0.0852608	-0.0078125
  0.0853515	-0.015625
  0.0854422	-0.015625
  0.0855329	-0.0078125
  0.0856236	0.0078125
  0.0857143	0.0078125
  0.085805	0.0234375
  0.0858957	0.0234375
  0.0859864	0.03125
  0.0860771	0.046875
  0.0861678	0.0546875
  0.0862585	0.046875
  0.0863492	0.03125
  0.0864399	0.015625
  0.0865306	-0.0078125
  0.0866213	-0.015625
  0.086712	0
  0.0868027	0
  0.0868934	0.015625
  0.0869841	0.0234375
  0.0870748	0.03125
  0.0871655	0.0234375
  0.0872562	0.0234375
  0.0873469	0.03125
  0.0874376	0.03125
  0.0875283	0.03125
  0.087619	0.03125
  0.0877098	0.0234375
  0.0878005	0.0234375
  0.0878912	0.0234375
  0.0879819	0.03125
  0.0880726	0.0390625
  0.0881633	0.046875
  0.088254	0.03125
  0.0883447	0.0234375
  0.0884354	0.0078125
  0.0885261	0
  0.0886168	-0.015625
  0.0887075	-0.03125
  0.0887982	-0.0234375
  0.0888889	-0.015625
  0.0889796	-0.015625
  0.0890703	-0.0078125
  0.089161	0
  0.0892517	0
  0.0893424	0.0078125
  0.0894331	0.015625
  0.0895238	0.015625
  0.0896145	0.0234375
  0.0897052	0.0234375
  0.0897959	0.0078125
  0.0898866	0.015625
  0.0899773	0.0078125
  0.090068	0.0078125
  0.0901587	0
  0.0902494	-0.0078125
  0.0903401	0
  0.0904308	-0.0078125
  0.0905215	-0.015625
  0.0906122	0.0078125
  0.0907029	0.015625
  0.0907937	0.015625
  0.0908844	0.0234375
  0.0909751	0.03125
  0.0910658	0.03125
  0.0911565	0.046875
  0.0912472	0.046875
  0.0913379	0.0390625
  0.0914286	0.0234375
  0.0915193	0.0078125
  0.09161	0.0078125
  0.0917007	0.0078125
  0.0917914	0.0078125
  0.0918821	0.015625
  0.0919728	0.0390625
  0.0920635	0.0390625
  0.0921542	0.0390625
  0.0922449	0.0390625
  0.0923356	0.0234375
  0.0924263	0.015625
  0.092517	0.015625
  0.0926077	0.03125
  0.0926984	0.015625
  0.0927891	0.0078125
  0.0928798	-0.0078125
  0.0929705	0
  0.0930612	0.015625
  0.0931519	0.015625
  0.0932426	0.015625
  0.0933333	0.0234375
  0.093424	0.0390625
  0.0935147	0.03125
  0.0936054	0.0234375
  0.0936961	0.0234375
  0.0937868	0.015625
  0.0938776	0.015625
  0.0939683	0.015625
  0.094059	0.0234375
  0.0941497	0.03125
  0.0942404	0.0546875
  0.0943311	0.0625
  0.0944218	0.0390625
  0.0945125	0.0078125
  0.0946032	-0.0078125
  0.0946939	0
  0.0947846	0.0078125
  0.0948753	0.0234375
  0.094966	0.03125
  0.0950567	0.015625
  0.0951474	0.015625
  0.0952381	0.03125
  0.0953288	0.046875
  0.0954195	0.0546875
  0.0955102	0.046875
  0.0956009	0.03125
  0.0956916	0.0234375
  0.0957823	0.03125
  0.095873	0.015625
  0.0959637	0.0078125
  0.0960544	0.0078125
  0.0961451	0
  0.0962358	0
  0.0963265	0
  0.0964172	0
  0.0965079	0.0078125
  0.0965986	0.015625
  0.0966893	0.0234375
  0.09678	0.015625
  0.0968707	0
  0.0969615	-0.015625
  0.0970522	-0.0234375
  0.0971429	-0.0234375
  0.0972336	0
  0.0973243	0.0078125
  0.097415	0.0078125
  0.0975057	-0.0078125
  0.0975964	-0.0390625
  0.0976871	-0.0390625
  0.0977778	-0.0234375
  0.0978685	0
  0.0979592	0.0078125
  0.0980499	0.0390625
  0.0981406	0.0390625
  0.0982313	0.0390625
  0.098322	0.046875
  0.0984127	0.015625
  0.0985034	-0.015625
  0.0985941	-0.0078125
  0.0986848	0.015625
  0.0987755	0.03125
  0.0988662	0.0390625
  0.0989569	0.0234375
  0.0990476	0.0078125
  0.0991383	0
  0.099229	-0.0234375
  0.0993197	-0.03125
  0.0994104	-0.03125
  0.0995011	-0.03125
  0.0995918	-0.0078125
  0.0996825	0.015625
  0.0997732	0.0234375
  0.0998639	0.0234375
  0.0999546	0.015625
  0.100045	0
  0.100136	-0.015625
  0.100227	-0.015625
  0.100317	-0.015625
  0.100408	-0.0078125
  0.100499	-0.0078125
  0.10059	-0.0234375
  0.10068	-0.0234375
  0.100771	-0.015625
  0.100862	-0.0078125
  0.100952	0
  0.101043	0.015625
  0.101134	0.015625
  0.101224	0.015625
  0.101315	0.015625
  0.101406	0
  0.101497	0
  0.101587	0.0078125
  0.101678	-0.0078125
  0.101769	-0.015625
  0.101859	-0.03125
  0.10195	-0.03125
  0.102041	-0.015625
  0.102132	-0.015625
  0.102222	-0.0078125
  0.102313	-0.0078125
  0.102404	0
  0.102494	0.0078125
  0.102585	0.0078125
  0.102676	0.0078125
  0.102766	0.015625
  0.102857	0.015625
  0.102948	0.03125
  0.103039	0.0390625
  0.103129	0.0390625
  0.10322	0.0234375
  0.103311	0.03125
  0.103401	0.03125
  0.103492	0.015625
  0.103583	0.015625
  0.103673	0.015625
  0.103764	0.0234375
  0.103855	0.03125
  0.103946	0.03125
  0.104036	0.0234375
  0.104127	0.0234375
  0.104218	0.015625
  0.104308	0.015625
  0.104399	0.0234375
  0.10449	0.0390625
  0.104581	0.0390625
  0.104671	0.0546875
  0.104762	0.0625
  0.104853	0.0546875
  0.104943	0.0390625
  0.105034	0.0234375
  0.105125	0.015625
  0.105215	0.0234375
  0.105306	0.0234375
  0.105397	0.015625
  0.105488	0.03125
  0.105578	0.03125
  0.105669	0.03125
  0.10576	0.0390625
  0.10585	0.046875
  0.105941	0.0546875
  0.106032	0.0625
  0.106122	0.0625
  0.106213	0.0546875
  0.106304	0.0390625
  0.106395	0.03125
  0.106485	0.0234375
  0.106576	0.015625
  0.106667	0
  0.106757	0.0078125
  0.106848	0.015625
  0.106939	0.015625
  0.107029	0.03125
  0.10712	0.0234375
  0.107211	0.0078125
  0.107302	0
  0.107392	-0.0078125
  0.107483	-0.0390625
  0.107574	-0.0390625
  0.107664	-0.015625
  0.107755	0
  0.107846	0.015625
  0.107937	0.0390625
  0.108027	0.0546875
  0.108118	0.046875
  0.108209	0.0390625
  0.108299	0.0390625
  0.10839	0.0390625
  0.108481	0.03125
  0.108571	0.03125
  0.108662	0.0390625
  0.108753	0.0703125
  0.108844	0.0703125
  0.108934	0.0703125
  0.109025	0.0625
  0.109116	0.0546875
  0.109206	0.046875
  0.109297	0.046875
  0.109388	0.046875
  0.109478	0.0546875
  0.109569	0.0625
  0.10966	0.0703125
  0.109751	0.0703125
  0.109841	0.0703125
  0.109932	0.0625
  0.110023	0.046875
  0.110113	0.046875
  0.110204	0.0625
  0.110295	0.078125
  0.110385	0.0859375
  0.110476	0.09375
  0.110567	0.0703125
  0.110658	0.0546875
  0.110748	0.03125
  0.110839	0.015625
  0.11093	0.0078125
  0.11102	0.0078125
  0.111111	0.0078125
  0.111202	-0.0078125
  0.111293	-0.0078125
  0.111383	-0.0078125
  0.111474	-0.0234375
  0.111565	-0.0078125
  0.111655	0.0078125
  0.111746	0.0078125
  0.111837	0
  0.111927	0
  0.112018	-0.015625
  0.112109	-0.03125
  0.1122	-0.0234375
  0.11229	0
  0.112381	0.0078125
  0.112472	-0.0078125
  0.112562	-0.015625
  0.112653	-0.0234375
  0.112744	-0.046875
  0.112834	-0.0546875
  0.112925	-0.0546875
  0.113016	-0.0390625
  0.113107	-0.0234375
  0.113197	-0.03125
  0.113288	-0.046875
  0.113379	-0.0546875
  0.113469	-0.046875
  0.11356	-0.0390625
  0.113651	-0.0234375
  0.113741	-0.015625
  0.113832	-0.0234375
  0.113923	-0.0234375
  0.114014	-0.015625
  0.114104	0
  0.114195	0
  0.114286	-0.0078125
  0.114376	-0.0234375
  0.114467	-0.0234375
  0.114558	-0.0078125
  0.114649	0.015625
  0.114739	0.015625
  0.11483	0.0234375
  0.114921	0.0390625
  0.115011	0.046875
  0.115102	0.0546875
  0.115193	0.0546875
  0.115283	0.0546875
  0.115374	0.046875
  0.115465	0.0546875
  0.115556	0.0703125
  0.115646	0.0546875
  0.115737	0.03125
  0.115828	0.0234375
  0.115918	0.0234375
  0.116009	0.015625
  0.1161	0.0078125
  0.11619	0.0078125
  0.116281	0.015625
  0.116372	0.03125
  0.116463	0.03125
  0.116553	-0.0078125
  0.116644	-0.03125
  0.116735	-0.03125
  0.116825	-0.0234375
  0.116916	0
  0.117007	0.03125
  0.117098	0.046875
  0.117188	0.0546875
  0.117279	0.0390625
  0.11737	0.0234375
  0.11746	-0.0078125
  0.117551	-0.03125
  0.117642	-0.0390625
  0.117732	-0.0390625
  0.117823	-0.03125
  0.117914	-0.03125
  0.118005	-0.015625
  0.118095	0.0078125
  0.118186	0.015625
  0.118277	0.015625
  0.118367	0.0078125
  0.118458	0
  0.118549	0
  0.118639	0.015625
  0.11873	0.0390625
  0.118821	0.0390625
  0.118912	0.046875
  0.119002	0.0546875
  0.119093	0.0390625
  0.119184	0.03125
  0.119274	0.015625
  0.119365	0.0234375
  0.119456	0.03125
  0.119546	0.046875
  0.119637	0.0625
  0.119728	0.078125
  0.119819	0.0625
  0.119909	0.0390625
  0.12	0.03125
  0.120091	0.03125
  0.120181	0.0390625
  0.120272	0.0546875
  0.120363	0.0625
  0.120454	0.0546875
  0.120544	0.0546875
  0.120635	0.0390625
  0.120726	0.03125
  0.120816	0.0390625
  0.120907	0.03125
  0.120998	0.046875
  0.121088	0.046875
  0.121179	0.0234375
  0.12127	0
  0.121361	0
  0.121451	0
  0.121542	0.0234375
  0.121633	0.046875
  0.121723	0.0546875
  0.121814	0.0546875
  0.121905	0.0546875
  0.121995	0.015625
  0.122086	-0.015625
  0.122177	-0.03125
  0.122268	-0.0234375
  0.122358	0.015625
  0.122449	0.0390625
  0.12254	0.046875
  0.12263	0.046875
  0.122721	0.0625
  0.122812	0.0546875
  0.122902	0.0546875
  0.122993	0.0546875
  0.123084	0.0390625
  0.123175	0.03125
  0.123265	0.03125
  0.123356	0.046875
  0.123447	0.0625
  0.123537	0.046875
  0.123628	0.0390625
  0.123719	0.046875
  0.12381	0.0390625
  0.1239	0.0234375
  0.123991	0.015625
  0.124082	0
  0.124172	0.0078125
  0.124263	0
  0.124354	-0.0078125
  0.124444	0.0078125
  0.124535	0.015625
  0.124626	0.0234375
  0.124717	0.046875
  0.124807	0.046875
  0.124898	0.015625
  0.124989	-0.015625
  0.125079	-0.0234375
  0.12517	-0.03125
  0.125261	-0.03125
  0.125351	-0.0234375
  0.125442	-0.0234375
  0.125533	0.015625
  0.125624	0.046875
  0.125714	0.046875
  0.125805	0.03125
  0.125896	0.03125
  0.125986	0.0390625
  0.126077	0.0390625
  0.126168	0.03125
  0.126258	0.03125
  0.126349	0.0390625
  0.12644	0.046875
  0.126531	0.046875
  0.126621	0.0390625
  0.126712	0.015625
  0.126803	0.0078125
  0.126893	-0.0078125
  0.126984	0
  0.127075	0.015625
  0.127166	0.015625
  0.127256	0.015625
  0.127347	0.03125
  0.127438	0.046875
  0.127528	0.046875
  0.127619	0.0390625
  0.12771	0.03125
  0.1278	0.0390625
  0.127891	0.015625
  0.127982	-0.0078125
  0.128073	-0.0234375
  0.128163	-0.015625
  0.128254	-0.03125
  0.128345	-0.0390625
  0.128435	-0.03125
  0.128526	-0.0234375
  0.128617	0
  0.128707	0.015625
  0.128798	0.015625
  0.128889	0.015625
  0.12898	0.0234375
  0.12907	0.015625
  0.129161	0.0234375
  0.129252	0.015625
  0.129342	0.015625
  0.129433	0.0234375
  0.129524	0.0078125
  0.129615	0
  0.129705	0.015625
  0.129796	0.015625
  0.129887	0.0234375
  0.129977	0.0234375
  0.130068	0.03125
  0.130159	0.03125
  0.130249	0.03125
  0.13034	0.03125
  0.130431	0.0234375
  0.130522	0.03125
  0.130612	0.0390625
  0.130703	0.046875
  0.130794	0.03125
  0.130884	0.0234375
  0.130975	-0.0078125
  0.131066	-0.0234375
  0.131156	-0.03125
  0.131247	-0.0234375
  0.131338	-0.0078125
  0.131429	-0.0078125
  0.131519	0.0078125
  0.13161	0.0390625
  0.131701	0.046875
  0.131791	0.03125
  0.131882	0.0234375
  0.131973	0
  0.132063	-0.015625
  0.132154	-0.0390625
  0.132245	-0.0546875
  0.132336	-0.046875
  0.132426	-0.0390625
  0.132517	-0.03125
  0.132608	-0.03125
  0.132698	-0.03125
  0.132789	-0.0234375
  0.13288	-0.015625
  0.132971	-0.0078125
  0.133061	0.0078125
  0.133152	0.0078125
  0.133243	0.015625
  0.133333	0
  0.133424	0.0078125
  0.133515	0.0234375
  0.133605	0.03125
  0.133696	0.0390625
  0.133787	0.0390625
  0.133878	0.046875
  0.133968	0.0546875
  0.134059	0.046875
  0.13415	0.0390625
  0.13424	0.0546875
  0.134331	0.0546875
  0.134422	0.0625
  0.134512	0.0546875
  0.134603	0.0625
  0.134694	0.0625
  0.134785	0.0625
  0.134875	0.0703125
  0.134966	0.0546875
  0.135057	0.046875
  0.135147	0.0390625
  0.135238	0.0390625
  0.135329	0.046875
  0.135419	0.046875
  0.13551	0.0390625
  0.135601	0.0390625
  0.135692	0.046875
  0.135782	0.0546875
  0.135873	0.0390625
  0.135964	0.03125
  0.136054	0.0234375
  0.136145	0.0234375
  0.136236	0.046875
  0.136327	0.0625
  0.136417	0.0625
  0.136508	0.0703125
  0.136599	0.078125
  0.136689	0.078125
  0.13678	0.0546875
  0.136871	0.0390625
  0.136961	0.046875
  0.137052	0.046875
  0.137143	0.0234375
  0.137234	0.0078125
  0.137324	0.0078125
  0.137415	0
  0.137506	0
  0.137596	0.0078125
  0.137687	0.0234375
  0.137778	0.0078125
  0.137868	-0.0078125
  0.137959	0.0078125
  0.13805	0.0078125
  0.138141	0.0234375
  0.138231	0.0234375
  0.138322	0.0234375
  0.138413	0
  0.138503	-0.03125
  0.138594	-0.0546875
  0.138685	-0.0546875
  0.138776	-0.03125
  0.138866	-0.0234375
  0.138957	-0.0078125
  0.139048	0.0234375
  0.139138	0.0234375
  0.139229	-0.0078125
  0.13932	-0.0234375
  0.13941	-0.03125
  0.139501	-0.0390625
  0.139592	-0.0390625
  0.139683	-0.0234375
  0.139773	-0.0078125
  0.139864	0.0234375
  0.139955	0.03125
  0.140045	0.0390625
  0.140136	0.03125
  0.140227	0
  0.140317	-0.015625
  0.140408	-0.0390625
  0.140499	-0.0390625
  0.14059	-0.015625
  0.14068	-0.0078125
  0.140771	0.015625
  0.140862	0.0546875
  0.140952	0.046875
  0.141043	0.03125
  0.141134	0.015625
  0.141224	0
  0.141315	-0.015625
  0.141406	-0.0234375
  0.141497	-0.015625
  0.141587	0.0078125
  0.141678	0.03125
  0.141769	0.0546875
  0.141859	0.046875
  0.14195	0.0234375
  0.142041	0.0078125
  0.142132	-0.015625
  0.142222	-0.015625
  0.142313	-0.015625
  0.142404	0
  0.142494	0.0234375
  0.142585	0.0234375
  0.142676	0.03125
  0.142766	0.0390625
  0.142857	0.0234375
  0.142948	0.0078125
  0.143039	-0.0078125
  0.143129	0
  0.14322	0.0234375
  0.143311	0.0390625
  0.143401	0.0390625
  0.143492	0.046875
  0.143583	0.0703125
  0.143673	0.0625
  0.143764	0.03125
  0.143855	0.046875
  0.143946	0.0703125
  0.144036	0.0859375
  0.144127	0.09375
  0.144218	0.109375
  0.144308	0.09375
  0.144399	0.132812
  0.14449	0.132812
  0.144581	0.132812
  0.144671	0.125
  0.144762	0.078125
  0.144853	0.0703125
  0.144943	0.0703125
  0.145034	0.078125
  0.145125	0.0546875
  0.145215	0.0546875
  0.145306	0.0703125
  0.145397	0.0703125
  0.145488	0.078125
  0.145578	0.0390625
  0.145669	0.03125
  0.14576	0.046875
  0.14585	0.046875
  0.145941	0.03125
  0.146032	0.0078125
  0.146122	-0.0078125
  0.146213	-0.0234375
  0.146304	-0.0390625
  0.146395	-0.0546875
  0.146485	-0.015625
  0.146576	0.0234375
  0.146667	0.0078125
  0.146757	0.015625
  0.146848	0
  0.146939	-0.03125
  0.147029	-0.0546875
  0.14712	-0.0546875
  0.147211	-0.0390625
  0.147302	-0.0078125
  0.147392	0.046875
  0.147483	0.0703125
  0.147574	0.0546875
  0.147664	0.0234375
  0.147755	-0.0703125
  0.147846	-0.125
  0.147937	-0.171875
  0.148027	-0.195312
  0.148118	-0.101562
  0.148209	0.0390625
  0.148299	0.1875
  0.14839	0.304688
  0.148481	0.34375
  0.148571	0.320312
  0.148662	0.289062
  0.148753	0.21875
  0.148844	0.09375
  0.148934	0.015625
  0.149025	0.0078125
  0.149116	-0.0390625
  0.149206	-0.078125
  0.149297	-0.101562
  0.149388	-0.15625
  0.149478	-0.164062
  0.149569	-0.132812
  0.14966	-0.101562
  0.149751	0
  0.149841	0.109375
  0.149932	0.210938
  0.150023	0.25
  0.150113	0.21875
  0.150204	0.132812
  0.150295	0.03125
  0.150385	-0.078125
  0.150476	-0.210938
  0.150567	-0.28125
  0.150658	-0.289062
  0.150748	-0.242188
  0.150839	-0.179688
  0.15093	-0.210938
  0.15102	-0.257812
  0.151111	-0.234375
  0.151202	-0.164062
  0.151293	-0.0625
  0.151383	0.0234375
  0.151474	0.117188
  0.151565	0.171875
  0.151655	0.164062
  0.151746	0.0703125
  0.151837	-0.03125
  0.151927	-0.0703125
  0.152018	-0.0703125
  0.152109	-0.0625
  0.1522	-0.0234375
  0.15229	0.0390625
  0.152381	0.0859375
  0.152472	0.132812
  0.152562	0.109375
  0.152653	0.0234375
  0.152744	-0.0546875
  0.152834	-0.234375
  0.152925	-0.351562
  0.153016	-0.296875
  0.153107	-0.164062
  0.153197	0.0234375
  0.153288	0.257812
  0.153379	0.445312
  0.153469	0.515625
  0.15356	0.515625
  0.153651	0.398438
  0.153742	0.234375
  0.153832	0.15625
  0.153923	0.078125
  0.154014	-0.03125
  0.154104	-0.046875
  0.154195	-0.0625
  0.154286	-0.15625
  0.154376	-0.203125
  0.154467	-0.21875
  0.154558	-0.242188
  0.154649	-0.15625
  0.154739	-0.0078125
  0.15483	0.15625
  0.154921	0.328125
  0.155011	0.4375
  0.155102	0.421875
  0.155193	0.375
  0.155283	0.265625
  0.155374	0.078125
  0.155465	-0.0546875
  0.155556	-0.148438
  0.155646	-0.226562
  0.155737	-0.242188
  0.155828	-0.226562
  0.155918	-0.203125
  0.156009	-0.164062
  0.1561	-0.0546875
  0.15619	0.0078125
  0.156281	0.015625
  0.156372	0.0390625
  0.156463	0.0625
  0.156553	0.09375
  0.156644	0.132812
  0.156735	0.164062
  0.156825	0.15625
  0.156916	0.164062
  0.157007	0.148438
  0.157098	0.0390625
  0.157188	-0.0703125
  0.157279	-0.101562
  0.15737	-0.21875
  0.15746	-0.171875
  0.157551	-0.09375
  0.157642	-0.0625
  0.157732	0.046875
  0.157823	0.125
  0.157914	0.171875
  0.158005	0.164062
  0.158095	0.195312
  0.158186	0.101562
  0.158277	0.03125
  0.158367	-0.0234375
  0.158458	-0.21875
  0.158549	-0.257812
  0.158639	-0.242188
  0.15873	-0.234375
  0.158821	-0.117188
  0.158912	0.117188
  0.159002	0.226562
  0.159093	0.335938
  0.159184	0.46875
  0.159274	0.40625
  0.159365	0.359375
  0.159456	0.3125
  0.159546	0.179688
  0.159637	0.078125
  0.159728	0.03125
  0.159819	-0.078125
  0.159909	-0.15625
  0.16	-0.171875
  0.160091	-0.226562
  0.160181	-0.25
  0.160272	-0.21875
  0.160363	-0.125
  0.160454	-0.0234375
  0.160544	0.117188
  0.160635	0.226562
  0.160726	0.265625
  0.160816	0.289062
  0.160907	0.265625
  0.160998	0.195312
  0.161088	0.0703125
  0.161179	-0.015625
  0.16127	-0.148438
  0.161361	-0.273438
  0.161451	-0.296875
  0.161542	-0.273438
  0.161633	-0.164062
  0.161723	-0.0859375
  0.161814	-0.0546875
  0.161905	-0.0546875
  0.161995	-0.046875
  0.162086	-0.03125
  0.162177	-0.0078125
  0.162268	0.0390625
  0.162358	0.109375
  0.162449	0.125
  0.16254	0.125
  0.16263	0.0546875
  0.162721	-0.03125
  0.162812	-0.0703125
  0.162902	-0.0625
  0.162993	0.03125
  0.163084	-0.0546875
  0.163175	0
  0.163265	-0.0078125
  0.163356	0.0078125
  0.163447	0.015625
  0.163537	-0.0234375
  0.163628	-0.046875
  0.163719	-0.195312
  0.16381	-0.164062
  0.1639	-0.210938
  0.163991	-0.15625
  0.164082	-0.078125
  0.164172	0.0546875
  0.164263	0.21875
  0.164354	0.351562
  0.164444	0.429688
  0.164535	0.34375
  0.164626	0.304688
  0.164717	0.21875
  0.164807	0.101562
  0.164898	0
  0.164989	-0.078125
  0.165079	-0.0859375
  0.16517	-0.132812
  0.165261	-0.132812
  0.165351	-0.164062
  0.165442	-0.1875
  0.165533	-0.1875
  0.165624	-0.140625
  0.165714	-0.0546875
  0.165805	0.0390625
  0.165896	0.164062
  0.165986	0.289062
  0.166077	0.390625
  0.166168	0.320312
  0.166259	0.234375
  0.166349	0.140625
  0.16644	0.015625
  0.166531	-0.109375
  0.166621	-0.21875
  0.166712	-0.25
  0.166803	-0.257812
  0.166893	-0.171875
  0.166984	-0.109375
  0.167075	-0.0546875
  0.167166	0
  0.167256	0.0234375
  0.167347	0.0625
  0.167438	0.101562
  0.167528	0.140625
  0.167619	0.179688
  0.16771	0.226562
  0.1678	0.226562
  0.167891	0.171875
  0.167982	0.101562
  0.168073	0.015625
  0.168163	-0.0625
  0.168254	-0.125
  0.168345	-0.148438
  0.168435	-0.109375
  0.168526	-0.0546875
  0.168617	0.0078125
  0.168707	0.09375
  0.168798	0.125
  0.168889	0.0546875
  0.16898	0.0703125
  0.16907	0.0625
  0.169161	-0.125
  0.169252	-0.25
  0.169342	-0.257812
  0.169433	-0.28125
  0.169524	-0.15625
  0.169615	0.0625
  0.169705	0.179688
  0.169796	0.304688
  0.169887	0.46875
  0.169977	0.453125
  0.170068	0.382812
  0.170159	0.296875
  0.170249	0.132812
  0.17034	0.0390625
  0.170431	0.03125
  0.170522	-0.078125
  0.170612	-0.15625
  0.170703	-0.125
  0.170794	-0.179688
  0.170884	-0.242188
  0.170975	-0.21875
  0.171066	-0.21875
  0.171156	-0.148438
  0.171247	-0.0078125
  0.171338	0.0859375
  0.171429	0.203125
  0.171519	0.351562
  0.17161	0.414062
  0.171701	0.421875
  0.171791	0.335938
  0.171882	0.15625
  0.171973	-0.03125
  0.172063	-0.15625
  0.172154	-0.28125
  0.172245	-0.351562
  0.172336	-0.320312
  0.172426	-0.289062
  0.172517	-0.210938
  0.172608	-0.125
  0.172698	-0.0546875
  0.172789	-0.0078125
  0.17288	0.0546875
  0.172971	0.0859375
  0.173061	0.09375
  0.173152	0.132812
  0.173243	0.140625
  0.173333	0.15625
  0.173424	0.132812
  0.173515	0.0625
  0.173605	-0.0078125
  0.173696	-0.0859375
  0.173787	-0.15625
  0.173878	-0.148438
  0.173968	-0.125
  0.174059	-0.164062
  0.17415	-0.148438
  0.17424	-0.0859375
  0.174331	-0.046875
  0.174422	0.0546875
  0.174512	0.109375
  0.174603	0.164062
  0.174694	0.21875
  0.174785	0.234375
  0.174875	0.203125
  0.174966	0.1875
  0.175057	0.109375
  0.175147	-0.0234375
  0.175238	-0.125
  0.175329	-0.125
  0.17542	-0.164062
  0.17551	-0.140625
  0.175601	-0.101562
  0.175692	-0.132812
  0.175782	-0.078125
  0.175873	-0.046875
  0.175964	-0.0234375
  0.176054	0
  0.176145	0.0546875
  0.176236	0.109375
  0.176327	0.1875
  0.176417	0.257812
  0.176508	0.28125
  0.176599	0.28125
  0.176689	0.25
  0.17678	0.179688
  0.176871	0.09375
  0.176961	0
  0.177052	-0.09375
  0.177143	-0.132812
  0.177234	-0.148438
  0.177324	-0.179688
  0.177415	-0.171875
  0.177506	-0.140625
  0.177596	-0.109375
  0.177687	-0.0625
  0.177778	-0.0234375
  0.177868	0.0078125
  0.177959	0.0625
  0.17805	0.132812
  0.178141	0.140625
  0.178231	0.1875
  0.178322	0.210938
  0.178413	0.1875
  0.178503	0.15625
  0.178594	0.117188
  0.178685	0.0703125
  0.178776	-0.0078125
  0.178866	-0.078125
  0.178957	-0.125
  0.179048	-0.1875
  0.179138	-0.179688
  0.179229	-0.140625
  0.17932	-0.0859375
  0.17941	-0.015625
  0.179501	0.0625
  0.179592	0.109375
  0.179683	0.203125
  0.179773	0.257812
  0.179864	0.25
  0.179955	0.210938
  0.180045	0.15625
  0.180136	0.140625
  0.180227	0.101562
  0.180317	0.0859375
  0.180408	0.03125
  0.180499	-0.0546875
  0.18059	-0.09375
  0.18068	-0.179688
  0.180771	-0.242188
  0.180862	-0.25
  0.180952	-0.226562
  0.181043	-0.171875
  0.181134	-0.0390625
  0.181224	0.132812
  0.181315	0.203125
  0.181406	0.328125
  0.181497	0.390625
  0.181587	0.375
  0.181678	0.34375
  0.181769	0.320312
  0.181859	0.203125
  0.18195	0.117188
  0.182041	0.0625
  0.182132	-0.0078125
  0.182222	-0.0625
  0.182313	-0.0625
  0.182404	-0.117188
  0.182494	-0.171875
  0.182585	-0.15625
  0.182676	-0.171875
  0.182766	-0.203125
  0.182857	-0.15625
  0.182948	-0.117188
  0.183039	-0.078125
  0.183129	0.0234375
  0.18322	0.117188
  0.183311	0.15625
  0.183401	0.1875
  0.183492	0.195312
  0.183583	0.148438
  0.183673	0.101562
  0.183764	0.046875
  0.183855	-0.046875
  0.183946	-0.109375
  0.184036	-0.15625
  0.184127	-0.164062
  0.184218	-0.179688
  0.184308	-0.195312
  0.184399	-0.1875
  0.18449	-0.15625
  0.184581	-0.117188
  0.184671	-0.101562
  0.184762	-0.015625
  0.184853	0.03125
  0.184943	0.0859375
  0.185034	0.15625
  0.185125	0.21875
  0.185215	0.226562
  0.185306	0.195312
  0.185397	0.179688
  0.185488	0.117188
  0.185578	0.078125
  0.185669	0.0234375
  0.18576	-0.046875
  0.18585	-0.0625
  0.185941	-0.0703125
  0.186032	-0.0703125
  0.186122	-0.046875
  0.186213	-0.015625
  0.186304	-0.0078125
  0.186395	0.0625
  0.186485	0.125
  0.186576	0.148438
  0.186667	0.125
  0.186757	0.09375
  0.186848	0.015625
  0.186939	-0.0390625
  0.187029	-0.0625
  0.18712	-0.140625
  0.187211	-0.117188
  0.187302	-0.101562
  0.187392	-0.0546875
  0.187483	0.0859375
  0.187574	0.179688
  0.187664	0.226562
  0.187755	0.273438
  0.187846	0.28125
  0.187937	0.171875
  0.188027	0.0859375
  0.188118	0.03125
  0.188209	-0.078125
  0.188299	-0.0703125
  0.18839	-0.078125
  0.188481	-0.109375
  0.188571	-0.125
  0.188662	-0.125
  0.188753	-0.21875
  0.188844	-0.234375
  0.188934	-0.226562
  0.189025	-0.242188
  0.189116	-0.210938
  0.189206	-0.15625
  0.189297	-0.117188
  0.189388	-0.078125
  0.189478	0.0234375
  0.189569	0.0703125
  0.18966	0.125
  0.189751	0.15625
  0.189841	0.148438
  0.189932	0.109375
  0.190023	0.101562
  0.190113	0.101562
  0.190204	0.0234375
  0.190295	0
  0.190385	-0.0234375
  0.190476	-0.0625
  0.190567	-0.0703125
  0.190658	-0.117188
  0.190748	-0.117188
  0.190839	-0.09375
  0.19093	-0.046875
  0.19102	0.015625
  0.191111	0.09375
  0.191202	0.148438
  0.191293	0.210938
  0.191383	0.242188
  0.191474	0.25
  0.191565	0.242188
  0.191655	0.25
  0.191746	0.242188
  0.191837	0.21875
  0.191927	0.179688
  0.192018	0.109375
  0.192109	0.0859375
  0.1922	0.0859375
  0.19229	0.0859375
  0.192381	0.132812
  0.192472	0.0546875
  0.192562	-0.015625
  0.192653	-0.078125
  0.192744	-0.21875
  0.192834	-0.304688
  0.192925	-0.3125
  0.193016	-0.273438
  0.193107	-0.265625
  0.193197	-0.015625
  0.193288	0.148438
  0.193379	0.21875
  0.193469	0.398438
  0.19356	0.484375
  0.193651	0.382812
  0.193742	0.375
  0.193832	0.375
  0.193923	0.171875
  0.194014	0.09375
  0.194104	0.132812
  0.194195	-0.0078125
  0.194286	-0.046875
  0.194376	0.0078125
  0.194467	-0.0859375
  0.194558	-0.1875
  0.194649	-0.15625
  0.194739	-0.234375
  0.19483	-0.304688
  0.194921	-0.226562
  0.195011	-0.21875
  0.195102	-0.210938
  0.195193	-0.0859375
  0.195283	0.0078125
  0.195374	0.0625
  0.195465	0.179688
  0.195556	0.226562
  0.195646	0.242188
  0.195737	0.257812
  0.195828	0.171875
  0.195918	0.101562
  0.196009	0.0703125
  0.1961	0.0078125
  0.19619	0.015625
  0.196281	-0.0078125
  0.196372	0.0078125
  0.196463	-0.0703125
  0.196553	-0.109375
  0.196644	-0.15625
  0.196735	-0.242188
  0.196825	-0.171875
  0.196916	-0.179688
  0.197007	-0.125
  0.197098	-0.0234375
  0.197188	0.0703125
  0.197279	0.109375
  0.19737	0.171875
  0.19746	0.210938
  0.197551	0.195312
  0.197642	0.203125
  0.197732	0.226562
  0.197823	0.164062
  0.197914	0.148438
  0.198005	0.140625
  0.198095	0.0859375
  0.198186	0.0546875
  0.198277	0.0234375
  0.198367	-0.0625
  0.198458	-0.101562
  0.198549	-0.109375
  0.198639	-0.117188
  0.19873	-0.0703125
  0.198821	-0.0078125
  0.198912	0.0078125
  0.199002	0.0390625
  0.199093	0.0703125
  0.199184	0.046875
  0.199274	0.078125
  0.199365	0.0625
  0.199456	-0.0703125
  0.199546	-0.09375
  0.199637	-0.132812
  0.199728	-0.242188
  0.199819	-0.296875
  0.199909	-0.195312
  0.2	-0.210938
  0.200091	-0.125
  0.200181	0.109375
  0.200272	0.109375
  0.200363	0.1875
  0.200454	0.328125
  0.200544	0.257812
  0.200635	0.164062
  0.200726	0.226562
  0.200816	0.125
  0.200907	-0.0078125
  0.200998	0.0234375
  0.201088	-0.0390625
  0.201179	-0.15625
  0.20127	-0.117188
  0.201361	-0.117188
  0.201451	-0.203125
  0.201542	-0.164062
  0.201633	-0.164062
  0.201723	-0.257812
  0.201814	-0.226562
  0.201905	-0.195312
  0.201995	-0.179688
  0.202086	-0.0859375
  0.202177	0
  0.202268	0.0859375
  0.202358	0.1875
  0.202449	0.203125
  0.20254	0.195312
  0.20263	0.21875
  0.202721	0.171875
  0.202812	0.109375
  0.202902	0.09375
  0.202993	0.0625
  0.203084	0.0078125
  0.203175	-0.015625
  0.203265	0.046875
  0.203356	-0.0546875
  0.203447	-0.0390625
  0.203537	-0.03125
  0.203628	-0.0703125
  0.203719	-0.046875
  0.20381	-0.015625
  0.2039	0.0390625
  0.203991	0.0703125
  0.204082	0.195312
  0.204172	0.234375
  0.204263	0.226562
  0.204354	0.265625
  0.204444	0.265625
  0.204535	0.210938
  0.204626	0.195312
  0.204717	0.171875
  0.204807	0.109375
  0.204898	0.0703125
  0.204989	0.0390625
  0.205079	0
  0.20517	-0.0078125
  0.205261	-0.0078125
  0.205351	-0.015625
  0.205442	-0.0390625
  0.205533	-0.0234375
  0.205624	0.0234375
  0.205714	0.0390625
  0.205805	0.078125
  0.205896	0.132812
  0.205986	0.164062
  0.206077	0.179688
  0.206168	0.15625
  0.206259	0.140625
  0.206349	0.101562
  0.20644	0.0625
  0.206531	0.015625
  0.206621	-0.0078125
  0.206712	-0.132812
  0.206803	-0.171875
  0.206893	-0.195312
  0.206984	-0.296875
  0.207075	-0.28125
  0.207166	-0.203125
  0.207256	-0.195312
  0.207347	-0.140625
  0.207438	0.0546875
  0.207528	0.109375
  0.207619	0.164062
  0.20771	0.289062
  0.2078	0.289062
  0.207891	0.210938
  0.207982	0.25
  0.208073	0.210938
  0.208163	0.09375
  0.208254	0.0625
  0.208345	0.0078125
  0.208435	-0.101562
  0.208526	-0.117188
  0.208617	-0.148438
  0.208707	-0.1875
  0.208798	-0.195312
  0.208889	-0.195312
  0.20898	-0.25
  0.20907	-0.234375
  0.209161	-0.226562
  0.209252	-0.21875
  0.209342	-0.15625
  0.209433	-0.09375
  0.209524	-0.0078125
  0.209615	0.0859375
  0.209705	0.132812
  0.209796	0.140625
  0.209887	0.171875
  0.209977	0.164062
  0.210068	0.132812
  0.210159	0.125
  0.210249	0.125
  0.21034	0.0859375
  0.210431	0.078125
  0.210522	0.09375
  0.210612	0.0703125
  0.210703	0.0625
  0.210794	0.0625
  0.210884	0.03125
  0.210975	0.0078125
  0.211066	-0.0078125
  0.211156	0
  0.211247	-0.015625
  0.211338	0.0078125
  0.211429	0.0546875
  0.211519	0.0859375
  0.21161	0.148438
  0.211701	0.203125
  0.211791	0.257812
  0.211882	0.25
  0.211973	0.234375
  0.212063	0.21875
  0.212154	0.148438
  0.212245	0.09375
  0.212336	0.0625
  0.212426	0
  0.212517	-0.0234375
  0.212608	-0.046875
  0.212698	-0.0625
  0.212789	-0.078125
  0.21288	-0.109375
  0.212971	-0.101562
  0.213061	-0.09375
  0.213152	-0.101562
  0.213243	-0.0703125
  0.213333	-0.046875
  0.213424	-0.0078125
  0.213515	0.015625
  0.213605	0.0546875
  0.213696	0.0546875
  0.213787	0.03125
  0.213878	0.03125
  0.213968	0.0078125
  0.214059	-0.0234375
  0.21415	-0.0234375
  0.21424	-0.078125
  0.214331	-0.148438
  0.214422	-0.164062
  0.214512	-0.234375
  0.214603	-0.296875
  0.214694	-0.257812
  0.214785	-0.195312
  0.214875	-0.195312
  0.214966	-0.03125
  0.215057	0.0859375
  0.215147	0.101562
  0.215238	0.21875
  0.215329	0.328125
  0.21542	0.28125
  0.21551	0.289062
  0.215601	0.3125
  0.215692	0.210938
  0.215782	0.171875
  0.215873	0.1875
  0.215964	0.09375
  0.216054	0.03125
  0.216145	0.03125
  0.216236	-0.046875
  0.216327	-0.117188
  0.216417	-0.164062
  0.216508	-0.226562
  0.216599	-0.265625
  0.216689	-0.25
  0.21678	-0.21875
  0.216871	-0.15625
  0.216961	-0.117188
  0.217052	-0.078125
  0.217143	-0.0234375
  0.217234	0.0625
  0.217324	0.109375
  0.217415	0.15625
  0.217506	0.171875
  0.217596	0.148438
  0.217687	0.140625
  0.217778	0.109375
  0.217868	0.109375
  0.217959	0.101562
  0.21805	0.078125
  0.218141	0.0703125
  0.218231	0.046875
  0.218322	0.015625
  0.218413	0
  0.218503	-0.03125
  0.218594	-0.078125
  0.218685	-0.0703125
  0.218776	-0.0546875
  0.218866	-0.078125
  0.218957	-0.0390625
  0.219048	0
  0.219138	0.015625
  0.219229	0.03125
  0.21932	0.09375
  0.21941	0.0859375
  0.219501	0.0703125
  0.219592	0.148438
  0.219683	0.171875
  0.219773	0.195312
  0.219864	0.210938
  0.219955	0.226562
  0.220045	0.195312
  0.220136	0.148438
  0.220227	0.117188
  0.220317	0.046875
  0.220408	-0.0078125
  0.220499	-0.0546875
  0.22059	-0.0703125
  0.22068	-0.09375
  0.220771	-0.09375
  0.220862	-0.0703125
  0.220952	-0.0625
  0.221043	-0.0546875
  0.221134	-0.015625
  0.221224	0.015625
  0.221315	0.0703125
  0.221406	0.101562
  0.221497	0.0859375
  0.221587	0.09375
  0.221678	0.109375
  0.221769	0.125
  0.221859	0.109375
  0.22195	0.0234375
  0.222041	-0.0390625
  0.222132	-0.101562
  0.222222	-0.242188
  0.222313	-0.335938
  0.222404	-0.3125
  0.222494	-0.3125
  0.222585	-0.265625
  0.222676	-0.0546875
  0.222766	0.046875
  0.222857	0.15625
  0.222948	0.320312
  0.223039	0.382812
  0.223129	0.359375
  0.22322	0.382812
  0.223311	0.359375
  0.223401	0.25
  0.223492	0.21875
  0.223583	0.195312
  0.223673	0.125
  0.223764	0.078125
  0.223855	0.046875
  0.223946	-0.0078125
  0.224036	-0.0703125
  0.224127	-0.148438
  0.224218	-0.234375
  0.224308	-0.296875
  0.224399	-0.320312
  0.22449	-0.3125
  0.22458	-0.265625
  0.224671	-0.203125
  0.224762	-0.117188
  0.224853	-0.046875
  0.224943	0.03125
  0.225034	0.09375
  0.225125	0.117188
  0.225215	0.125
  0.225306	0.09375
  0.225397	0.0625
  0.225488	0.0703125
  0.225578	0.0859375
  0.225669	0.0703125
  0.22576	0.078125
  0.22585	0.09375
  0.225941	0.0859375
  0.226032	0.0703125
  0.226122	0.046875
  0.226213	0.015625
  0.226304	-0.03125
  0.226395	-0.078125
  0.226485	-0.109375
  0.226576	-0.148438
  0.226667	-0.140625
  0.226757	-0.09375
  0.226848	-0.0625
  0.226939	-0.0078125
  0.227029	0.0703125
  0.22712	0.125
  0.227211	0.140625
  0.227302	0.164062
  0.227392	0.195312
  0.227483	0.210938
  0.227574	0.210938
  0.227664	0.203125
  0.227755	0.179688
  0.227846	0.140625
  0.227937	0.117188
  0.228027	0.109375
  0.228118	0.0546875
  0.228209	-0.0078125
  0.228299	-0.0390625
  0.22839	-0.0859375
  0.228481	-0.101562
  0.228571	-0.101562
  0.228662	-0.109375
  0.228753	-0.101562
  0.228844	-0.0625
  0.228934	-0.015625
  0.229025	-0.0078125
  0.229116	-0.0078125
  0.229206	0.0234375
  0.229297	0.03125
  0.229388	0.03125
  0.229478	0.0625
  0.229569	0.0625
  0.22966	0.046875
  0.229751	0.0546875
  0.229841	0.046875
  0.229932	0.0390625
  0.230023	-0.0078125
  0.230113	-0.117188
  0.230204	-0.132812
  0.230295	-0.234375
  0.230385	-0.382812
  0.230476	-0.367188
  0.230567	-0.34375
  0.230658	-0.359375
  0.230748	-0.195312
  0.230839	-0.015625
  0.23093	0.078125
  0.23102	0.226562
  0.231111	0.367188
  0.231202	0.390625
  0.231293	0.382812
  0.231383	0.390625
  0.231474	0.34375
  0.231565	0.25
  0.231655	0.1875
  0.231746	0.15625
  0.231837	0.0859375
  0.231927	0.0390625
  0.232018	0.0078125
  0.232109	-0.078125
  0.2322	-0.15625
  0.23229	-0.203125
  0.232381	-0.257812
  0.232472	-0.289062
  0.232562	-0.289062
  0.232653	-0.28125
  0.232744	-0.21875
  0.232834	-0.148438
  0.232925	-0.0625
  0.233016	0.0625
  0.233107	0.140625
  0.233197	0.171875
  0.233288	0.195312
  0.233379	0.195312
  0.233469	0.164062
  0.23356	0.171875
  0.233651	0.179688
  0.233741	0.179688
  0.233832	0.179688
  0.233923	0.171875
  0.234014	0.148438
  0.234104	0.117188
  0.234195	0.09375
  0.234286	0.046875
  0.234376	-0.0234375
  0.234467	-0.0625
  0.234558	-0.0546875
  0.234649	-0.101562
  0.234739	-0.132812
  0.23483	-0.0703125
  0.234921	-0.015625
  0.235011	-0.03125
  0.235102	0.0234375
  0.235193	0.0546875
  0.235283	0.09375
  0.235374	0.117188
  0.235465	0.140625
  0.235556	0.164062
  0.235646	0.15625
  0.235737	0.195312
  0.235828	0.210938
  0.235918	0.195312
  0.236009	0.15625
  0.2361	0.140625
  0.23619	0.0625
  0.236281	-0.0234375
  0.236372	-0.078125
  0.236463	-0.132812
  0.236553	-0.171875
  0.236644	-0.171875
  0.236735	-0.15625
  0.236825	-0.140625
  0.236916	-0.125
  0.237007	-0.09375
  0.237098	-0.046875
  0.237188	-0.0390625
  0.237279	-0.0234375
  0.23737	-0.0078125
  0.23746	-0.0078125
  0.237551	0.015625
  0.237642	0.0390625
  0.237732	0.046875
  0.237823	0.0390625
  0.237914	0.0390625
  0.238005	-0.0078125
  0.238095	-0.03125
  0.238186	-0.046875
  0.238277	-0.0390625
  0.238367	-0.0625
  0.238458	-0.171875
  0.238549	-0.164062
  0.238639	-0.179688
  0.23873	-0.3125
  0.238821	-0.3125
  0.238912	-0.242188
  0.239002	-0.25
  0.239093	-0.109375
  0.239184	0.0546875
  0.239274	0.109375
  0.239365	0.25
  0.239456	0.359375
  0.239546	0.375
  0.239637	0.351562
  0.239728	0.320312
  0.239819	0.304688
  0.239909	0.234375
  0.24	0.15625
  0.240091	0.15625
  0.240181	0.125
  0.240272	0.0703125
  0.240363	0.046875
  0.240454	-0.046875
  0.240544	-0.140625
  0.240635	-0.1875
  0.240726	-0.28125
  0.240816	-0.296875
  0.240907	-0.242188
  0.240998	-0.210938
  0.241088	-0.117188
  0.241179	-0.0390625
  0.24127	0
  0.241361	0.117188
  0.241451	0.148438
  0.241542	0.148438
  0.241633	0.195312
  0.241723	0.171875
  0.241814	0.140625
  0.241905	0.140625
  0.241995	0.132812
  0.242086	0.164062
  0.242177	0.15625
  0.242268	0.09375
  0.242358	0.0859375
  0.242449	0.0546875
  0.24254	-0.015625
  0.24263	-0.0390625
  0.242721	-0.0859375
  0.242812	-0.101562
  0.242902	-0.0625
  0.242993	-0.09375
  0.243084	-0.0859375
  0.243175	0.0078125
  0.243265	0.046875
  0.243356	0.0546875
  0.243447	0.078125
  0.243537	0.078125
  0.243628	0.101562
  0.243719	0.0703125
  0.24381	0.0859375
  0.2439	0.140625
  0.243991	0.109375
  0.244082	0.132812
  0.244172	0.164062
  0.244263	0.148438
  0.244354	0.148438
  0.244444	0.125
  0.244535	0.0546875
  0.244626	0.015625
  0.244717	-0.0234375
  0.244807	-0.0625
  0.244898	-0.0703125
  0.244989	-0.09375
  0.245079	-0.0625
  0.24517	-0.03125
  0.245261	-0.03125
  0.245351	-0.015625
  0.245442	0.015625
  0.245533	0.0078125
  0.245624	0
  0.245714	-0.0078125
  0.245805	0.0078125
  0.245896	0.0625
  0.245986	0.0625
  0.246077	0.0625
  0.246168	0.078125
  0.246258	0.078125
  0.246349	0.0703125
  0.24644	0.078125
  0.246531	0.046875
  0.246621	0.015625
  0.246712	-0.03125
  0.246803	-0.0390625
  0.246893	0.015625
  0.246984	0.0625
  0.247075	-0.0625
  0.247166	-0.148438
  0.247256	-0.132812
  0.247347	-0.242188
  0.247438	-0.3125
  0.247528	-0.257812
  0.247619	-0.15625
  0.24771	-0.0078125
  0.2478	0.203125
  0.247891	0.273438
  0.247982	0.414062
  0.248073	0.515625
  0.248163	0.445312
  0.248254	0.359375
  0.248345	0.242188
  0.248435	0.164062
  0.248526	0.0859375
  0.248617	-0.0234375
  0.248707	-0.0546875
  0.248798	-0.0546875
  0.248889	-0.140625
  0.24898	-0.234375
  0.24907	-0.34375
  0.249161	-0.453125
  0.249252	-0.4375
  0.249342	-0.476562
  0.249433	-0.4375
  0.249524	-0.179688
  0.249615	-0.0390625
  0.249705	0.0703125
  0.249796	0.25
  0.249887	0.304688
  0.249977	0.304688
  0.250068	0.265625
  0.250159	0.117188
  0.250249	0.03125
  0.25034	-0.015625
  0.250431	-0.109375
  0.250522	-0.109375
  0.250612	-0.132812
  0.250703	-0.140625
  0.250794	-0.140625
  0.250884	-0.265625
  0.250975	-0.304688
  0.251066	-0.257812
  0.251156	-0.296875
  0.251247	-0.226562
  0.251338	-0.0703125
  0.251429	0.0703125
  0.251519	0.242188
  0.25161	0.296875
  0.251701	0.335938
  0.251791	0.414062
  0.251882	0.3125
  0.251973	0.195312
  0.252063	0.132812
  0.252154	0.0390625
  0.252245	-0.0234375
  0.252336	-0.0703125
  0.252426	-0.109375
  0.252517	-0.0859375
  0.252608	-0.09375
  0.252698	-0.140625
  0.252789	-0.101562
  0.25288	-0.0625
  0.252971	-0.015625
  0.253061	0.046875
  0.253152	0.101562
  0.253243	0.210938
  0.253333	0.265625
  0.253424	0.25
  0.253515	0.257812
  0.253605	0.21875
  0.253696	0.140625
  0.253787	0.0625
  0.253878	-0.03125
  0.253968	-0.0703125
  0.254059	-0.078125
  0.25415	-0.109375
  0.25424	-0.09375
  0.254331	-0.0390625
  0.254422	-0.0234375
  0.254512	-0.0078125
  0.254603	0.0078125
  0.254694	0.0078125
  0.254785	0.03125
  0.254875	0.0390625
  0.254966	0.046875
  0.255057	0.0703125
  0.255147	0.0625
  0.255238	0.046875
  0.255329	0.0390625
  0.25542	-0.0234375
  0.25551	-0.0703125
  0.255601	-0.0703125
  0.255692	-0.0859375
  0.255782	-0.046875
  0.255873	0.0234375
  0.255964	0.0234375
  0.256054	-0.125
  0.256145	-0.15625
  0.256236	-0.117188
  0.256327	-0.1875
  0.256417	-0.164062
  0.256508	0.0078125
  0.256599	0.179688
  0.256689	0.328125
  0.25678	0.460938
  0.256871	0.523438
  0.256961	0.5
  0.257052	0.351562
  0.257143	0.226562
  0.257234	0.117188
  0.257324	-0.03125
  0.257415	-0.09375
  0.257506	-0.140625
  0.257596	-0.1875
  0.257687	-0.132812
  0.257778	-0.148438
  0.257868	-0.234375
  0.257959	-0.1875
  0.25805	-0.117188
  0.258141	-0.09375
  0.258231	-0.0078125
  0.258322	0.132812
  0.258413	0.335938
  0.258503	0.4375
  0.258594	0.4375
  0.258685	0.460938
  0.258776	0.335938
  0.258866	0.148438
  0.258957	0.03125
  0.259048	-0.132812
  0.259138	-0.25
  0.259229	-0.226562
  0.25932	-0.273438
  0.25941	-0.234375
  0.259501	-0.148438
  0.259592	-0.164062
  0.259683	-0.148438
  0.259773	-0.0703125
  0.259864	0.015625
  0.259955	0.125
  0.260045	0.226562
  0.260136	0.359375
  0.260227	0.492188
  0.260317	0.460938
  0.260408	0.390625
  0.260499	0.28125
  0.26059	0.109375
  0.26068	-0.03125
  0.260771	-0.15625
  0.260862	-0.28125
  0.260952	-0.296875
  0.261043	-0.28125
  0.261134	-0.28125
  0.261224	-0.234375
  0.261315	-0.171875
  0.261406	-0.125
  0.261497	-0.0703125
  0.261587	0.03125
  0.261678	0.140625
  0.261769	0.257812
  0.261859	0.3125
  0.26195	0.359375
  0.262041	0.320312
  0.262132	0.1875
  0.262222	0.046875
  0.262313	-0.125
  0.262404	-0.28125
  0.262494	-0.34375
  0.262585	-0.34375
  0.262676	-0.320312
  0.262766	-0.226562
  0.262857	-0.164062
  0.262948	-0.117188
  0.263039	-0.0390625
  0.263129	0.0078125
  0.26322	0.0234375
  0.263311	0.03125
  0.263401	0.0625
  0.263492	0.0625
  0.263583	0.0625
  0.263673	0.046875
  0.263764	0.03125
  0.263855	-0.015625
  0.263946	-0.0703125
  0.264036	-0.132812
  0.264127	-0.179688
  0.264218	-0.117188
  0.264308	-0.0859375
  0.264399	-0.078125
  0.26449	-0.0234375
  0.26458	0.015625
  0.264671	-0.03125
  0.264762	0
  0.264853	0.078125
  0.264943	0.132812
  0.265034	0.03125
  0.265125	-0.0625
  0.265215	-0.0234375
  0.265306	-0.0625
  0.265397	-0.125
  0.265488	-0.0234375
  0.265578	0.101562
  0.265669	0.203125
  0.26576	0.320312
  0.26585	0.351562
  0.265941	0.359375
  0.266032	0.320312
  0.266122	0.195312
  0.266213	0.117188
  0.266304	0.0546875
  0.266395	-0.015625
  0.266485	-0.0625
  0.266576	-0.117188
  0.266667	-0.0859375
  0.266757	-0.078125
  0.266848	-0.179688
  0.266939	-0.164062
  0.267029	-0.078125
  0.26712	-0.0625
  0.267211	0.015625
  0.267302	0.148438
  0.267392	0.265625
  0.267483	0.34375
  0.267574	0.304688
  0.267664	0.21875
  0.267755	0.148438
  0.267846	0.015625
  0.267937	-0.09375
  0.268027	-0.195312
  0.268118	-0.25
  0.268209	-0.226562
  0.268299	-0.226562
  0.26839	-0.210938
  0.268481	-0.125
  0.268571	-0.0859375
  0.268662	-0.0625
  0.268753	0.0078125
  0.268844	0.101562
  0.268934	0.179688
  0.269025	0.234375
  0.269116	0.296875
  0.269206	0.3125
  0.269297	0.25
  0.269388	0.132812
  0.269478	0.0234375
  0.269569	-0.0703125
  0.26966	-0.132812
  0.269751	-0.1875
  0.269841	-0.1875
  0.269932	-0.117188
  0.270023	-0.078125
  0.270113	-0.0703125
  0.270204	-0.0078125
  0.270295	0.046875
  0.270385	0.0703125
  0.270476	0.117188
  0.270567	0.203125
  0.270658	0.265625
  0.270748	0.273438
  0.270839	0.265625
  0.27093	0.242188
  0.27102	0.148438
  0.271111	0.046875
  0.271202	-0.03125
  0.271293	-0.078125
  0.271383	-0.0859375
  0.271474	-0.09375
  0.271565	-0.0859375
  0.271655	-0.046875
  0.271746	0.015625
  0.271837	0.0390625
  0.271927	0.078125
  0.272018	0.132812
  0.272109	0.148438
  0.2722	0.140625
  0.27229	0.140625
  0.272381	0.117188
  0.272472	0.0546875
  0.272562	0.0234375
  0.272653	-0.0234375
  0.272744	-0.0625
  0.272834	-0.101562
  0.272925	-0.109375
  0.273016	-0.117188
  0.273107	-0.125
  0.273197	-0.117188
  0.273288	-0.0859375
  0.273379	-0.0078125
  0.273469	0.03125
  0.27356	0.0078125
  0.273651	0.0078125
  0.273742	0.0390625
  0.273832	0.046875
  0.273923	0.0703125
  0.274014	0.117188
  0.274104	0.03125
  0.274195	-0.140625
  0.274286	-0.210938
  0.274376	-0.226562
  0.274467	-0.25
  0.274558	-0.140625
  0.274649	0.0390625
  0.274739	0.164062
  0.27483	0.25
  0.274921	0.28125
  0.275011	0.265625
  0.275102	0.179688
  0.275193	0.0703125
  0.275283	0.0078125
  0.275374	-0.0625
  0.275465	-0.0703125
  0.275556	-0.0546875
  0.275646	-0.109375
  0.275737	-0.171875
  0.275828	-0.1875
  0.275918	-0.265625
  0.276009	-0.296875
  0.2761	-0.203125
  0.27619	-0.109375
  0.276281	0.0078125
  0.276372	0.140625
  0.276463	0.265625
  0.276553	0.296875
  0.276644	0.242188
  0.276735	0.140625
  0.276825	0.03125
  0.276916	-0.0625
  0.277007	-0.125
  0.277098	-0.171875
  0.277188	-0.1875
  0.277279	-0.15625
  0.27737	-0.15625
  0.27746	-0.171875
  0.277551	-0.171875
  0.277642	-0.125
  0.277732	-0.0625
  0.277823	0.0234375
  0.277914	0.179688
  0.278005	0.3125
  0.278095	0.398438
  0.278186	0.421875
  0.278277	0.34375
  0.278367	0.234375
  0.278458	0.101562
  0.278549	-0.0234375
  0.278639	-0.0859375
  0.27873	-0.101562
  0.278821	-0.117188
  0.278912	-0.0859375
  0.279002	-0.0703125
  0.279093	-0.0078125
  0.279184	0.015625
  0.279274	-0.0078125
  0.279365	0.0390625
  0.279456	0.09375
  0.279546	0.15625
  0.279637	0.203125
  0.279728	0.242188
  0.279819	0.265625
  0.279909	0.195312
  0.28	0.09375
  0.280091	-0.015625
  0.280181	-0.09375
  0.280272	-0.117188
  0.280363	-0.125
  0.280454	-0.09375
  0.280544	-0.03125
  0.280635	0.015625
  0.280726	-0.0078125
  0.280816	0
  0.280907	0.03125
  0.280998	0.0546875
  0.281088	0.0625
  0.281179	0.101562
  0.28127	0.125
  0.281361	0.09375
  0.281451	0.0625
  0.281542	0.0234375
  0.281633	-0.0078125
  0.281723	-0.046875
  0.281814	-0.0625
  0.281905	-0.046875
  0.281995	-0.03125
  0.282086	0
  0.282177	-0.0078125
  0.282268	-0.0234375
  0.282358	-0.015625
  0.282449	0
  0.28254	0.0078125
  0.28263	0.0078125
  0.282721	0.046875
  0.282812	0.078125
  0.282902	0.0625
  0.282993	0.125
  0.283084	0.15625
  0.283175	0.0625
  0.283265	-0.0859375
  0.283356	-0.164062
  0.283447	-0.15625
  0.283537	-0.164062
  0.283628	-0.078125
  0.283719	0.109375
  0.28381	0.28125
  0.2839	0.359375
  0.283991	0.367188
  0.284082	0.296875
  0.284172	0.203125
  0.284263	0.109375
  0.284354	0.015625
  0.284444	-0.015625
  0.284535	0
  0.284626	0
  0.284717	-0.046875
  0.284807	-0.109375
  0.284898	-0.148438
  0.284989	-0.226562
  0.285079	-0.289062
  0.28517	-0.21875
  0.285261	-0.0859375
  0.285351	0.0390625
  0.285442	0.148438
  0.285533	0.25
  0.285624	0.289062
  0.285714	0.242188
  0.285805	0.125
  0.285896	0.015625
  0.285986	-0.0625
  0.286077	-0.09375
  0.286168	-0.132812
  0.286259	-0.15625
  0.286349	-0.148438
  0.28644	-0.15625
  0.286531	-0.1875
  0.286621	-0.195312
  0.286712	-0.148438
  0.286803	-0.078125
  0.286893	0.0234375
  0.286984	0.132812
  0.287075	0.234375
  0.287166	0.296875
  0.287256	0.28125
  0.287347	0.203125
  0.287438	0.109375
  0.287528	0
  0.287619	-0.0859375
  0.28771	-0.140625
  0.2878	-0.125
  0.287891	-0.109375
  0.287982	-0.101562
  0.288073	-0.0859375
  0.288163	-0.0546875
  0.288254	-0.0078125
  0.288345	0.046875
  0.288435	0.0625
  0.288526	0.046875
  0.288617	0.125
  0.288707	0.171875
  0.288798	0.164062
  0.288889	0.15625
  0.28898	0.164062
  0.28907	0.140625
  0.289161	0.046875
  0.289252	-0.0234375
  0.289342	-0.046875
  0.289433	-0.0546875
  0.289524	-0.046875
  0.289615	-0.0390625
  0.289705	-0.0078125
  0.289796	0.0546875
  0.289887	0.0703125
  0.289977	0.0703125
  0.290068	0.0859375
  0.290159	0.101562
  0.290249	0.0703125
  0.29034	0.0390625
  0.290431	0.03125
  0.290522	-0.0234375
  0.290612	-0.0859375
  0.290703	-0.09375
  0.290794	-0.0859375
  0.290884	-0.0703125
  0.290975	-0.0625
  0.291066	-0.046875
  0.291156	-0.0390625
  0.291247	-0.0390625
  0.291338	-0.0390625
  0.291429	-0.0390625
  0.291519	-0.03125
  0.29161	-0.046875
  0.291701	-0.046875
  0.291791	0.0078125
  0.291882	0.03125
  0.291973	0.015625
  0.292063	0.0703125
  0.292154	0.078125
  0.292245	0.0703125
  0.292336	0
  0.292426	-0.125
  0.292517	-0.164062
  0.292608	-0.148438
  0.292698	-0.140625
  0.292789	-0.0234375
  0.29288	0.140625
  0.292971	0.257812
  0.293061	0.328125
  0.293152	0.3125
  0.293243	0.28125
  0.293333	0.234375
  0.293424	0.09375
  0.293515	0.0625
  0.293605	0.0390625
  0.293696	0.0078125
  0.293787	0.0078125
  0.293878	-0.0390625
  0.293968	-0.078125
  0.294059	-0.101562
  0.29415	-0.132812
  0.29424	-0.132812
  0.294331	-0.0703125
  0.294422	0.03125
  0.294512	0.140625
  0.294603	0.210938
  0.294694	0.28125
  0.294785	0.28125
  0.294875	0.195312
  0.294966	0.09375
  0.295057	-0.0234375
  0.295147	-0.078125
  0.295238	-0.101562
  0.295329	-0.140625
  0.29542	-0.132812
  0.29551	-0.140625
  0.295601	-0.132812
  0.295692	-0.109375
  0.295782	-0.101562
  0.295873	-0.0390625
  0.295964	0.0546875
  0.296054	0.140625
  0.296145	0.242188
  0.296236	0.289062
  0.296327	0.28125
  0.296417	0.210938
  0.296508	0.117188
  0.296599	0.0390625
  0.296689	-0.0546875
  0.29678	-0.101562
  0.296871	-0.109375
  0.296961	-0.109375
  0.297052	-0.0703125
  0.297143	-0.03125
  0.297234	0
  0.297324	0.0390625
  0.297415	0.101562
  0.297506	0.1875
  0.297596	0.0703125
  0.297687	0.0078125
  0.297778	0.101562
  0.297868	0.0859375
  0.297959	0.0234375
  0.29805	0.015625
  0.298141	0.0546875
  0.298231	0.0390625
  0.298322	-0.0546875
  0.298413	-0.109375
  0.298503	-0.0859375
  0.298594	-0.0546875
  0.298685	-0.015625
  0.298776	0.015625
  0.298866	0.0546875
  0.298957	0.109375
  0.299048	0.0859375
  0.299138	0
  0.299229	-0.0078125
  0.29932	-0.015625
  0.29941	-0.0625
  0.299501	-0.078125
  0.299592	-0.0390625
  0.299683	-0.0390625
  0.299773	-0.0625
  0.299864	-0.046875
  0.299955	-0.0625
  0.300045	-0.046875
  0.300136	-0.0390625
  0.300227	-0.046875
  0.300317	-0.046875
  0.300408	-0.0390625
  0.300499	-0.0546875
  0.30059	-0.0703125
  0.30068	-0.0703125
  0.300771	-0.101562
  0.300862	-0.148438
  0.300952	-0.101562
  0.301043	-0.0546875
  0.301134	-0.0390625
  0.301224	0.0625
  0.301315	0.164062
  0.301406	0.0859375
  0.301497	-0.09375
  0.301587	-0.164062
  0.301678	-0.125
  0.301769	-0.15625
  0.301859	-0.0859375
  0.30195	0.132812
  0.302041	0.265625
  0.302132	0.328125
  0.302222	0.328125
  0.302313	0.234375
  0.302404	0.132812
  0.302494	0.0546875
  0.302585	-0.03125
  0.302676	-0.0546875
  0.302766	0
  0.302857	0.078125
  0.302948	0.0234375
  0.303039	-0.0625
  0.303129	-0.0546875
  0.30322	-0.132812
  0.303311	-0.164062
  0.303401	-0.078125
  0.303492	0.046875
  0.303583	0.171875
  0.303673	0.265625
  0.303764	0.3125
  0.303855	0.273438
  0.303946	0.179688
  0.304036	0.0703125
  0.304127	-0.078125
  0.304218	-0.148438
  0.304308	-0.132812
  0.304399	-0.140625
  0.30449	-0.140625
  0.30458	-0.125
  0.304671	-0.0859375
  0.304762	-0.0859375
  0.304853	-0.0703125
  0.304943	0.015625
  0.305034	0.101562
  0.305125	0.179688
  0.305215	0.28125
  0.305306	0.304688
  0.305397	0.289062
  0.305488	0.234375
  0.305578	0.117188
  0.305669	0
  0.30576	-0.09375
  0.30585	-0.125
  0.305941	-0.132812
  0.306032	-0.09375
  0.306122	-0.0234375
  0.306213	0.03125
  0.306304	0.046875
  0.306395	0.0625
  0.306485	0.101562
  0.306576	0.117188
  0.306667	0.257812
  0.306757	0.25
  0.306848	0.117188
  0.306939	0.078125
  0.307029	0.0390625
  0.30712	-0.0625
  0.307211	-0.164062
  0.307302	-0.117188
  0.307392	-0.015625
  0.307483	0.0234375
  0.307574	0.046875
  0.307664	0.078125
  0.307755	0.101562
  0.307846	0.101562
  0.307937	0.09375
  0.308027	0.0703125
  0.308118	0.09375
  0.308209	0.09375
  0.308299	0.03125
  0.30839	-0.046875
  0.308481	-0.078125
  0.308571	-0.09375
  0.308662	-0.132812
  0.308753	-0.101562
  0.308844	-0.03125
  0.308934	-0.015625
  0.309025	0.0390625
  0.309116	0.0859375
  0.309206	0.09375
  0.309297	0.0546875
  0.309388	0.0078125
  0.309478	-0.0234375
  0.309569	-0.0546875
  0.30966	-0.0703125
  0.309751	-0.0703125
  0.309841	-0.117188
  0.309932	-0.148438
  0.310023	-0.117188
  0.310113	-0.0703125
  0.310204	-0.0546875
  0.310295	0.0078125
  0.310385	0.101562
  0.310476	0.140625
  0.310567	0.03125
  0.310658	-0.046875
  0.310748	0.0078125
  0.310839	-0.015625
  0.31093	-0.0234375
  0.31102	0.09375
  0.311111	0.179688
  0.311202	0.265625
  0.311293	0.273438
  0.311383	0.171875
  0.311474	0.148438
  0.311565	0.0390625
  0.311655	-0.0546875
  0.311746	-0.078125
  0.311837	-0.117188
  0.311927	-0.0234375
  0.312018	-0.0078125
  0.312109	-0.0625
  0.3122	0
  0.31229	-0.015625
  0.312381	-0.078125
  0.312472	-0.046875
  0.312562	-0.015625
  0.312653	0.0546875
  0.312744	0.109375
  0.312834	0.140625
  0.312925	0.148438
  0.313016	0.09375
  0.313107	0.0546875
  0.313197	-0.0390625
  0.313288	-0.125
  0.313379	-0.125
  0.313469	-0.125
  0.31356	-0.125
  0.313651	-0.09375
  0.313742	-0.0625
  0.313832	-0.0234375
  0.313923	-0.03125
  0.314014	-0.015625
  0.314104	0.0234375
  0.314195	0.046875
  0.314286	0.117188
  0.314376	0.132812
  0.314467	0.117188
  0.314558	0.117188
  0.314649	0.0703125
  0.314739	0
  0.31483	-0.0546875
  0.314921	-0.078125
  0.315011	-0.0625
  0.315102	-0.0546875
  0.315193	-0.015625
  0.315283	0.015625
  0.315374	0.046875
  0.315465	0.078125
  0.315556	0.117188
  0.315646	0.15625
  0.315737	0.0625
  0.315828	0.0546875
  0.315918	0.0859375
  0.316009	0.0390625
  0.3161	-0.0234375
  0.31619	-0.0390625
  0.316281	-0.03125
  0.316372	0
  0.316463	-0.0390625
  0.316553	-0.015625
  0.316644	0.046875
  0.316735	0.101562
  0.316825	0.109375
  0.316916	0.0703125
  0.317007	0.078125
  0.317098	0.0546875
  0.317188	-0.015625
  0.317279	-0.0546875
  0.31737	-0.0625
  0.31746	-0.0390625
  0.317551	-0.0390625
  0.317642	-0.0390625
  0.317732	-0.0234375
  0.317823	-0.0078125
  0.317914	0.0078125
  0.318005	-0.0078125
  0.318095	-0.0078125
  0.318186	-0.0234375
  0.318277	-0.0390625
  0.318367	-0.0390625
  0.318458	-0.0390625
  0.318549	-0.03125
  0.318639	-0.078125
  0.31873	-0.101562
  0.318821	-0.109375
  0.318912	-0.15625
  0.319002	-0.132812
  0.319093	-0.078125
  0.319184	0
  0.319274	0.0859375
  0.319365	0.148438
  0.319456	0.078125
  0.319546	-0.09375
  0.319637	-0.109375
  0.319728	-0.0625
  0.319819	-0.148438
  0.319909	-0.0078125
  0.32	0.179688
  0.320091	0.28125
  0.320181	0.382812
  0.320272	0.3125
  0.320363	0.195312
  0.320454	0.132812
  0.320544	0.0078125
  0.320635	0.0078125
  0.320726	-0.015625
  0.320816	0.0078125
  0.320907	0.125
  0.320998	0.046875
  0.321088	0.0078125
  0.321179	0.046875
  0.32127	-0.0546875
  0.321361	-0.0546875
  0.321451	0.0234375
  0.321542	0.078125
  0.321633	0.195312
  0.321723	0.242188
  0.321814	0.242188
  0.321905	0.1875
  0.321995	0.0859375
  0.322086	0
  0.322177	-0.132812
  0.322268	-0.179688
  0.322358	-0.140625
  0.322449	-0.164062
  0.32254	-0.140625
  0.32263	-0.125
  0.322721	-0.101562
  0.322812	-0.0625
  0.322902	-0.046875
  0.322993	0.0390625
  0.323084	0.117188
  0.323175	0.171875
  0.323265	0.265625
  0.323356	0.234375
  0.323447	0.164062
  0.323537	0.117188
  0.323628	0
  0.323719	-0.09375
  0.32381	-0.132812
  0.3239	-0.148438
  0.323991	-0.117188
  0.324082	-0.101562
  0.324172	-0.046875
  0.324263	-0.0234375
  0.324354	-0.0078125
  0.324444	0.0625
  0.324535	0.117188
  0.324626	0.0546875
  0.324717	0.03125
  0.324807	0.0859375
  0.324898	0.046875
  0.324989	-0.0234375
  0.325079	-0.015625
  0.32517	-0.015625
  0.325261	0.0078125
  0.325351	0.015625
  0.325442	0.03125
  0.325533	0.0703125
  0.325624	0.101562
  0.325714	0.09375
  0.325805	0.046875
  0.325896	0.015625
  0.325986	0.0234375
  0.326077	0.0078125
  0.326168	-0.0390625
  0.326259	-0.0390625
  0.326349	-0.015625
  0.32644	-0.015625
  0.326531	-0.015625
  0.326621	-0.0078125
  0.326712	-0.0390625
  0.326803	-0.0078125
  0.326893	0.015625
  0.326984	0.0390625
  0.327075	0.0546875
  0.327166	0.0546875
  0.327256	0.046875
  0.327347	0.0078125
  0.327438	-0.0234375
  0.327528	-0.0546875
  0.327619	-0.09375
  0.32771	-0.09375
  0.3278	-0.15625
  0.327891	-0.15625
  0.327982	-0.078125
  0.328073	-0.0625
  0.328163	0.0078125
  0.328254	0.195312
  0.328345	0.15625
  0.328435	-0.0859375
  0.328526	-0.09375
  0.328617	-0.046875
  0.328707	-0.15625
  0.328798	-0.046875
  0.328889	0.15625
  0.32898	0.257812
  0.32907	0.382812
  0.329161	0.320312
  0.329252	0.21875
  0.329342	0.140625
  0.329433	0.0234375
  0.329524	-0.0078125
  0.329615	-0.109375
  0.329705	-0.078125
  0.329796	0.0859375
  0.329887	-0.015625
  0.329977	-0.0703125
  0.330068	-0.015625
  0.330159	-0.125
  0.330249	-0.140625
  0.33034	-0.0390625
  0.330431	0
  0.330522	0.117188
  0.330612	0.195312
  0.330703	0.195312
  0.330794	0.140625
  0.330884	0.0625
  0.330975	-0.0234375
  0.331066	-0.148438
  0.331156	-0.21875
  0.331247	-0.15625
  0.331338	-0.132812
  0.331429	-0.101562
  0.331519	-0.046875
  0.33161	-0.0546875
  0.331701	-0.0390625
  0.331791	-0.0546875
  0.331882	-0.0234375
  0.331973	0.0390625
  0.332063	0.125
  0.332154	0.226562
  0.332245	0.21875
  0.332336	0.171875
  0.332426	0.15625
  0.332517	0.0078125
  0.332608	-0.09375
  0.332698	-0.117188
  0.332789	-0.171875
  0.33288	-0.117188
  0.332971	-0.046875
  0.333061	-0.0078125
  0.333152	0.0546875
  0.333243	0.101562
  0.333333	0.109375
  0.333424	0.0859375
  0.333515	0.09375
  0.333605	0.101562
  0.333696	0.09375
  0.333787	0.101562
  0.333878	0.078125
  0.333968	0.0703125
  0.334059	0.0390625
  0.33415	0
  0.33424	-0.0078125
  0.334331	-0.015625
  0.334422	0.0078125
  0.334512	0.0390625
  0.334603	0.046875
  0.334694	0.0390625
  0.334785	0.0234375
  0.334875	-0.0078125
  0.334966	-0.0234375
  0.335057	-0.0234375
  0.335147	-0.015625
  0.335238	-0.0078125
  0.335329	0.0234375
  0.335419	0.03125
  0.33551	0.0390625
  0.335601	0.03125
  0.335692	0.0234375
  0.335782	0.03125
  0.335873	0.03125
  0.335964	-0.0078125
  0.336054	-0.03125
  0.336145	-0.0390625
  0.336236	-0.0625
  0.336327	-0.0625
  0.336417	-0.0546875
  0.336508	-0.015625
  0.336599	-0.078125
  0.336689	-0.101562
  0.33678	-0.0234375
  0.336871	-0.0390625
  0.336961	0.0625
  0.337052	0.257812
  0.337143	0.015625
  0.337234	-0.226562
  0.337324	-0.0234375
  0.337415	-0.15625
  0.337506	-0.257812
  0.337596	0.0859375
  0.337687	0.195312
  0.337778	0.351562
  0.337868	0.484375
  0.337959	0.3125
  0.33805	0.257812
  0.338141	0.132812
  0.338231	-0.0234375
  0.338322	-0.078125
  0.338413	-0.210938
  0.338503	-0.0390625
  0.338594	0.0390625
  0.338685	-0.171875
  0.338776	-0.046875
  0.338866	-0.0390625
  0.338957	-0.226562
  0.339048	-0.078125
  0.339138	0
  0.339229	0.03125
  0.33932	0.25
  0.33941	0.3125
  0.339501	0.289062
  0.339592	0.25
  0.339683	0.15625
  0.339773	0.015625
  0.339864	-0.171875
  0.339955	-0.179688
  0.340045	-0.132812
  0.340136	-0.195312
  0.340227	-0.125
  0.340317	-0.0625
  0.340408	-0.0703125
  0.340499	-0.0078125
  0.34059	0.0078125
  0.34068	0.0546875
  0.340771	0.132812
  0.340862	0.234375
  0.340952	0.320312
  0.341043	0.242188
  0.341134	0.234375
  0.341224	0.164062
  0.341315	-0.0703125
  0.341406	-0.117188
  0.341497	-0.195312
  0.341587	-0.25
  0.341678	-0.140625
  0.341769	-0.0859375
  0.341859	0
  0.34195	0.0546875
  0.342041	0.0234375
  0.342132	0.0234375
  0.342222	0.015625
  0.342313	0.0390625
  0.342404	0.0625
  0.342494	0.101562
  0.342585	0.171875
  0.342676	0.15625
  0.342766	0.125
  0.342857	0.0625
  0.342948	-0.0390625
  0.343039	-0.101562
  0.343129	-0.132812
  0.34322	-0.09375
  0.343311	-0.03125
  0.343401	0
  0.343492	0.0546875
  0.343583	0.0546875
  0.343673	0.0625
  0.343764	0.078125
  0.343855	0.046875
  0.343946	0.0234375
  0.344036	0.0390625
  0.344127	0.03125
  0.344218	0.0234375
  0.344308	0.0234375
  0.344399	0
  0.34449	-0.0078125
  0.344581	-0.0390625
  0.344671	-0.0546875
  0.344762	-0.0390625
  0.344853	-0.0234375
  0.344943	-0.0078125
  0.345034	-0.03125
  0.345125	-0.0703125
  0.345215	-0.046875
  0.345306	-0.0859375
  0.345397	-0.101562
  0.345488	-0.046875
  0.345578	0.03125
  0.345669	0.140625
  0.34576	0.335938
  0.34585	0.226562
  0.345941	-0.195312
  0.346032	-0.0703125
  0.346122	-0.0546875
  0.346213	-0.34375
  0.346304	-0.0078125
  0.346395	0.242188
  0.346485	0.296875
  0.346576	0.554688
  0.346667	0.40625
  0.346757	0.242188
  0.346848	0.1875
  0.346939	-0.0078125
  0.347029	-0.0703125
  0.34712	-0.148438
  0.347211	-0.046875
  0.347302	0.117188
  0.347392	-0.0625
  0.347483	-0.0625
  0.347574	0.015625
  0.347664	-0.1875
  0.347755	-0.148438
  0.347846	-0.0234375
  0.347937	-0.0703125
  0.348027	0.140625
  0.348118	0.265625
  0.348209	0.179688
  0.348299	0.1875
  0.34839	0.117188
  0.348481	-0.0390625
  0.348571	-0.179688
  0.348662	-0.257812
  0.348753	-0.1875
  0.348844	-0.210938
  0.348934	-0.195312
  0.349025	-0.078125
  0.349116	-0.125
  0.349206	-0.109375
  0.349297	-0.0703125
  0.349388	-0.101562
  0.349478	0.0078125
  0.349569	0.125
  0.34966	0.195312
  0.349751	0.21875
  0.349841	0.210938
  0.349932	0.1875
  0.350023	-0.0078125
  0.350113	-0.125
  0.350204	-0.148438
  0.350295	-0.25
  0.350385	-0.164062
  0.350476	-0.0859375
  0.350567	-0.0859375
  0.350658	0
  0.350748	0.0234375
  0.350839	0
  0.35093	-0.0078125
  0.35102	0.0078125
  0.351111	0.078125
  0.351202	0.117188
  0.351293	0.195312
  0.351383	0.203125
  0.351474	0.15625
  0.351565	0.117188
  0.351655	0.015625
  0.351746	-0.078125
  0.351837	-0.125
  0.351927	-0.109375
  0.352018	-0.0859375
  0.352109	-0.0625
  0.3522	0
  0.35229	0.0234375
  0.352381	0.0234375
  0.352472	0.046875
  0.352562	0.0625
  0.352653	0.0625
  0.352744	0.09375
  0.352834	0.0859375
  0.352925	0.0703125
  0.353016	0.0703125
  0.353107	0.0390625
  0.353197	-0.0390625
  0.353288	-0.0703125
  0.353379	-0.078125
  0.353469	-0.0703125
  0.35356	-0.078125
  0.353651	-0.0703125
  0.353741	-0.0390625
  0.353832	-0.015625
  0.353923	-0.078125
  0.354014	-0.109375
  0.354104	-0.0390625
  0.354195	0.0390625
  0.354286	0.132812
  0.354376	0.289062
  0.354467	0.0546875
  0.354558	-0.234375
  0.354649	-0.0234375
  0.354739	-0.15625
  0.35483	-0.304688
  0.354921	0.078125
  0.355011	0.203125
  0.355102	0.296875
  0.355193	0.507812
  0.355283	0.335938
  0.355374	0.25
  0.355465	0.1875
  0.355556	0
  0.355646	-0.0859375
  0.355737	-0.140625
  0.355828	-0.046875
  0.355918	0.046875
  0.356009	-0.09375
  0.3561	-0.0234375
  0.35619	0
  0.356281	-0.195312
  0.356372	-0.109375
  0.356463	0.015625
  0.356553	-0.0078125
  0.356644	0.234375
  0.356735	0.351562
  0.356825	0.304688
  0.356916	0.34375
  0.357007	0.203125
  0.357098	0.015625
  0.357188	-0.125
  0.357279	-0.21875
  0.35737	-0.195312
  0.35746	-0.234375
  0.357551	-0.179688
  0.357642	-0.046875
  0.357732	-0.078125
  0.357823	-0.0390625
  0.357914	0.015625
  0.358005	-0.015625
  0.358095	0.117188
  0.358186	0.226562
  0.358277	0.28125
  0.358367	0.320312
  0.358458	0.296875
  0.358549	0.234375
  0.358639	0.0546875
  0.35873	-0.0625
  0.358821	-0.148438
  0.358912	-0.210938
  0.359002	-0.15625
  0.359093	-0.132812
  0.359184	-0.0859375
  0.359274	-0.0078125
  0.359365	0.0078125
  0.359456	0.046875
  0.359546	0.0625
  0.359637	0.125
  0.359728	0.21875
  0.359819	0.242188
  0.359909	0.289062
  0.36	0.273438
  0.360091	0.179688
  0.360181	0.0703125
  0.360272	-0.0625
  0.360363	-0.171875
  0.360454	-0.21875
  0.360544	-0.195312
  0.360635	-0.148438
  0.360726	-0.078125
  0.360816	0
  0.360907	0.015625
  0.360998	0.0390625
  0.361088	0.0703125
  0.361179	0.0546875
  0.36127	0.0625
  0.361361	0.0859375
  0.361451	0.0859375
  0.361542	0.0625
  0.361633	0.015625
  0.361723	-0.03125
  0.361814	-0.0546875
  0.361905	-0.0625
  0.361995	-0.0859375
  0.362086	-0.101562
  0.362177	-0.125
  0.362268	-0.125
  0.362358	-0.164062
  0.362449	-0.148438
  0.36254	-0.078125
  0.36263	0.015625
  0.362721	0.132812
  0.362812	0.304688
  0.362902	0.0625
  0.362993	-0.25
  0.363084	-0.0625
  0.363175	-0.179688
  0.363265	-0.414062
  0.363356	-0.046875
  0.363447	0.117188
  0.363537	0.179688
  0.363628	0.453125
  0.363719	0.328125
  0.36381	0.179688
  0.3639	0.195312
  0.363991	0.046875
  0.364082	-0.09375
  0.364172	-0.132812
  0.364263	-0.0703125
  0.364354	0.0078125
  0.364444	-0.09375
  0.364535	-0.0859375
  0.364626	-0.046875
  0.364717	-0.21875
  0.364807	-0.210938
  0.364898	-0.078125
  0.364989	-0.117188
  0.365079	0.101562
  0.36517	0.3125
  0.365261	0.265625
  0.365351	0.3125
  0.365442	0.265625
  0.365533	0.0625
  0.365624	-0.046875
  0.365714	-0.132812
  0.365805	-0.148438
  0.365896	-0.179688
  0.365986	-0.179688
  0.366077	-0.078125
  0.366168	-0.101562
  0.366258	-0.0859375
  0.366349	0.0078125
  0.36644	-0.0703125
  0.366531	0.0390625
  0.366621	0.1875
  0.366712	0.203125
  0.366803	0.335938
  0.366893	0.414062
  0.366984	0.382812
  0.367075	0.257812
  0.367166	0.0703125
  0.367256	-0.0078125
  0.367347	-0.117188
  0.367438	-0.140625
  0.367528	-0.0859375
  0.367619	-0.078125
  0.36771	-0.0390625
  0.3678	-0.046875
  0.367891	-0.0546875
  0.367982	-0.0234375
  0.368073	0.03125
  0.368163	0.140625
  0.368254	0.210938
  0.368345	0.304688
  0.368435	0.359375
  0.368526	0.273438
  0.368617	0.195312
  0.368707	0.0625
  0.368798	-0.09375
  0.368889	-0.1875
  0.36898	-0.226562
  0.36907	-0.226562
  0.369161	-0.1875
  0.369252	-0.109375
  0.369342	-0.0625
  0.369433	-0.015625
  0.369524	0.0546875
  0.369615	0.078125
  0.369705	0.0859375
  0.369796	0.117188
  0.369887	0.125
  0.369977	0.109375
  0.370068	0.0703125
  0.370159	0.0390625
  0.370249	-0.03125
  0.37034	-0.0859375
  0.370431	-0.140625
  0.370522	-0.15625
  0.370612	-0.179688
  0.370703	-0.179688
  0.370794	-0.132812
  0.370884	-0.0859375
  0.370975	-0.015625
  0.371066	0.101562
  0.371156	0.242188
  0.371247	0.0703125
  0.371338	-0.179688
  0.371429	0.0078125
  0.371519	-0.046875
  0.37161	-0.289062
  0.371701	0.03125
  0.371791	0.179688
  0.371882	0.203125
  0.371973	0.453125
  0.372063	0.335938
  0.372154	0.15625
  0.372245	0.210938
  0.372336	0.078125
  0.372426	-0.09375
  0.372517	-0.109375
  0.372608	-0.0703125
  0.372698	-0.0234375
  0.372789	-0.0859375
  0.37288	-0.101562
  0.372971	-0.078125
  0.373061	-0.195312
  0.373152	-0.195312
  0.373243	-0.0703125
  0.373333	-0.101562
  0.373424	0.0625
  0.373515	0.273438
  0.373605	0.226562
  0.373696	0.265625
  0.373787	0.257812
  0.373878	0.0703125
  0.373968	-0.0234375
  0.374059	-0.117188
  0.37415	-0.226562
  0.37424	-0.257812
  0.374331	-0.242188
  0.374422	-0.132812
  0.374512	-0.140625
  0.374603	-0.117188
  0.374694	-0.0234375
  0.374785	-0.0703125
  0.374875	0.015625
  0.374966	0.164062
  0.375057	0.171875
  0.375147	0.296875
  0.375238	0.398438
  0.375329	0.351562
  0.37542	0.265625
  0.37551	0.148438
  0.375601	0.0625
  0.375692	-0.09375
  0.375782	-0.171875
  0.375873	-0.179688
  0.375964	-0.210938
  0.376054	-0.140625
  0.376145	-0.0703125
  0.376236	-0.03125
  0.376327	0.078125
  0.376417	0.171875
  0.376508	0.226562
  0.376599	0.257812
  0.376689	0.289062
  0.37678	0.273438
  0.376871	0.195312
  0.376961	0.125
  0.377052	0.03125
  0.377143	-0.0390625
  0.377234	-0.101562
  0.377324	-0.148438
  0.377415	-0.15625
  0.377506	-0.140625
  0.377596	-0.101562
  0.377687	-0.046875
  0.377778	0.0078125
  0.377868	0.0859375
  0.377959	0.125
  0.37805	0.15625
  0.378141	0.164062
  0.378231	0.132812
  0.378322	0.101562
  0.378413	0.0703125
  0.378503	-0.015625
  0.378594	-0.0703125
  0.378685	-0.0859375
  0.378776	-0.09375
  0.378866	-0.140625
  0.378957	-0.125
  0.379048	-0.132812
  0.379138	-0.09375
  0.379229	0.015625
  0.37932	0.179688
  0.37941	0.164062
  0.379501	-0.101562
  0.379592	-0.03125
  0.379683	0.0546875
  0.379773	-0.171875
  0.379864	-0.0859375
  0.379955	0.140625
  0.380045	0.148438
  0.380136	0.390625
  0.380227	0.429688
  0.380317	0.210938
  0.380408	0.203125
  0.380499	0.171875
  0.38059	-0.0703125
  0.38068	-0.171875
  0.380771	-0.15625
  0.380862	-0.09375
  0.380952	-0.078125
  0.381043	-0.0703125
  0.381134	-0.078125
  0.381224	-0.140625
  0.381315	-0.171875
  0.381406	-0.09375
  0.381497	-0.125
  0.381587	-0.0625
  0.381678	0.171875
  0.381769	0.226562
  0.381859	0.242188
  0.38195	0.28125
  0.382041	0.140625
  0.382132	0
  0.382222	-0.09375
  0.382313	-0.242188
  0.382404	-0.335938
  0.382494	-0.304688
  0.382585	-0.21875
  0.382676	-0.179688
  0.382766	-0.164062
  0.382857	-0.0625
  0.382948	-0.046875
  0.383039	-0.0390625
  0.383129	0.0546875
  0.38322	0.09375
  0.383311	0.195312
  0.383401	0.296875
  0.383492	0.304688
  0.383583	0.257812
  0.383673	0.179688
  0.383764	0.078125
  0.383855	-0.0703125
  0.383946	-0.195312
  0.384036	-0.21875
  0.384127	-0.257812
  0.384218	-0.195312
  0.384308	-0.0703125
  0.384399	-0.0078125
  0.38449	0.101562
  0.38458	0.179688
  0.384671	0.179688
  0.384762	0.1875
  0.384853	0.195312
  0.384943	0.171875
  0.385034	0.140625
  0.385125	0.117188
  0.385215	0.078125
  0.385306	0.015625
  0.385397	-0.0390625
  0.385488	-0.0859375
  0.385578	-0.132812
  0.385669	-0.117188
  0.38576	-0.0703125
  0.38585	-0.015625
  0.385941	0.046875
  0.386032	0.109375
  0.386122	0.164062
  0.386213	0.15625
  0.386304	0.125
  0.386395	0.101562
  0.386485	0.078125
  0.386576	0.0390625
  0.386667	0.0078125
  0.386757	-0.0234375
  0.386848	-0.0234375
  0.386939	-0.078125
  0.387029	-0.109375
  0.38712	-0.171875
  0.387211	-0.117188
  0.387302	0.015625
  0.387392	0.15625
  0.387483	0.0390625
  0.387574	-0.15625
  0.387664	-0.0234375
  0.387755	0.0078125
  0.387846	-0.203125
  0.387937	-0.0390625
  0.388027	0.109375
  0.388118	0.171875
  0.388209	0.4375
  0.388299	0.390625
  0.38839	0.210938
  0.388481	0.265625
  0.388571	0.179688
  0.388662	-0.0703125
  0.388753	-0.148438
  0.388844	-0.164062
  0.388934	-0.117188
  0.389025	-0.0546875
  0.389116	-0.0546875
  0.389206	-0.078125
  0.389297	-0.078125
  0.389388	-0.0703125
  0.389478	-0.0546875
  0.389569	-0.117188
  0.38966	0
  0.389751	0.257812
  0.389841	0.304688
  0.389932	0.3125
  0.390023	0.335938
  0.390113	0.195312
  0.390204	0.101562
  0.390295	-0.0078125
  0.390385	-0.234375
  0.390476	-0.28125
  0.390567	-0.195312
  0.390658	-0.171875
  0.390748	-0.148438
  0.390839	-0.0703125
  0.39093	0.0390625
  0.39102	0.0625
  0.391111	0.0859375
  0.391202	0.117188
  0.391293	0.148438
  0.391383	0.234375
  0.391474	0.296875
  0.391565	0.273438
  0.391655	0.21875
  0.391746	0.195312
  0.391837	0.09375
  0.391927	-0.109375
  0.392018	-0.171875
  0.392109	-0.171875
  0.3922	-0.179688
  0.39229	-0.0703125
  0.392381	-0.0078125
  0.392472	0.046875
  0.392562	0.15625
  0.392653	0.140625
  0.392744	0.0859375
  0.392834	0.078125
  0.392925	0.101562
  0.393016	0.0859375
  0.393107	0.0625
  0.393197	0.0390625
  0.393288	0.0390625
  0.393379	0.0078125
  0.393469	-0.078125
  0.39356	-0.148438
  0.393651	-0.164062
  0.393742	-0.140625
  0.393832	-0.125
  0.393923	-0.09375
  0.394014	-0.015625
  0.394104	0.046875
  0.394195	0.0703125
  0.394286	0.046875
  0.394376	0.0234375
  0.394467	0.0078125
  0.394558	-0.0078125
  0.394649	-0.0625
  0.394739	-0.078125
  0.39483	-0.0859375
  0.394921	-0.0859375
  0.395011	-0.132812
  0.395102	-0.117188
  0.395193	-0.0703125
  0.395283	0.0703125
  0.395374	0.0625
  0.395465	-0.195312
  0.395556	-0.171875
  0.395646	-0.046875
  0.395737	-0.164062
  0.395828	-0.078125
  0.395918	0.109375
  0.396009	0.15625
  0.3961	0.421875
  0.39619	0.46875
  0.396281	0.226562
  0.396372	0.21875
  0.396463	0.21875
  0.396553	-0.0078125
  0.396644	-0.109375
  0.396735	-0.15625
  0.396825	-0.148438
  0.396916	-0.046875
  0.397007	-0.101562
  0.397098	-0.1875
  0.397188	-0.148438
  0.397279	-0.15625
  0.39737	-0.132812
  0.39746	-0.15625
  0.397551	-0.132812
  0.397642	0.15625
  0.397732	0.28125
  0.397823	0.25
  0.397914	0.320312
  0.398005	0.25
  0.398095	0.164062
  0.398186	0.09375
  0.398277	-0.15625
  0.398367	-0.242188
  0.398458	-0.171875
  0.398549	-0.210938
  0.398639	-0.203125
  0.39873	-0.164062
  0.398821	-0.101562
  0.398912	-0.0234375
  0.399002	-0.046875
  0.399093	-0.0078125
  0.399184	0.0859375
  0.399274	0.15625
  0.399365	0.25
  0.399456	0.226562
  0.399546	0.179688
  0.399637	0.21875
  0.399728	0.140625
  0.399819	-0.0078125
  0.399909	-0.0390625
  0.4	-0.0546875
  0.400091	-0.0859375
  0.400181	-0.0625
  0.400272	-0.078125
  0.400363	-0.0390625
  0.400454	0.046875
  0.400544	0.046875
  0.400635	0.0546875
  0.400726	0.078125
  0.400816	0.101562
  0.400907	0.125
  0.400998	0.117188
  0.401088	0.140625
  0.401179	0.164062
  0.40127	0.140625
  0.401361	0.109375
  0.401451	0.015625
  0.401542	-0.015625
  0.401633	-0.0078125
  0.401723	-0.0546875
  0.401814	-0.046875
  0.401905	0.03125
  0.401995	0.0625
  0.402086	0.078125
  0.402177	0.0703125
  0.402268	0.046875
  0.402358	0.046875
  0.402449	0.0390625
  0.40254	0.0390625
  0.40263	0.03125
  0.402721	0.0078125
  0.402812	0.0390625
  0.402902	0.03125
  0.402993	0.03125
  0.403084	0.140625
  0.403175	0.148438
  0.403265	-0.078125
  0.403356	-0.164062
  0.403447	-0.101562
  0.403537	-0.171875
  0.403628	-0.140625
  0.403719	0.03125
  0.40381	0.117188
  0.4039	0.375
  0.403991	0.53125
  0.404082	0.3125
  0.404172	0.257812
  0.404263	0.296875
  0.404354	0.078125
  0.404444	-0.0625
  0.404535	-0.117188
  0.404626	-0.148438
  0.404717	-0.0234375
  0.404807	-0.0234375
  0.404898	-0.15625
  0.404989	-0.117188
  0.405079	-0.101562
  0.40517	-0.140625
  0.405261	-0.1875
  0.405351	-0.195312
  0.405442	0.03125
  0.405533	0.195312
  0.405624	0.226562
  0.405714	0.335938
  0.405805	0.335938
  0.405896	0.257812
  0.405986	0.179688
  0.406077	-0.078125
  0.406168	-0.203125
  0.406259	-0.148438
  0.406349	-0.21875
  0.40644	-0.21875
  0.406531	-0.148438
  0.406621	-0.132812
  0.406712	-0.015625
  0.406803	0.0078125
  0.406893	-0.0234375
  0.406984	0.015625
  0.407075	0.0859375
  0.407166	0.148438
  0.407256	0.203125
  0.407347	0.25
  0.407438	0.304688
  0.407528	0.28125
  0.407619	0.195312
  0.40771	0.09375
  0.4078	-0.0234375
  0.407891	-0.078125
  0.407982	-0.140625
  0.408073	-0.21875
  0.408163	-0.171875
  0.408254	-0.117188
  0.408345	-0.09375
  0.408435	-0.0390625
  0.408526	-0.0078125
  0.408617	0.0390625
  0.408707	0.078125
  0.408798	0.0859375
  0.408889	0.117188
  0.40898	0.148438
  0.40907	0.171875
  0.409161	0.132812
  0.409252	0.0390625
  0.409342	-0.0234375
  0.409433	-0.0859375
  0.409524	-0.171875
  0.409615	-0.195312
  0.409705	-0.210938
  0.409796	-0.171875
  0.409887	-0.117188
  0.409977	-0.101562
  0.410068	-0.078125
  0.410159	-0.0390625
  0.410249	-0.0234375
  0.41034	-0.0703125
  0.410431	-0.0859375
  0.410522	-0.0625
  0.410612	-0.03125
  0.410703	0.046875
  0.410794	0.15625
  0.410884	0.164062
  0.410975	-0.015625
  0.411066	-0.117188
  0.411156	-0.195312
  0.411247	-0.289062
  0.411338	-0.257812
  0.411429	-0.179688
  0.411519	-0.0390625
  0.41161	0.257812
  0.411701	0.375
  0.411791	0.25
  0.411882	0.296875
  0.411973	0.296875
  0.412063	0.101562
  0.412154	0.015625
  0.412245	-0.078125
  0.412336	-0.101562
  0.412426	0.03125
  0.412517	-0.0390625
  0.412608	-0.117188
  0.412698	-0.03125
  0.412789	-0.0703125
  0.41288	-0.1875
  0.412971	-0.257812
  0.413061	-0.257812
  0.413152	-0.101562
  0.413243	0.0546875
  0.413333	0.171875
  0.413424	0.304688
  0.413515	0.351562
  0.413605	0.359375
  0.413696	0.257812
  0.413787	0.046875
  0.413878	-0.0390625
  0.413968	-0.125
  0.414059	-0.203125
  0.41415	-0.164062
  0.41424	-0.125
  0.414331	-0.078125
  0.414422	0.0625
  0.414512	0.03125
  0.414603	-0.0703125
  0.414694	-0.078125
  0.414785	-0.0546875
  0.414875	0.03125
  0.414966	0.132812
  0.415057	0.234375
  0.415147	0.398438
  0.415238	0.515625
  0.415329	0.460938
  0.415419	0.289062
  0.41551	0.179688
  0.415601	0.117188
  0.415692	-0.046875
  0.415782	-0.179688
  0.415873	-0.164062
  0.415964	-0.117188
  0.416054	-0.046875
  0.416145	-0.0546875
  0.416236	-0.0390625
  0.416327	0.0546875
  0.416417	0.0859375
  0.416508	0.046875
  0.416599	0.09375
  0.416689	0.195312
  0.41678	0.25
  0.416871	0.234375
  0.416961	0.203125
  0.417052	0.171875
  0.417143	0.101562
  0.417234	-0.0234375
  0.417324	-0.140625
  0.417415	-0.1875
  0.417506	-0.1875
  0.417596	-0.1875
  0.417687	-0.164062
  0.417778	-0.0546875
  0.417868	0
  0.417959	-0.0234375
  0.41805	-0.0078125
  0.418141	-0.015625
  0.418231	0
  0.418322	0.078125
  0.418413	0.101562
  0.418503	0.0390625
  0.418594	-0.015625
  0.418685	-0.015625
  0.418776	-0.046875
  0.418866	-0.09375
  0.418957	-0.0859375
  0.419048	-0.0703125
  0.419138	0.0625
  0.419229	0.234375
  0.41932	0.148438
  0.41941	0.148438
  0.419501	0.273438
  0.419592	0.179688
  0.419683	0.0625
  0.419773	-0.0390625
  0.419864	-0.140625
  0.419955	-0.046875
  0.420045	-0.0625
  0.420136	-0.171875
  0.420227	-0.078125
  0.420317	0.015625
  0.420408	-0.015625
  0.420499	-0.0625
  0.42059	-0.09375
  0.42068	-0.015625
  0.420771	0.0546875
  0.420862	0.078125
  0.420952	0.117188
  0.421043	0.179688
  0.421134	0.21875
  0.421224	0.203125
  0.421315	0.101562
  0.421406	0.03125
  0.421497	-0.03125
  0.421587	-0.125
  0.421678	-0.148438
  0.421769	-0.148438
  0.421859	-0.15625
  0.42195	-0.140625
  0.422041	-0.125
  0.422132	-0.117188
  0.422222	-0.0703125
  0.422313	0
  0.422404	0.0859375
  0.422494	0.1875
  0.422585	0.28125
  0.422676	0.304688
  0.422766	0.289062
  0.422857	0.265625
  0.422948	0.164062
  0.423039	0.0546875
  0.423129	-0.046875
  0.42322	-0.15625
  0.423311	-0.21875
  0.423401	-0.242188
  0.423492	-0.234375
  0.423583	-0.1875
  0.423673	-0.117188
  0.423764	-0.0546875
  0.423855	0
  0.423946	0.0625
  0.424036	0.125
  0.424127	0.171875
  0.424218	0.203125
  0.424308	0.203125
  0.424399	0.1875
  0.42449	0.148438
  0.424581	0.078125
  0.424671	0.0078125
  0.424762	-0.0546875
  0.424853	-0.132812
  0.424943	-0.1875
  0.425034	-0.171875
  0.425125	-0.117188
  0.425215	-0.078125
  0.425306	-0.0703125
  0.425397	-0.0390625
  0.425488	0.03125
  0.425578	0.0703125
  0.425669	0.09375
  0.42576	0.078125
  0.42585	0.0078125
  0.425941	0
  0.426032	0.015625
  0.426122	-0.0703125
  0.426213	-0.03125
  0.426304	0.078125
  0.426395	0.09375
  0.426485	0.242188
  0.426576	0.265625
  0.426667	0.132812
  0.426757	0.195312
  0.426848	0.171875
  0.426939	0
  0.427029	-0.0234375
  0.42712	-0.109375
  0.427211	-0.140625
  0.427302	-0.0546875
  0.427392	-0.140625
  0.427483	-0.179688
  0.427574	-0.0703125
  0.427664	-0.09375
  0.427755	-0.117188
  0.427846	-0.117188
  0.427937	-0.109375
  0.428027	-0.015625
  0.428118	0.0625
  0.428209	0.09375
  0.428299	0.171875
  0.42839	0.226562
  0.428481	0.210938
  0.428571	0.15625
  0.428662	0.0546875
  0.428753	-0.015625
  0.428844	-0.0703125
  0.428934	-0.109375
  0.429025	-0.117188
  0.429116	-0.15625
  0.429206	-0.15625
  0.429297	-0.117188
  0.429388	-0.0859375
  0.429478	-0.046875
  0.429569	0.0390625
  0.42966	0.15625
  0.429751	0.296875
  0.429841	0.375
  0.429932	0.40625
  0.430023	0.445312
  0.430113	0.40625
  0.430204	0.296875
  0.430295	0.148438
  0.430385	0.0234375
  0.430476	-0.0625
  0.430567	-0.171875
  0.430658	-0.195312
  0.430748	-0.195312
  0.430839	-0.140625
  0.43093	-0.0625
  0.43102	-0.0234375
  0.431111	0.03125
  0.431202	0.101562
  0.431293	0.148438
  0.431383	0.179688
  0.431474	0.179688
  0.431565	0.195312
  0.431655	0.21875
  0.431746	0.179688
  0.431837	0.109375
  0.431927	0.0546875
  0.432018	0.0078125
  0.432109	-0.0703125
  0.4322	-0.132812
  0.43229	-0.15625
  0.432381	-0.171875
  0.432472	-0.15625
  0.432562	-0.109375
  0.432653	-0.046875
  0.432744	0
  0.432834	0.0859375
  0.432925	0.0078125
  0.433016	-0.0546875
  0.433107	0.0078125
  0.433197	-0.0078125
  0.433288	-0.03125
  0.433379	0.0625
  0.433469	0.09375
  0.43356	0.203125
  0.433651	0.335938
  0.433742	0.21875
  0.433832	0.164062
  0.433923	0.203125
  0.434014	0.03125
  0.434104	-0.0546875
  0.434195	-0.101562
  0.434286	-0.226562
  0.434376	-0.15625
  0.434467	-0.101562
  0.434558	-0.179688
  0.434649	-0.148438
  0.434739	-0.117188
  0.43483	-0.179688
  0.434921	-0.171875
  0.435011	-0.164062
  0.435102	-0.148438
  0.435193	0.0078125
  0.435283	0.132812
  0.435374	0.171875
  0.435465	0.242188
  0.435556	0.25
  0.435646	0.21875
  0.435737	0.15625
  0.435828	0.0078125
  0.435918	-0.101562
  0.436009	-0.148438
  0.4361	-0.21875
  0.43619	-0.257812
  0.436281	-0.273438
  0.436372	-0.226562
  0.436463	-0.171875
  0.436553	-0.148438
  0.436644	-0.09375
  0.436735	0.03125
  0.436825	0.148438
  0.436916	0.273438
  0.437007	0.320312
  0.437098	0.367188
  0.437188	0.40625
  0.437279	0.351562
  0.43737	0.242188
  0.43746	0.125
  0.437551	0.0078125
  0.437642	-0.09375
  0.437732	-0.210938
  0.437823	-0.25
  0.437914	-0.242188
  0.438005	-0.195312
  0.438095	-0.109375
  0.438186	-0.0625
  0.438277	0.03125
  0.438367	0.132812
  0.438458	0.171875
  0.438549	0.195312
  0.438639	0.195312
  0.43873	0.203125
  0.438821	0.1875
  0.438912	0.125
  0.439002	0.078125
  0.439093	0.0546875
  0.439184	0.0234375
  0.439274	-0.0234375
  0.439365	-0.09375
  0.439456	-0.148438
  0.439546	-0.164062
  0.439637	-0.15625
  0.439728	-0.132812
  0.439819	-0.078125
  0.439909	-0.101562
  0.44	-0.125
  0.440091	-0.0703125
  0.440181	-0.046875
  0.440272	-0.0703125
  0.440363	0.0234375
  0.440454	0.09375
  0.440544	0.226562
  0.440635	0.367188
  0.440726	0.28125
  0.440816	0.28125
  0.440907	0.320312
  0.440998	0.125
  0.441088	0.0078125
  0.441179	-0.078125
  0.44127	-0.171875
  0.441361	-0.148438
  0.441451	-0.164062
  0.441542	-0.242188
  0.441633	-0.179688
  0.441723	-0.148438
  0.441814	-0.203125
  0.441905	-0.164062
  0.441995	-0.132812
  0.442086	-0.132812
  0.442177	-0.015625
  0.442268	0.09375
  0.442358	0.15625
  0.442449	0.28125
  0.44254	0.335938
  0.44263	0.304688
  0.442721	0.25
  0.442812	0.0859375
  0.442902	-0.0546875
  0.442993	-0.0859375
  0.443084	-0.179688
  0.443175	-0.257812
  0.443265	-0.273438
  0.443356	-0.273438
  0.443447	-0.21875
  0.443537	-0.179688
  0.443628	-0.109375
  0.443719	0.0078125
  0.44381	0.125
  0.4439	0.210938
  0.443991	0.273438
  0.444082	0.382812
  0.444172	0.460938
  0.444263	0.4375
  0.444354	0.382812
  0.444444	0.265625
  0.444535	0.132812
  0.444626	0.015625
  0.444717	-0.125
  0.444807	-0.195312
  0.444898	-0.195312
  0.444989	-0.179688
  0.445079	-0.125
  0.44517	-0.0625
  0.445261	0.015625
  0.445351	0.0625
  0.445442	0.09375
  0.445533	0.140625
  0.445624	0.148438
  0.445714	0.171875
  0.445805	0.171875
  0.445896	0.140625
  0.445986	0.148438
  0.446077	0.148438
  0.446168	0.117188
  0.446259	0.0703125
  0.446349	-0.015625
  0.44644	-0.0625
  0.446531	-0.046875
  0.446621	-0.046875
  0.446712	-0.0546875
  0.446803	-0.125
  0.446893	-0.1875
  0.446984	-0.125
  0.447075	-0.078125
  0.447166	-0.101562
  0.447256	-0.0390625
  0.447347	0.09375
  0.447438	0.242188
  0.447528	0.34375
  0.447619	0.3125
  0.44771	0.3125
  0.4478	0.367188
  0.447891	0.28125
  0.447982	0.148438
  0.448073	0.046875
  0.448163	-0.0546875
  0.448254	-0.109375
  0.448345	-0.148438
  0.448435	-0.242188
  0.448526	-0.265625
  0.448617	-0.234375
  0.448707	-0.265625
  0.448798	-0.273438
  0.448889	-0.265625
  0.44898	-0.265625
  0.44907	-0.132812
  0.449161	0.0390625
  0.449252	0.101562
  0.449342	0.195312
  0.449433	0.28125
  0.449524	0.3125
  0.449615	0.320312
  0.449705	0.21875
  0.449796	0.0859375
  0.449887	0.046875
  0.449977	-0.015625
  0.450068	-0.148438
  0.450159	-0.234375
  0.450249	-0.234375
  0.45034	-0.203125
  0.450431	-0.1875
  0.450522	-0.195312
  0.450612	-0.148438
  0.450703	-0.046875
  0.450794	0.0546875
  0.450884	0.117188
  0.450975	0.242188
  0.451066	0.382812
  0.451156	0.4375
  0.451247	0.453125
  0.451338	0.40625
  0.451429	0.296875
  0.451519	0.203125
  0.45161	0.078125
  0.451701	-0.046875
  0.451791	-0.101562
  0.451882	-0.132812
  0.451973	-0.117188
  0.452063	-0.109375
  0.452154	-0.101562
  0.452245	-0.0625
  0.452336	-0.03125
  0.452426	0.0078125
  0.452517	0.0078125
  0.452608	0.0234375
  0.452698	0.0625
  0.452789	0.0859375
  0.45288	0.117188
  0.452971	0.125
  0.453061	0.109375
  0.453152	0.0859375
  0.453243	0.0390625
  0.453333	-0.03125
  0.453424	-0.0234375
  0.453515	-0.0625
  0.453605	-0.078125
  0.453696	-0.117188
  0.453787	-0.1875
  0.453878	-0.1875
  0.453968	-0.171875
  0.454059	-0.164062
  0.45415	-0.117188
  0.45424	-0.03125
  0.454331	0.078125
  0.454422	0.1875
  0.454512	0.210938
  0.454603	0.210938
  0.454694	0.25
  0.454785	0.21875
  0.454875	0.148438
  0.454966	0.0546875
  0.455057	-0.03125
  0.455147	-0.0703125
  0.455238	-0.078125
  0.455329	-0.15625
  0.455419	-0.210938
  0.45551	-0.210938
  0.455601	-0.265625
  0.455692	-0.273438
  0.455782	-0.273438
  0.455873	-0.28125
  0.455964	-0.203125
  0.456054	-0.0859375
  0.456145	-0.0234375
  0.456236	0.078125
  0.456327	0.140625
  0.456417	0.1875
  0.456508	0.234375
  0.456599	0.210938
  0.456689	0.109375
  0.45678	0.0625
  0.456871	0.015625
  0.456961	-0.046875
  0.457052	-0.0859375
  0.457143	-0.125
  0.457234	-0.148438
  0.457324	-0.109375
  0.457415	-0.101562
  0.457506	-0.132812
  0.457596	-0.0859375
  0.457687	-0.015625
  0.457778	0.046875
  0.457868	0.117188
  0.457959	0.15625
  0.45805	0.195312
  0.458141	0.265625
  0.458231	0.289062
  0.458322	0.257812
  0.458413	0.21875
  0.458503	0.164062
  0.458594	0.0703125
  0.458685	0.0078125
  0.458776	-0.046875
  0.458866	-0.0703125
  0.458957	-0.03125
  0.459048	-0.0234375
  0.459138	-0.03125
  0.459229	0
  0.45932	0.0234375
  0.45941	0.015625
  0.459501	-0.0078125
  0.459592	-0.015625
  0.459683	0
  0.459773	0.03125
  0.459864	0.0625
  0.459955	0.046875
  0.460045	0.046875
  0.460136	0.0625
  0.460227	0.0625
  0.460317	0.0703125
  0.460408	0.0546875
  0.460499	-0.015625
  0.46059	-0.09375
  0.46068	-0.101562
  0.460771	-0.109375
  0.460862	-0.109375
  0.460952	-0.0546875
  0.461043	0.0078125
  0.461134	0.109375
  0.461224	0.21875
  0.461315	0.195312
  0.461406	0.203125
  0.461497	0.257812
  0.461587	0.21875
  0.461678	0.132812
  0.461769	0.09375
  0.461859	0.03125
  0.46195	0.0078125
  0.462041	0
  0.462132	-0.0703125
  0.462222	-0.125
  0.462313	-0.117188
  0.462404	-0.15625
  0.462494	-0.171875
  0.462585	-0.164062
  0.462676	-0.203125
  0.462766	-0.140625
  0.462857	-0.03125
  0.462948	0.015625
  0.463039	0.09375
  0.463129	0.171875
  0.46322	0.1875
  0.463311	0.25
  0.463401	0.203125
  0.463492	0.078125
  0.463583	0.0625
  0.463673	0.0546875
  0.463764	-0.015625
  0.463855	-0.0234375
  0.463946	-0.0234375
  0.464036	-0.0234375
  0.464127	0.03125
  0.464218	0
  0.464308	-0.0390625
  0.464399	-0.0078125
  0.46449	0.0078125
  0.464581	0.03125
  0.464671	0.0859375
  0.464762	0.140625
  0.464853	0.179688
  0.464943	0.25
  0.465034	0.265625
  0.465125	0.226562
  0.465215	0.21875
  0.465306	0.203125
  0.465397	0.148438
  0.465488	0.101562
  0.465578	0.0390625
  0.465669	0.03125
  0.46576	0.0625
  0.46585	0.03125
  0.465941	-0.015625
  0.466032	-0.0078125
  0.466122	-0.0234375
  0.466213	-0.046875
  0.466304	-0.0546875
  0.466395	-0.046875
  0.466485	-0.0234375
  0.466576	0.0078125
  0.466667	0.015625
  0.466757	0.015625
  0.466848	0.0390625
  0.466939	0.0390625
  0.467029	0.0546875
  0.46712	0.0703125
  0.467211	0.0234375
  0.467302	-0.09375
  0.467392	-0.117188
  0.467483	-0.109375
  0.467574	-0.117188
  0.467664	-0.132812
  0.467755	-0.09375
  0.467846	-0.0234375
  0.467937	0.09375
  0.468027	0.140625
  0.468118	0.132812
  0.468209	0.164062
  0.468299	0.171875
  0.46839	0.101562
  0.468481	0.046875
  0.468571	-0.015625
  0.468662	-0.078125
  0.468753	-0.09375
  0.468844	-0.117188
  0.468934	-0.164062
  0.469025	-0.179688
  0.469116	-0.226562
  0.469206	-0.273438
  0.469297	-0.257812
  0.469388	-0.289062
  0.469478	-0.304688
  0.469569	-0.21875
  0.46966	-0.0859375
  0.469751	-0.03125
  0.469841	0.046875
  0.469932	0.117188
  0.470023	0.171875
  0.470113	0.203125
  0.470204	0.148438
  0.470295	0.0859375
  0.470385	0.0703125
  0.470476	0.015625
  0.470567	-0.0390625
  0.470658	-0.015625
  0.470748	-0.0078125
  0.470839	-0.015625
  0.47093	-0.0078125
  0.47102	-0.0234375
  0.471111	-0.03125
  0.471202	-0.046875
  0.471293	-0.0546875
  0.471383	0
  0.471474	0.0625
  0.471565	0.078125
  0.471655	0.148438
  0.471746	0.226562
  0.471837	0.25
  0.471927	0.21875
  0.472018	0.226562
  0.472109	0.1875
  0.4722	0.140625
  0.47229	0.101562
  0.472381	0.0546875
  0.472472	0.0625
  0.472562	0.046875
  0.472653	0
  0.472744	-0.015625
  0.472834	-0.0234375
  0.472925	-0.0703125
  0.473016	-0.078125
  0.473107	-0.0703125
  0.473197	-0.0703125
  0.473288	-0.0703125
  0.473379	-0.0390625
  0.473469	-0.0234375
  0.47356	0.0078125
  0.473651	0.015625
  0.473741	0.0234375
  0.473832	0.0625
  0.473923	0.0625
  0.474014	-0.046875
  0.474104	-0.109375
  0.474195	-0.09375
  0.474286	-0.0859375
  0.474376	-0.0546875
  0.474467	0
  0.474558	0.09375
  0.474649	0.195312
  0.474739	0.257812
  0.47483	0.25
  0.474921	0.257812
  0.475011	0.25
  0.475102	0.1875
  0.475193	0.140625
  0.475283	0.0859375
  0.475374	-0.0078125
  0.475465	-0.0390625
  0.475556	-0.03125
  0.475646	-0.0703125
  0.475737	-0.125
  0.475828	-0.195312
  0.475918	-0.242188
  0.476009	-0.226562
  0.4761	-0.234375
  0.47619	-0.234375
  0.476281	-0.140625
  0.476372	-0.03125
  0.476463	0.0234375
  0.476553	0.101562
  0.476644	0.148438
  0.476735	0.171875
  0.476825	0.195312
  0.476916	0.164062
  0.477007	0.101562
  0.477098	0.0859375
  0.477188	0.0390625
  0.477279	0.03125
  0.47737	0.0625
  0.47746	0.046875
  0.477551	0.0078125
  0.477642	0.015625
  0.477732	-0.0234375
  0.477823	-0.078125
  0.477914	-0.125
  0.478005	-0.148438
  0.478095	-0.117188
  0.478186	-0.0390625
  0.478277	0.0078125
  0.478367	0.109375
  0.478458	0.210938
  0.478549	0.242188
  0.478639	0.257812
  0.47873	0.257812
  0.478821	0.21875
  0.478912	0.1875
  0.479002	0.171875
  0.479093	0.148438
  0.479184	0.132812
  0.479274	0.101562
  0.479365	0.0625
  0.479456	0.0625
  0.479546	0.0625
  0.479637	0.0078125
  0.479728	-0.0234375
  0.479819	-0.0390625
  0.479909	-0.0625
  0.48	-0.0625
  0.480091	-0.0390625
  0.480181	-0.0234375
  0.480272	0.0078125
  0.480363	0.0234375
  0.480454	0.0234375
  0.480544	0.0859375
  0.480635	0.0859375
  0.480726	0.0078125
  0.480816	-0.0625
  0.480907	-0.0546875
  0.480998	-0.0546875
  0.481088	-0.0625
  0.481179	-0.0234375
  0.48127	0.0703125
  0.481361	0.195312
  0.481451	0.257812
  0.481542	0.265625
  0.481633	0.257812
  0.481723	0.203125
  0.481814	0.125
  0.481905	0.078125
  0.481995	0.015625
  0.482086	-0.0390625
  0.482177	-0.0625
  0.482268	-0.078125
  0.482358	-0.09375
  0.482449	-0.140625
  0.48254	-0.210938
  0.48263	-0.265625
  0.482721	-0.289062
  0.482812	-0.34375
  0.482902	-0.359375
  0.482993	-0.28125
  0.483084	-0.164062
  0.483175	-0.0625
  0.483265	0.03125
  0.483356	0.0859375
  0.483447	0.125
  0.483537	0.140625
  0.483628	0.101562
  0.483719	0.078125
  0.48381	0.0546875
  0.4839	0.0390625
  0.483991	0.0546875
  0.484082	0.09375
  0.484172	0.078125
  0.484263	0.046875
  0.484354	0.0234375
  0.484444	-0.0234375
  0.484535	-0.0859375
  0.484626	-0.148438
  0.484717	-0.195312
  0.484807	-0.179688
  0.484898	-0.140625
  0.484989	-0.0859375
  0.485079	-0.0078125
  0.48517	0.0703125
  0.485261	0.132812
  0.485351	0.164062
  0.485442	0.171875
  0.485533	0.15625
  0.485624	0.15625
  0.485714	0.148438
  0.485805	0.15625
  0.485896	0.15625
  0.485986	0.125
  0.486077	0.09375
  0.486168	0.078125
  0.486258	0.0546875
  0.486349	0
  0.48644	-0.03125
  0.486531	-0.0703125
  0.486621	-0.09375
  0.486712	-0.109375
  0.486803	-0.101562
  0.486893	-0.0546875
  0.486984	-0.0078125
  0.487075	0
  0.487166	0.015625
  0.487256	0.0390625
  0.487347	0.0625
  0.487438	0.015625
  0.487528	-0.046875
  0.487619	-0.0703125
  0.48771	-0.0625
  0.4878	-0.0390625
  0.487891	0
  0.487982	0.0859375
  0.488073	0.195312
  0.488163	0.273438
  0.488254	0.289062
  0.488345	0.28125
  0.488435	0.242188
  0.488526	0.15625
  0.488617	0.0703125
  0.488707	0.03125
  0.488798	-0.046875
  0.488889	-0.101562
  0.48898	-0.101562
  0.48907	-0.101562
  0.489161	-0.132812
  0.489252	-0.1875
  0.489342	-0.25
  0.489433	-0.304688
  0.489524	-0.335938
  0.489615	-0.34375
  0.489705	-0.296875
  0.489796	-0.21875
  0.489887	-0.125
  0.489977	-0.0234375
  0.490068	0.078125
  0.490159	0.117188
  0.490249	0.125
  0.49034	0.117188
  0.490431	0.15625
  0.490522	0.164062
  0.490612	0.148438
  0.490703	0.164062
  0.490794	0.226562
  0.490884	0.234375
  0.490975	0.195312
  0.491066	0.15625
  0.491156	0.101562
  0.491247	0.0546875
  0.491338	-0.015625
  0.491429	-0.078125
  0.491519	-0.09375
  0.49161	-0.0859375
  0.491701	-0.0546875
  0.491791	0.0078125
  0.491882	0.0625
  0.491973	0.109375
  0.492063	0.164062
  0.492154	0.21875
  0.492245	0.21875
  0.492336	0.210938
  0.492426	0.210938
  0.492517	0.226562
  0.492608	0.210938
  0.492698	0.1875
  0.492789	0.15625
  0.49288	0.148438
  0.492971	0.101562
  0.493061	0.0234375
  0.493152	0
  0.493243	-0.0078125
  0.493333	0
  0.493424	-0.0078125
  0.493515	0
  0.493605	0.015625
  0.493696	0.0234375
  0.493787	-0.015625
  0.493878	-0.0078125
  0.493968	-0.03125
  0.494059	-0.046875
  0.49415	-0.0546875
  0.49424	-0.078125
  0.494331	-0.125
  0.494422	-0.132812
  0.494512	-0.078125
  0.494603	-0.046875
  0.494694	0.0078125
  0.494785	0.0546875
  0.494875	0.148438
  0.494966	0.226562
  0.495057	0.257812
  0.495147	0.242188
  0.495238	0.242188
  0.495329	0.195312
  0.49542	0.140625
  0.49551	0.078125
  0.495601	0.03125
  0.495692	-0.03125
  0.495782	-0.09375
  0.495873	-0.132812
  0.495964	-0.195312
  0.496054	-0.273438
  0.496145	-0.34375
  0.496236	-0.351562
  0.496327	-0.367188
  0.496417	-0.375
  0.496508	-0.359375
  0.496599	-0.296875
  0.496689	-0.234375
  0.49678	-0.140625
  0.496871	-0.0546875
  0.496961	0.0078125
  0.497052	0.046875
  0.497143	0.0703125
  0.497234	0.09375
  0.497324	0.101562
  0.497415	0.125
  0.497506	0.171875
  0.497596	0.234375
  0.497687	0.25
  0.497778	0.21875
  0.497868	0.164062
  0.497959	0.125
  0.49805	0.0703125
  0.498141	-0.0234375
  0.498231	-0.101562
  0.498322	-0.117188
  0.498413	-0.125
  0.498503	-0.109375
  0.498594	-0.046875
  0.498685	0
  0.498776	0.03125
  0.498866	0.09375
  0.498957	0.117188
  0.499048	0.125
  0.499138	0.125
  0.499229	0.125
  0.49932	0.148438
  0.49941	0.148438
  0.499501	0.140625
  0.499592	0.15625
  0.499683	0.148438
  0.499773	0.132812
  0.499864	0.09375
  0.499955	0.046875
  0.500045	0.0078125
  0.500136	-0.0234375
  0.500227	-0.0390625
  0.500317	-0.0234375
  0.500408	-0.015625
  0.500499	-0.0234375
  0.50059	-0.0078125
  0.50068	0.03125
  0.500771	0.0390625
  0.500862	0.015625
  0.500952	0.03125
  0.501043	0.0390625
  0.501134	0
  0.501224	-0.117188
  0.501315	-0.179688
  0.501406	-0.179688
  0.501497	-0.171875
  0.501587	-0.164062
  0.501678	-0.0859375
  0.501769	0.0234375
  0.501859	0.101562
  0.50195	0.164062
  0.502041	0.195312
  0.502132	0.203125
  0.502222	0.195312
  0.502313	0.179688
  0.502404	0.1875
  0.502494	0.15625
  0.502585	0.0859375
  0.502676	0.0546875
  0.502766	0.046875
  0.502857	-0.015625
  0.502948	-0.109375
  0.503039	-0.1875
  0.503129	-0.210938
  0.50322	-0.234375
  0.503311	-0.304688
  0.503401	-0.382812
  0.503492	-0.367188
  0.503583	-0.289062
  0.503673	-0.195312
  0.503764	-0.101562
  0.503855	0.0078125
  0.503946	0.132812
  0.504036	0.234375
  0.504127	0.273438
  0.504218	0.273438
  0.504308	0.257812
  0.504399	0.25
  0.50449	0.25
  0.50458	0.234375
  0.504671	0.1875
  0.504762	0.15625
  0.504853	0.164062
  0.504943	0.164062
  0.505034	0.109375
  0.505125	0.046875
  0.505215	0.0234375
  0.505306	0.015625
  0.505397	0.0078125
  0.505488	0.015625
  0.505578	0.03125
  0.505669	0.0703125
  0.50576	0.117188
  0.50585	0.140625
  0.505941	0.148438
  0.506032	0.132812
  0.506122	0.132812
  0.506213	0.132812
  0.506304	0.117188
  0.506395	0.09375
  0.506485	0.101562
  0.506576	0.125
  0.506667	0.140625
  0.506757	0.132812
  0.506848	0.117188
  0.506939	0.101562
  0.507029	0.015625
  0.50712	-0.0703125
  0.507211	-0.078125
  0.507302	-0.101562
  0.507392	-0.125
  0.507483	-0.132812
  0.507574	-0.0703125
  0.507664	-0.0078125
  0.507755	-0.015625
  0.507846	-0.046875
  0.507937	-0.0390625
  0.508027	-0.015625
  0.508118	-0.0390625
  0.508209	-0.046875
  0.508299	-0.0078125
  0.50839	0.0234375
  0.508481	0
  0.508571	0.0546875
  0.508662	0.101562
  0.508753	0.0625
  0.508844	-0.0390625
  0.508934	-0.0625
  0.509025	-0.0546875
  0.509116	-0.109375
  0.509206	-0.171875
  0.509297	-0.140625
  0.509388	-0.046875
  0.509478	-0.0234375
  0.509569	-0.015625
  0.50966	0
  0.509751	0.0078125
  0.509841	-0.015625
  0.509932	-0.015625
  0.510023	-0.03125
  0.510113	-0.078125
  0.510204	-0.125
  0.510295	-0.0859375
  0.510385	-0.03125
  0.510476	-0.03125
  0.510567	-0.046875
  0.510658	0
  0.510748	0.0390625
  0.510839	0.0078125
  0.51093	-0.03125
  0.51102	-0.0390625
  0.511111	-0.0234375
  0.511202	-0.015625
  0.511293	0.015625
  0.511383	0.0546875
  0.511474	0.078125
  0.511565	0.0703125
  0.511655	0.09375
  0.511746	0.109375
  0.511837	0.0703125
  0.511927	0.0234375
  0.512018	0.0234375
  0.512109	0.03125
  0.5122	0.015625
  0.51229	0.0078125
  0.512381	0.03125
  0.512472	0.078125
  0.512562	0.0859375
  0.512653	0.09375
  0.512744	0.101562
  0.512834	0.078125
  0.512925	0.0625
  0.513016	0.0625
  0.513107	0.0625
  0.513197	0.0546875
  0.513288	0.0703125
  0.513379	0.0859375
  0.513469	0.0859375
  0.51356	0.078125
  0.513651	0.0625
  0.513741	0.046875
  0.513832	0.03125
  0.513923	0.0078125
  0.514014	-0.015625
  0.514104	-0.0078125
  0.514195	0.0078125
  0.514286	0
  0.514376	0.015625
  0.514467	0.03125
  0.514558	0.015625
  0.514649	-0.0078125
  0.514739	-0.0234375
  0.51483	-0.0390625
  0.514921	-0.0546875
  0.515011	-0.0625
  0.515102	-0.0390625
  0.515193	-0.015625
  0.515283	0.0078125
  0.515374	0.046875
  0.515465	0.0703125
  0.515556	0.0546875
  0.515646	0.03125
  0.515737	0.0078125
  0.515828	-0.015625
  0.515918	-0.046875
  0.516009	-0.0859375
  0.5161	-0.109375
  0.51619	-0.109375
  0.516281	-0.078125
  0.516372	-0.0234375
  0.516463	0
  0.516553	0.015625
  0.516644	0.03125
  0.516735	0.0390625
  0.516825	0.0390625
  0.516916	0.03125
  0.517007	0.03125
  0.517098	0.03125
  0.517188	0.0390625
  0.517279	0.0625
  0.51737	0.0859375
  0.51746	0.078125
  0.517551	0.101562
  0.517642	0.117188
  0.517732	0.125
  0.517823	0.117188
  0.517914	0.0859375
  0.518005	0.0625
  0.518095	0.0546875
  0.518186	0.0390625
  0.518277	0
  0.518367	-0.015625
  0.518458	-0.0078125
  0.518549	-0.0078125
  0.518639	-0.0390625
  0.51873	-0.0546875
  0.518821	-0.0546875
  0.518912	-0.03125
  0.519002	-0.015625
  0.519093	-0.015625
  0.519184	0
  0.519274	0.0234375
  0.519365	0.0625
  0.519456	0.0859375
  0.519546	0.101562
  0.519637	0.117188
  0.519728	0.125
  0.519819	0.125
  0.519909	0.117188
  0.52	0.101562
  0.520091	0.078125
  0.520181	0.0703125
  0.520272	0.0703125
  0.520363	0.0546875
  0.520454	0.0390625
  0.520544	0.03125
  0.520635	0.0234375
  0.520726	0.0078125
  0.520816	-0.015625
  0.520907	-0.0078125
  0.520998	0
  0.521088	0.0078125
  0.521179	0.0234375
  0.52127	0.03125
  0.521361	0.0234375
  0.521451	0.015625
  0.521542	0.015625
  0.521633	0.0078125
  0.521723	0.0078125
  0.521814	0.015625
  0.521905	0
  0.521995	0.0078125
  0.522086	0.0078125
  0.522177	0.015625
  0.522268	0.03125
  0.522358	0.0078125
  0.522449	0.0078125
  0.52254	0.015625
  0.52263	-0.015625
  0.522721	-0.0390625
  0.522812	-0.0546875
  0.522902	-0.078125
  0.522993	-0.078125
  0.523084	-0.078125
  0.523175	-0.0703125
  0.523265	-0.0625
  0.523356	-0.0390625
  0.523447	-0.0078125
  0.523537	0.015625
  0.523628	0.03125
  0.523719	0.0234375
  0.52381	0
  0.5239	-0.03125
  0.523991	-0.046875
  0.524082	-0.0390625
  0.524172	-0.03125
  0.524263	-0.015625
  0.524354	-0.0078125
  0.524444	-0.0234375
  0.524535	-0.03125
  0.524626	-0.046875
  0.524717	-0.046875
  0.524807	-0.0234375
  0.524898	0.015625
  0.524989	0.0390625
  0.525079	0.0546875
  0.52517	0.078125
  0.525261	0.0859375
  0.525351	0.09375
  0.525442	0.078125
  0.525533	0.046875
  0.525624	0.0234375
  0.525714	0.0234375
  0.525805	0.0234375
  0.525896	0.015625
  0.525986	0.0234375
  0.526077	0.0390625
  0.526168	0.046875
  0.526258	0.03125
  0.526349	-0.015625
  0.52644	-0.046875
  0.526531	-0.0546875
  0.526621	-0.0625
  0.526712	-0.0625
  0.526803	-0.0390625
  0.526893	0
  0.526984	0.0234375
  0.527075	0.0390625
  0.527166	0.0625
  0.527256	0.078125
  0.527347	0.078125
  0.527438	0.0625
  0.527528	0.0625
  0.527619	0.0625
  0.52771	0.078125
  0.5278	0.09375
  0.527891	0.109375
  0.527982	0.125
  0.528073	0.125
  0.528163	0.109375
  0.528254	0.078125
  0.528345	0.0390625
  0.528435	0.0234375
  0.528526	0.015625
  0.528617	0.0234375
  0.528707	0.0234375
  0.528798	0.0390625
  0.528889	0.046875
  0.52898	0.0625
  0.52907	0.0703125
  0.529161	0.0625
  0.529252	0.0546875
  0.529342	0.03125
  0.529433	0.0234375
  0.529524	0.0390625
  0.529615	0.0390625
  0.529705	0.046875
  0.529796	0.046875
  0.529887	0.0546875
  0.529977	0.0546875
  0.530068	0.0390625
  0.530159	0.0234375
  0.530249	0.0078125
  0.53034	0.0078125
  0.530431	0.0078125
  0.530522	-0.0078125
  0.530612	-0.03125
  0.530703	-0.03125
  0.530794	-0.03125
  0.530884	-0.0234375
  0.530975	-0.0234375
  0.531066	-0.0234375
  0.531156	-0.015625
  0.531247	-0.015625
  0.531338	-0.0234375
  0.531429	-0.03125
  0.531519	-0.015625
  0.53161	-0.015625
  0.531701	0.0078125
  0.531791	0.03125
  0.531882	0.0234375
  0.531973	0
  0.532063	-0.0078125
  0.532154	-0.0078125
  0.532245	-0.015625
  0.532336	-0.0234375
  0.532426	-0.0234375
  0.532517	-0.015625
  0.532608	-0.0234375
  0.532698	-0.015625
  0.532789	0
  0.53288	0
  0.532971	0
  0.533061	0
  0.533152	0.015625
  0.533243	0.015625
  0.533333	0.0078125
  0.533424	0.0078125
  0.533515	0.015625
  0.533605	0.046875
  0.533696	0.0625
  0.533787	0.0859375
  0.533878	0.0703125
  0.533968	0.046875
  0.534059	0.03125
  0.53415	0.015625
  0.53424	0.0078125
  0.534331	0
  0.534422	0.0078125
  0.534512	-0.0078125
  0.534603	0
  0.534694	0.0078125
  0.534785	0.03125
  0.534875	0.0234375
  0.534966	0.0078125
  0.535057	0
  0.535147	-0.0234375
  0.535238	-0.015625
  0.535329	0.0078125
  0.53542	0.03125
  0.53551	0.0390625
  0.535601	0.046875
  0.535692	0.0625
  0.535782	0.0625
  0.535873	0.0546875
  0.535964	0.0546875
  0.536054	0.0546875
  0.536145	0.0703125
  0.536236	0.0625
  0.536327	0.0390625
  0.536417	0.0234375
  0.536508	0.015625
  0.536599	0.015625
  0.536689	0
  0.53678	-0.0078125
  0.536871	-0.015625
  0.536961	0
  0.537052	0
  0.537143	-0.015625
  0.537234	-0.015625
  0.537324	-0.0234375
  0.537415	-0.015625
  0.537506	-0.0234375
  0.537596	-0.015625
  0.537687	-0.0078125
  0.537778	-0.0078125
  0.537868	0
  0.537959	0.0078125
  0.53805	0.015625
  0.538141	0.0234375
  0.538231	0.015625
  0.538322	0.015625
  0.538413	0.0234375
  0.538503	0.03125
  0.538594	0.03125
  0.538685	0.03125
  0.538776	0.0390625
  0.538866	0.0234375
  0.538957	0
  0.539048	-0.0234375
  0.539138	-0.03125
  0.539229	-0.015625
  0.53932	0
  0.53941	0.0078125
  0.539501	0.015625
  0.539592	0.046875
  0.539683	0.0546875
  0.539773	0.046875
  0.539864	0.03125
  0.539955	0.0234375
  0.540045	0.0234375
  0.540136	0.0234375
  0.540227	0.03125
  0.540317	0.03125
  0.540408	0.0390625
  0.540499	0.03125
  0.54059	0.0234375
  0.54068	0.0078125
  0.540771	0
  0.540862	0.0078125
  0.540952	0.0078125
  0.541043	0.0078125
  0.541134	0
  0.541224	0.0078125
  0.541315	0.015625
  0.541406	0.03125
  0.541497	0.03125
  0.541587	0.046875
  0.541678	0.0546875
  0.541769	0.046875
  0.541859	0.0546875
  0.54195	0.0625
  0.542041	0.078125
  0.542132	0.078125
  0.542222	0.078125
  0.542313	0.078125
  0.542404	0.0625
  0.542494	0.046875
  0.542585	0.046875
  0.542676	0.0390625
  0.542766	0.046875
  0.542857	0.046875
  0.542948	0.0546875
  0.543039	0.0703125
  0.543129	0.078125
  0.54322	0.0546875
  0.543311	0.015625
  0.543401	-0.0234375
  0.543492	-0.046875
  0.543583	-0.046875
  0.543673	-0.03125
  0.543764	0
  0.543855	0.015625
  0.543946	0.03125
  0.544036	0.03125
  0.544127	0.03125
  0.544218	0.03125
  0.544308	0.03125
  0.544399	0.03125
  0.54449	0.0234375
  0.544581	0.015625
  0.544671	0.015625
  0.544762	0.0078125
  0.544853	-0.0078125
  0.544943	-0.015625
  0.545034	-0.0234375
  0.545125	-0.015625
  0.545215	0
  0.545306	0
  0.545397	-0.0078125
  0.545488	-0.0234375
  0.545578	-0.0234375
  0.545669	-0.03125
  0.54576	-0.0234375
  0.54585	-0.0078125
  0.545941	-0.015625
  0.546032	-0.0234375
  0.546122	-0.0234375
  0.546213	-0.0234375
  0.546304	0.0078125
  0.546395	0.03125
  0.546485	0.03125
  0.546576	0.0234375
  0.546667	0.03125
  0.546757	0.03125
  0.546848	0.0234375
  0.546939	0.015625
  0.547029	-0.0078125
  0.54712	-0.0078125
  0.547211	-0.0078125
  0.547302	-0.015625
  0.547392	-0.0234375
  0.547483	-0.015625
  0.547574	0.0078125
  0.547664	0.0234375
  0.547755	0.0234375
  0.547846	0.015625
  0.547937	0.0234375
  0.548027	0.015625
  0.548118	0.0078125
  0.548209	0
  0.548299	0.015625
  0.54839	0.015625
  0.548481	0.0078125
  0.548571	0.015625
  0.548662	0.03125
  0.548753	0.0234375
  0.548844	0.015625
  0.548934	0.015625
  0.549025	0.0078125
  0.549116	0.0078125
  0.549206	0.03125
  0.549297	0.046875
  0.549388	0.0390625
  0.549478	0.046875
  0.549569	0.0546875
  0.54966	0.046875
  0.549751	0.0546875
  0.549841	0.0703125
  0.549932	0.0703125
  0.550023	0.0703125
  0.550113	0.0625
  0.550204	0.0546875
  0.550295	0.046875
  0.550385	0.015625
  0.550476	0
  0.550567	0.015625
  0.550658	0.0234375
  0.550748	0.0390625
  0.550839	0.0234375
  0.55093	0.015625
  0.55102	0.015625
  0.551111	0.0078125
  0.551202	0.015625
  0.551293	0.0078125
  0.551383	0.0078125
  0.551474	0.0078125
  0.551565	0
  0.551655	0
  0.551746	0.0078125
  0.551837	0.03125
  0.551927	0.0234375
  0.552018	0.0234375
  0.552109	0.03125
  0.5522	0.015625
  0.55229	0.015625
  0.552381	0.0234375
  0.552472	0.0234375
  0.552562	0.0234375
  0.552653	0.03125
  0.552744	0.015625
  0.552834	0
  0.552925	-0.0078125
  0.553016	0
  0.553107	0.0234375
  0.553197	0.0234375
  0.553288	0.0078125
  0.553379	0
  0.553469	0.0078125
  0.55356	0.015625
  0.553651	0.03125
  0.553741	0.03125
  0.553832	0.0234375
  0.553923	0.03125
  0.554014	0.0390625
  0.554104	0.0390625
  0.554195	0.046875
  0.554286	0.046875
  0.554376	0.046875
  0.554467	0.0390625
  0.554558	0.03125
  0.554649	0.015625
  0.554739	0
  0.55483	-0.0234375
  0.554921	-0.0390625
  0.555011	-0.0390625
  0.555102	-0.0390625
  0.555193	-0.03125
  0.555283	-0.0078125
  0.555374	0.015625
  0.555465	0.03125
  0.555556	0.03125
  0.555646	0.03125
  0.555737	0.0390625
  0.555828	0.0390625
  0.555918	0.03125
  0.556009	0.015625
  0.5561	0.0078125
  0.55619	0.0078125
  0.556281	0.0078125
  0.556372	0.0234375
  0.556463	0.0234375
  0.556553	0.015625
  0.556644	0
  0.556735	-0.0078125
  0.556825	-0.0078125
  0.556916	0
  0.557007	0.0234375
  0.557098	0.0234375
  0.557188	0.03125
  0.557279	0.0234375
  0.55737	0.0078125
  0.55746	-0.015625
  0.557551	-0.015625
  0.557642	-0.0078125
  0.557732	0.0078125
  0.557823	0.0234375
  0.557914	0.0234375
  0.558005	0.015625
  0.558095	0.015625
  0.558186	0.0234375
  0.558277	0.0078125
  0.558367	0.0078125
  0.558458	0
  0.558549	-0.015625
  0.558639	-0.0078125
  0.55873	0.0234375
  0.558821	0.03125
  0.558912	0.0546875
  0.559002	0.0625
  0.559093	0.0625
  0.559184	0.0625
  0.559274	0.0546875
  0.559365	0.046875
  0.559456	0.046875
  0.559546	0.0546875
  0.559637	0.0546875
  0.559728	0.046875
  0.559819	0.03125
  0.559909	0.0390625
  0.56	0.03125
  0.560091	0.03125
  0.560181	0.046875
  0.560272	0.046875
  0.560363	0.0703125
  0.560454	0.078125
  0.560544	0.078125
  0.560635	0.0703125
  0.560726	0.0625
  0.560816	0.046875
  0.560907	0.0546875
  0.560998	0.046875
  0.561088	0.046875
  0.561179	0.0546875
  0.56127	0.046875
  0.561361	0.046875
  0.561451	0.03125
  0.561542	0.0234375
  0.561633	0.015625
  0.561723	-0.0078125
  0.561814	-0.0234375
  0.561905	-0.015625
  0.561995	0
  0.562086	0.015625
  0.562177	0.0234375
  0.562268	0.015625
  0.562358	0
  0.562449	-0.0078125
  0.56254	-0.03125
  0.56263	-0.046875
  0.562721	-0.0390625
  0.562812	-0.03125
  0.562902	-0.0234375
  0.562993	-0.015625
  0.563084	-0.015625
  0.563175	-0.015625
  0.563265	-0.0234375
  0.563356	-0.0390625
  0.563447	-0.046875
  0.563537	-0.03125
  0.563628	-0.0390625
  0.563719	-0.0390625
  0.56381	-0.03125
  0.5639	-0.0234375
  0.563991	-0.015625
  0.564082	-0.015625
  0.564172	-0.015625
  0.564263	-0.015625
  0.564354	-0.0234375
  0.564444	-0.03125
  0.564535	-0.03125
  0.564626	-0.015625
  0.564717	0
  0.564807	-0.0078125
  0.564898	0
  0.564989	-0.0078125
  0.565079	-0.0078125
  0.56517	-0.0078125
  0.565261	0
  0.565351	0
  0.565442	-0.015625
  0.565533	0
  0.565624	0.0078125
  0.565714	0.0234375
  0.565805	0.0234375
  0.565896	0.015625
  0.565986	0.015625
  0.566077	-0.0078125
  0.566168	-0.0234375
  0.566258	-0.03125
  0.566349	-0.0078125
  0.56644	0.0078125
  0.566531	0.0234375
  0.566621	0.0390625
  0.566712	0.0546875
  0.566803	0.03125
  0.566893	0.0234375
  0.566984	0.03125
  0.567075	0.0390625
  0.567166	0.046875
  0.567256	0.0390625
  0.567347	0.015625
  0.567438	0.03125
  0.567528	0.0390625
  0.567619	0.0390625
  0.56771	0.0546875
  0.5678	0.0546875
  0.567891	0.0625
  0.567982	0.0625
  0.568073	0.0546875
  0.568163	0.046875
  0.568254	0.03125
  0.568345	0.03125
  0.568435	0.03125
  0.568526	0.03125
  0.568617	0.046875
  0.568707	0.046875
  0.568798	0.0625
  0.568889	0.0703125
  0.56898	0.0703125
  0.56907	0.0625
  0.569161	0.0546875
  0.569252	0.046875
  0.569342	0.0390625
  0.569433	0.0546875
  0.569524	0.0625
  0.569615	0.078125
  0.569705	0.0859375
  0.569796	0.09375
  0.569887	0.0859375
  0.569977	0.0625
  0.570068	0.046875
  0.570159	0.0234375
  0.570249	0.0078125
  0.57034	-0.0078125
  0.570431	-0.0078125
  0.570522	0.015625
  0.570612	0.046875
  0.570703	0.0625
  0.570794	0.0703125
  0.570884	0.0703125
  0.570975	0.0703125
  0.571066	0.046875
  0.571156	0.0234375
  0.571247	0.015625
  0.571338	0.0078125
  0.571429	0.015625
  0.571519	0.03125
  0.57161	0.03125
  0.571701	0.0234375
  0.571791	0.0234375
  0.571882	0.03125
  0.571973	0.0234375
  0.572063	0.015625
  0.572154	0.0078125
  0.572245	0.0078125
  0.572336	0.0078125
  0.572426	0.0078125
  0.572517	0
  0.572608	-0.0078125
  0.572698	-0.015625
  0.572789	-0.015625
  0.57288	0
  0.572971	0.0078125
  0.573061	0.0234375
  0.573152	0.0234375
  0.573243	0.015625
  0.573333	0.015625
  0.573424	0
  0.573515	-0.0078125
  0.573605	-0.0078125
  0.573696	-0.0078125
  0.573787	0
  0.573878	0
  0.573968	0.0078125
  0.574059	0.0078125
  0.57415	0.015625
  0.57424	0.0078125
  0.574331	0.0078125
  0.574422	0.0234375
  0.574512	0.015625
  0.574603	0.0234375
  0.574694	0.015625
  0.574785	0.0078125
  0.574875	0.0078125
  0.574966	0
  0.575057	0
  0.575147	0.0078125
  0.575238	0
  0.575329	0.0078125
  0.575419	0.0078125
  0.57551	0.0078125
  0.575601	0.0078125
  0.575692	0
  0.575782	0.015625
  0.575873	0.015625
  0.575964	0.015625
  0.576054	0.015625
  0.576145	0.015625
  0.576236	0.0234375
  0.576327	0.015625
  0.576417	0.0078125
  0.576508	0
  0.576599	0
  0.576689	0.015625
  0.57678	0.0234375
  0.576871	0.015625
  0.576961	0.0078125
  0.577052	-0.0078125
  0.577143	-0.03125
  0.577234	-0.046875
  0.577324	-0.046875
  0.577415	-0.046875
  0.577506	-0.0546875
  0.577596	-0.046875
  0.577687	-0.0390625
  0.577778	-0.046875
  0.577868	-0.03125
  0.577959	-0.015625
  0.57805	0
  0.578141	0.015625
  0.578231	0.015625
  0.578322	0.03125
  0.578413	0.0390625
  0.578503	0.03125
  0.578594	0.0390625
  0.578685	0.046875
  0.578776	0.03125
  0.578866	0.0390625
  0.578957	0.03125
  0.579048	0.0234375
  0.579138	0.0234375
  0.579229	0.0234375
  0.57932	0.0390625
  0.57941	0.046875
  0.579501	0.0546875
  0.579592	0.0625
  0.579683	0.0625
  0.579773	0.046875
  0.579864	0.0390625
  0.579955	0.0390625
  0.580045	0.046875
  0.580136	0.0546875
  0.580227	0.0546875
  0.580317	0.0625
  0.580408	0.0703125
  0.580499	0.0703125
  0.58059	0.0546875
  0.58068	0.046875
  0.580771	0.046875
  0.580862	0.03125
  0.580952	0.0234375
  0.581043	0.03125
  0.581134	0.0546875
  0.581224	0.0625
  0.581315	0.0546875
  0.581406	0.0546875
  0.581497	0.0546875
  0.581587	0.0546875
  0.581678	0.046875
  0.581769	0.03125
  0.581859	0.015625
  0.58195	0.0078125
  0.582041	0
  0.582132	-0.0078125
  0.582222	0
  0.582313	-0.015625
  0.582404	-0.0234375
  0.582494	-0.0234375
  0.582585	-0.015625
  0.582676	-0.0078125
  0.582766	-0.0078125
  0.582857	0
  0.582948	0
  0.583039	-0.015625
  0.583129	-0.0078125
  0.58322	-0.0234375
  0.583311	-0.0234375
  0.583401	-0.015625
  0.583492	-0.015625
  0.583583	-0.015625
  0.583673	-0.0078125
  0.583764	-0.0078125
  0.583855	0.015625
  0.583946	0.0234375
  0.584036	0.0234375
  0.584127	0.0390625
  0.584218	0.03125
  0.584308	0.0078125
  0.584399	-0.0078125
  0.58449	-0.0078125
  0.58458	-0.0078125
  0.584671	0.015625
  0.584762	0.0234375
  0.584853	0.03125
  0.584943	0.0546875
  0.585034	0.0625
  0.585125	0.0546875
  0.585215	0.0625
  0.585306	0.046875
  0.585397	0.046875
  0.585488	0.046875
  0.585578	0.0546875
  0.585669	0.0546875
  0.58576	0.046875
  0.58585	0.046875
  0.585941	0.046875
  0.586032	0.046875
  0.586122	0.046875
  0.586213	0.03125
  0.586304	0.03125
  0.586395	0.0234375
  0.586485	0.015625
  0.586576	0.0234375
  0.586667	0.0234375
  0.586757	0.0234375
  0.586848	0.0234375
  0.586939	0.015625
  0.587029	0.0234375
  0.58712	0.015625
  0.587211	0.0078125
  0.587302	0
  0.587392	0
  0.587483	-0.0078125
  0.587574	-0.015625
  0.587664	0
  0.587755	0.0078125
  0.587846	0.0078125
  0.587937	0.0078125
  0.588027	0.0078125
  0.588118	0.0078125
  0.588209	0.0078125
  0.588299	0.0234375
  0.58839	0.03125
  0.588481	0.0390625
  0.588571	0.0390625
  0.588662	0.03125
  0.588753	0.0234375
  0.588844	0.0078125
  0.588934	0
  0.589025	0
  0.589116	0
  0.589206	-0.015625
  0.589297	-0.015625
  0.589388	-0.015625
  0.589478	0
  0.589569	0.0078125
  0.58966	0.0078125
  0.589751	0.015625
  0.589841	0.0078125
  0.589932	0
  0.590023	0.0078125
  0.590113	0.015625
  0.590204	0.015625
  0.590295	0.0234375
  0.590385	0.015625
  0.590476	0
  0.590567	-0.03125
  0.590658	-0.0234375
  0.590748	-0.03125
  0.590839	-0.03125
  0.59093	-0.015625
  0.59102	0
  0.591111	0.0078125
  0.591202	0.0078125
  0.591293	-0.0078125
  0.591383	-0.0078125
  0.591474	0
  0.591565	0.015625
  0.591655	0.03125
  0.591746	0.03125
  0.591837	0.0078125
  0.591927	-0.015625
  0.592018	-0.03125
  0.592109	-0.015625
  0.5922	0.0078125
  0.59229	0.0078125
  0.592381	0.015625
  0.592472	0.03125
  0.592562	0.046875
  0.592653	0.0546875
  0.592744	0.0625
  0.592834	0.0625
  0.592925	0.0546875
  0.593016	0.0546875
  0.593107	0.0390625
  0.593197	0.0390625
  0.593288	0.0390625
  0.593379	0.0390625
  0.593469	0.0390625
  0.59356	0.0546875
  0.593651	0.0546875
  0.593742	0.046875
  0.593832	0.03125
  0.593923	0.015625
  0.594014	0.015625
  0.594104	0.015625
  0.594195	0.0078125
  0.594286	0
  0.594376	0.015625
  0.594467	0.03125
  0.594558	0.03125
  0.594649	0.0234375
  0.594739	0.015625
  0.59483	0.015625
  0.594921	0.015625
  0.595011	0.015625
  0.595102	0.015625
  0.595193	0.015625
  0.595283	0.015625
  0.595374	0.0234375
  0.595465	0.0234375
  0.595556	0.0234375
  0.595646	0.03125
  0.595737	0.0234375
  0.595828	0.015625
  0.595918	0.015625
  0.596009	0.03125
  0.5961	0.0234375
  0.59619	0.03125
  0.596281	0.0390625
  0.596372	0.0390625
  0.596463	0.046875
  0.596553	0.0390625
  0.596644	0.03125
  0.596735	0.03125
  0.596825	0.0390625
  0.596916	0.0546875
  0.597007	0.0546875
  0.597098	0.046875
  0.597188	0.046875
  0.597279	0.0390625
  0.59737	0.03125
  0.59746	0.0234375
  0.597551	0.03125
  0.597642	0.0390625
  0.597732	0.0546875
  0.597823	0.0703125
  0.597914	0.0703125
  0.598005	0.0625
  0.598095	0.0546875
  0.598186	0.0234375
  0.598277	0.015625
  0.598367	0
  0.598458	-0.015625
  0.598549	-0.015625
  0.598639	-0.0234375
  0.59873	-0.0234375
  0.598821	-0.015625
  0.598912	-0.0078125
  0.599002	-0.015625
  0.599093	-0.0078125
  0.599184	-0.0078125
  0.599274	0.0078125
  0.599365	0.0234375
  0.599456	0.0234375
  0.599546	0.03125
  0.599637	0.03125
  0.599728	0.015625
  0.599819	0.0234375
  0.599909	0.015625
  0.6	0.0078125
  0.600091	0
  0.600181	-0.0078125
  0.600272	-0.0234375
  0.600363	-0.0390625
  0.600454	-0.03125
  0.600544	-0.0234375
  0.600635	-0.0078125
  0.600726	-0.0078125
  0.600816	-0.0078125
  0.600907	-0.015625
  0.600998	-0.015625
  0.601088	-0.015625
  0.601179	-0.0234375
  0.60127	-0.015625
  0.601361	-0.0078125
  0.601451	-0.0078125
  0.601542	-0.015625
  0.601633	-0.0234375
  0.601723	-0.0234375
  0.601814	-0.0234375
  0.601905	-0.03125
  0.601995	-0.0234375
  0.602086	-0.03125
  0.602177	-0.03125
  0.602268	-0.015625
  0.602358	0
  0.602449	0.015625
  0.60254	0.0234375
  0.60263	0.0390625
  0.602721	0.046875
  0.602812	0.0390625
  0.602902	0.03125
  0.602993	0.0234375
  0.603084	0.0234375
  0.603175	0.0078125
  0.603265	-0.0078125
  0.603356	0
  0.603447	0.015625
  0.603537	0.03125
  0.603628	0.0390625
  0.603719	0.046875
  0.60381	0.0625
  0.6039	0.078125
  0.603991	0.0859375
  0.604082	0.0859375
  0.604172	0.0703125
  0.604263	0.0625
  0.604354	0.0546875
  0.604444	0.0546875
  0.604535	0.0546875
  0.604626	0.0546875
  0.604717	0.0546875
  0.604807	0.046875
  0.604898	0.0390625
  0.604989	0.03125
  0.605079	0.03125
  0.60517	0.046875
  0.605261	0.0546875
  0.605351	0.0625
  0.605442	0.0546875
  0.605533	0.0390625
  0.605624	0.03125
  0.605714	0.0234375
  0.605805	0.015625
  0.605896	0.0234375
  0.605986	0.03125
  0.606077	0.03125
  0.606168	0.0234375
  0.606259	0.03125
  0.606349	0.0234375
  0.60644	0.015625
  0.606531	0
  0.606621	0
  0.606712	-0.0078125
  0.606803	-0.015625
  0.606893	-0.0078125
  0.606984	-0.0078125
  0.607075	-0.0234375
  0.607166	-0.03125
  0.607256	-0.0234375
  0.607347	-0.0234375
  0.607438	-0.015625
  0.607528	-0.0390625
  0.607619	-0.0234375
  0.60771	-0.0078125
  0.6078	0
  0.607891	0.0078125
  0.607982	0.0234375
  0.608073	0.03125
  0.608163	0.03125
  0.608254	0.0234375
  0.608345	0.03125
  0.608435	0.0390625
  0.608526	0.046875
  0.608617	0.0546875
  0.608707	0.046875
  0.608798	0.0390625
  0.608889	0.0390625
  0.60898	0.0390625
  0.60907	0.03125
  0.609161	0.03125
  0.609252	0.03125
  0.609342	0.046875
  0.609433	0.0546875
  0.609524	0.046875
  0.609615	0.03125
  0.609705	0.0390625
  0.609796	0.0625
  0.609887	0.078125
  0.609977	0.0859375
  0.610068	0.0859375
  0.610159	0.078125
  0.610249	0.0703125
  0.61034	0.078125
  0.610431	0.0859375
  0.610522	0.0703125
  0.610612	0.0625
  0.610703	0.0546875
  0.610794	0.03125
  0.610884	0.0390625
  0.610975	0.046875
  0.611066	0.046875
  0.611156	0.03125
  0.611247	0.0078125
  0.611338	-0.0078125
  0.611429	-0.015625
  0.611519	-0.03125
  0.61161	-0.0390625
  0.611701	-0.0234375
  0.611791	-0.0234375
  0.611882	0
  0.611973	0.015625
  0.612063	0.015625
  0.612154	0.0078125
  0.612245	-0.0078125
  0.612336	-0.0390625
  0.612426	-0.0625
  0.612517	-0.0546875
  0.612608	-0.0390625
  0.612698	-0.03125
  0.612789	-0.015625
  0.61288	0
  0.612971	-0.0078125
  0.613061	-0.0234375
  0.613152	-0.0390625
  0.613243	-0.03125
  0.613333	-0.0234375
  0.613424	-0.015625
  0.613515	0
  0.613605	0.0078125
  0.613696	0.0078125
  0.613787	0.015625
  0.613878	0.0078125
  0.613968	0
  0.614059	-0.0078125
  0.61415	-0.015625
  0.61424	-0.015625
  0.614331	0.0078125
  0.614422	0.0234375
  0.614512	0.046875
  0.614603	0.046875
  0.614694	0.0390625
  0.614785	0.0234375
  0.614875	0.0078125
  0.614966	0
  0.615057	-0.015625
  0.615147	0
  0.615238	0.03125
  0.615329	0.0546875
  0.61542	0.0546875
  0.61551	0.03125
  0.615601	0.0078125
  0.615692	0
  0.615782	-0.015625
  0.615873	-0.0234375
  0.615964	-0.0234375
  0.616054	-0.0078125
  0.616145	0.015625
  0.616236	0.03125
  0.616327	0.0234375
  0.616417	0
  0.616508	-0.0078125
  0.616599	-0.0078125
  0.616689	-0.015625
  0.61678	-0.0078125
  0.616871	-0.0078125
  0.616961	-0.0078125
  0.617052	0.0078125
  0.617143	0.0078125
  0.617234	0.015625
  0.617324	0.0234375
  0.617415	0.015625
  0.617506	0.0234375
  0.617596	0.0078125
  0.617687	-0.0078125
  0.617778	-0.015625
  0.617868	-0.0234375
  0.617959	-0.03125
  0.61805	-0.0234375
  0.618141	-0.0078125
  0.618231	0.03125
  0.618322	0.0390625
  0.618413	0.0234375
  0.618503	0.0234375
  0.618594	0.015625
  0.618685	0.0234375
  0.618776	0.015625
  0.618866	0.0234375
  0.618957	0.046875
  0.619048	0.0546875
  0.619138	0.046875
  0.619229	0.0546875
  0.61932	0.0625
  0.61941	0.0625
  0.619501	0.0703125
  0.619592	0.0546875
  0.619683	0.046875
  0.619773	0.0390625
  0.619864	0.0390625
  0.619955	0.03125
  0.620045	0.0390625
  0.620136	0.0546875
  0.620227	0.0703125
  0.620317	0.078125
  0.620408	0.0625
  0.620499	0.046875
  0.62059	0.0234375
  0.62068	0.0234375
  0.620771	0.0390625
  0.620862	0.046875
  0.620952	0.03125
  0.621043	0.03125
  0.621134	0.0234375
  0.621224	0.046875
  0.621315	0.0390625
  0.621406	0.0546875
  0.621497	0.0625
  0.621587	0.0546875
  0.621678	0.0625
  0.621769	0.0546875
  0.621859	0.0546875
  0.62195	0.046875
  0.622041	0.046875
  0.622132	0.046875
  0.622222	0.0625
  0.622313	0.0625
  0.622404	0.0546875
  0.622494	0.046875
  0.622585	0.0390625
  0.622676	0.046875
  0.622766	0.0546875
  0.622857	0.0625
  0.622948	0.0625
  0.623039	0.0625
  0.623129	0.0625
  0.62322	0.0625
  0.623311	0.0625
  0.623401	0.0546875
  0.623492	0.0625
  0.623583	0.0625
  0.623673	0.0625
  0.623764	0.0546875
  0.623855	0.046875
  0.623946	0.0390625
  0.624036	0.0390625
  0.624127	0.046875
  0.624218	0.0390625
  0.624308	0.0390625
  0.624399	0.0390625
  0.62449	0.0234375
  0.62458	0.0078125
  0.624671	0
  0.624762	0.0078125
  0.624853	0
  0.624943	0
  0.625034	0
  0.625125	0
  0.625215	0
  0.625306	-0.015625
  0.625397	-0.015625
  0.625488	-0.0234375
  0.625578	-0.0390625
  0.625669	-0.046875
  0.62576	-0.0546875
  0.62585	-0.046875
  0.625941	-0.046875
  0.626032	-0.0390625
  0.626122	-0.015625
  0.626213	0
  0.626304	-0.0078125
  0.626395	-0.015625
  0.626485	0
  0.626576	0.0078125
  0.626667	0
  0.626757	0
  0.626848	0
  0.626939	-0.0078125
  0.627029	-0.0078125
  0.62712	0
  0.627211	0
  0.627302	0
  0.627392	0
  0.627483	-0.0234375
  0.627574	-0.046875
  0.627664	-0.046875
  0.627755	-0.0390625
  0.627846	-0.03125
  0.627937	-0.0234375
  0.628027	-0.015625
  0.628118	0
  0.628209	-0.015625
  0.628299	-0.0234375
  0.62839	-0.015625
  0.628481	-0.0234375
  0.628571	-0.015625
  0.628662	-0.0078125
  0.628753	0
  0.628844	-0.0078125
  0.628934	0.0078125
  0.629025	0.03125
  0.629116	0.0234375
  0.629206	0.0078125
  0.629297	0.0078125
  0.629388	0.0078125
  0.629478	0
  0.629569	0
  0.62966	0.0078125
  0.629751	0.015625
  0.629841	0.015625
  0.629932	0.015625
  0.630023	0.0234375
  0.630113	0.0078125
  0.630204	0.0078125
  0.630295	0.015625
  0.630385	0.015625
  0.630476	0.015625
  0.630567	0.03125
  0.630658	0.0234375
  0.630748	0.0234375
  0.630839	0.0390625
  0.63093	0.046875
  0.63102	0.046875
  0.631111	0.046875
  0.631202	0.03125
  0.631293	0.0234375
  0.631383	0.015625
  0.631474	0
  0.631565	0
  0.631655	0
  0.631746	0
  0.631837	-0.0078125
  0.631927	0
  0.632018	-0.0078125
  0.632109	-0.0078125
  0.6322	0.015625
  0.63229	0.0234375
  0.632381	0.015625
  0.632472	0.015625
  0.632562	0.0078125
  0.632653	0.0078125
  0.632744	0.015625
  0.632834	0.03125
  0.632925	0.0390625
  0.633016	0.046875
  0.633107	0.0390625
  0.633197	0.046875
  0.633288	0.0390625
  0.633379	0.046875
  0.633469	0.046875
  0.63356	0.0546875
  0.633651	0.0703125
  0.633741	0.0859375
  0.633832	0.0859375
  0.633923	0.0625
  0.634014	0.0546875
  0.634104	0.0390625
  0.634195	0.015625
  0.634286	0.0234375
  0.634376	0.0390625
  0.634467	0.03125
  0.634558	0.0234375
  0.634649	0.0234375
  0.634739	0.0234375
  0.63483	0.0234375
  0.634921	0.0390625
  0.635011	0.0625
  0.635102	0.0546875
  0.635193	0.0546875
  0.635283	0.046875
  0.635374	0.0546875
  0.635465	0.0625
  0.635556	0.0625
  0.635646	0.0625
  0.635737	0.0546875
  0.635828	0.046875
  0.635918	0.0234375
  0.636009	0.015625
  0.6361	0.015625
  0.63619	0.0234375
  0.636281	0.046875
  0.636372	0.046875
  0.636463	0.0390625
  0.636553	0.03125
  0.636644	0.015625
  0.636735	0.0234375
  0.636825	0.015625
  0.636916	0.0234375
  0.637007	0.046875
  0.637098	0.046875
  0.637188	0.046875
  0.637279	0.03125
  0.63737	0.015625
  0.63746	0.0078125
  0.637551	0.0078125
  0.637642	0.015625
  0.637732	0.0390625
  0.637823	0.046875
  0.637914	0.0625
  0.638005	0.0546875
  0.638095	0.0390625
  0.638186	0.0234375
  0.638277	0.0078125
  0.638367	0.0234375
  0.638458	0.0234375
  0.638549	0.03125
  0.638639	0.0390625
  0.63873	0.046875
  0.638821	0.046875
  0.638912	0.0390625
  0.639002	0.0390625
  0.639093	0.03125
  0.639184	0.0234375
  0.639274	0.0234375
  0.639365	0.0234375
  0.639456	0.0078125
  0.639546	0.015625
  0.639637	0.015625
  0.639728	0
  0.639819	0.0078125
  0.639909	0.0078125
  0.64	0.0078125
  0.640091	0.0078125
  0.640181	0
  0.640272	0
  0.640363	0
  0.640454	0
  0.640544	-0.0078125
  0.640635	-0.0078125
  0.640726	0
  0.640816	0.0078125
  0.640907	0
  0.640998	0
  0.641088	-0.0078125
  0.641179	-0.0078125
  0.64127	0
  0.641361	-0.0078125
  0.641451	-0.015625
  0.641542	-0.03125
  0.641633	-0.0234375
  0.641723	-0.0234375
  0.641814	-0.0234375
  0.641905	-0.03125
  0.641995	-0.03125
  0.642086	-0.03125
  0.642177	-0.015625
  0.642268	0.015625
  0.642358	0.0234375
  0.642449	0.0234375
  0.64254	0.03125
  0.64263	0.0390625
  0.642721	0.0234375
  0.642812	0.0078125
  0.642902	0.015625
  0.642993	0
  0.643084	-0.015625
  0.643175	-0.0234375
  0.643265	-0.0078125
  0.643356	0
  0.643447	-0.0078125
  0.643537	-0.0078125
  0.643628	0
  0.643719	0.0078125
  0.64381	0.0078125
  0.6439	0
  0.643991	0.0078125
  0.644082	0.0078125
  0.644172	-0.0078125
  0.644263	0
  0.644354	-0.0078125
  0.644444	-0.0078125
  0.644535	-0.0078125
  0.644626	-0.0234375
  0.644717	-0.03125
  0.644807	-0.03125
  0.644898	-0.03125
  0.644989	-0.03125
  0.645079	-0.0234375
  0.64517	-0.0078125
  0.645261	-0.0078125
  0.645351	-0.0078125
  0.645442	-0.0078125
  0.645533	-0.015625
  0.645624	-0.0234375
  0.645714	-0.015625
  0.645805	-0.015625
  0.645896	-0.0078125
  0.645986	-0.015625
  0.646077	-0.0234375
  0.646168	-0.0234375
  0.646258	-0.0078125
  0.646349	0
  0.64644	0.015625
  0.646531	0.0234375
  0.646621	0.03125
  0.646712	0.0390625
  0.646803	0.0546875
  0.646893	0.078125
  0.646984	0.078125
  0.647075	0.0703125
  0.647166	0.0625
  0.647256	0.0703125
  0.647347	0.078125
  0.647438	0.0625
  0.647528	0.0703125
  0.647619	0.0859375
  0.64771	0.078125
  0.6478	0.0859375
  0.647891	0.078125
  0.647982	0.0625
  0.648073	0.0546875
  0.648163	0.0546875
  0.648254	0.0625
  0.648345	0.0625
  0.648435	0.0625
  0.648526	0.0703125
  0.648617	0.0625
  0.648707	0.0546875
  0.648798	0.0546875
  0.648889	0.0625
  0.64898	0.0546875
  0.64907	0.046875
  0.649161	0.0546875
  0.649252	0.0546875
  0.649342	0.0546875
  0.649433	0.0546875
  0.649524	0.046875
  0.649615	0.046875
  0.649705	0.0390625
  0.649796	0.046875
  0.649887	0.046875
  0.649977	0.0390625
  0.650068	0.03125
  0.650159	0.046875
  0.650249	0.0546875
  0.65034	0.0546875
  0.650431	0.0625
  0.650522	0.046875
  0.650612	0.0234375
  0.650703	0.015625
  0.650794	0.0078125
  0.650884	0.015625
  0.650975	0.015625
  0.651066	0.0234375
  0.651156	0.0234375
  0.651247	0.03125
  0.651338	0.0390625
  0.651429	0.046875
  0.651519	0.0546875
  0.65161	0.0546875
  0.651701	0.0390625
  0.651791	0.0234375
  0.651882	0.0234375
  0.651973	0.0234375
  0.652063	0.015625
  0.652154	0.0234375
  0.652245	0.0234375
  0.652336	0.0390625
  0.652426	0.046875
  0.652517	0.046875
  0.652608	0.0546875
  0.652698	0.046875
  0.652789	0.046875
  0.65288	0.03125
  0.652971	0.0234375
  0.653061	0.0234375
  0.653152	0.03125
  0.653243	0.046875
  0.653333	0.0390625
  0.653424	0.0390625
  0.653515	0.0546875
  0.653605	0.046875
  0.653696	0.0390625
  0.653787	0.03125
  0.653878	0.0390625
  0.653968	0.046875
  0.654059	0.0546875
  0.65415	0.0625
  0.65424	0.0546875
  0.654331	0.0625
  0.654422	0.046875
  0.654512	0.0390625
  0.654603	0.03125
  0.654694	0.015625
  0.654785	0.0078125
  0.654875	0.015625
  0.654966	0.015625
  0.655057	-0.015625
  0.655147	-0.0078125
  0.655238	0
  0.655329	-0.0078125
  0.65542	-0.015625
  0.65551	-0.0234375
  0.655601	-0.0390625
  0.655692	-0.046875
  0.655782	-0.046875
  0.655873	-0.0390625
  0.655964	-0.03125
  0.656054	-0.0078125
  0.656145	0.0234375
  0.656236	-0.0390625
  0.656327	-0.0859375
  0.656417	-0.015625
  0.656508	-0.015625
  0.656599	-0.0390625
  0.656689	-0.0390625
  0.65678	-0.0390625
  0.656871	-0.0546875
  0.656961	-0.0546875
  0.657052	-0.0703125
  0.657143	-0.0859375
  0.657234	-0.0859375
  0.657324	-0.078125
  0.657415	-0.0546875
  0.657506	-0.0546875
  0.657596	-0.0546875
  0.657687	-0.046875
  0.657778	-0.0234375
  0.657868	-0.015625
  0.657959	-0.03125
  0.65805	-0.0234375
  0.658141	0
  0.658231	0.015625
  0.658322	0.015625
  0.658413	0.015625
  0.658503	0
  0.658594	-0.0078125
  0.658685	-0.015625
  0.658776	-0.0078125
  0.658866	0.015625
  0.658957	0.0390625
  0.659048	0.0625
  0.659138	0.0703125
  0.659229	0.0703125
  0.65932	0.0546875
  0.65941	0.0234375
  0.659501	0
  0.659592	0
  0.659683	0
  0.659773	0.015625
  0.659864	0.03125
  0.659955	0.0390625
  0.660045	0.0625
  0.660136	0.0625
  0.660227	0.0546875
  0.660317	0.0390625
  0.660408	0.046875
  0.660499	0.0546875
  0.66059	0.0546875
  0.66068	0.0625
  0.660771	0.0625
  0.660862	0.0703125
  0.660952	0.078125
  0.661043	0.078125
  0.661134	0.0625
  0.661224	0.0390625
  0.661315	0.0234375
  0.661406	0.0234375
  0.661497	0.03125
  0.661587	0.0390625
  0.661678	0.03125
  0.661769	0.03125
  0.661859	0.0234375
  0.66195	0.0234375
  0.662041	0.015625
  0.662132	0.0078125
  0.662222	0.015625
  0.662313	0.015625
  0.662404	0.015625
  0.662494	0.0234375
  0.662585	0.03125
  0.662676	0.0234375
  0.662766	0.015625
  0.662857	0.03125
  0.662948	0.0390625
  0.663039	0.03125
  0.663129	0.03125
  0.66322	0.03125
  0.663311	0.03125
  0.663401	0.0390625
  0.663492	0.046875
  0.663583	0.0625
  0.663673	0.0703125
  0.663764	0.0703125
  0.663855	0.0625
  0.663946	0.0625
  0.664036	0.0390625
  0.664127	0.0390625
  0.664218	0.0390625
  0.664308	0.03125
  0.664399	0.046875
  0.66449	0.0390625
  0.664581	0.0546875
  0.664671	0.0390625
  0.664762	0.03125
  0.664853	0.0390625
  0.664943	0.046875
  0.665034	0.0390625
  0.665125	0.0390625
  0.665215	0.0546875
  0.665306	0.0546875
  0.665397	0.03125
  0.665488	0.0390625
  0.665578	0.046875
  0.665669	0.03125
  0.66576	0.0390625
  0.66585	0.046875
  0.665941	0.03125
  0.666032	0.0234375
  0.666122	0.015625
  0.666213	0.0078125
  0.666304	0.015625
  0.666395	0.015625
  0.666485	0.0234375
  0.666576	0.0390625
  0.666667	0.046875
  0.666757	0.0546875
  0.666848	0.0625
  0.666939	0.0703125
  0.667029	0.0625
  0.66712	0.0390625
  0.667211	0.015625
  0.667302	0
  0.667392	0.015625
  0.667483	0.015625
  0.667574	0.015625
  0.667664	0.015625
  0.667755	0.0078125
  0.667846	0.015625
  0.667937	0.015625
  0.668027	0.015625
  0.668118	0.0234375
  0.668209	0.0390625
  0.668299	0.0546875
  0.66839	0.046875
  0.668481	0.0546875
  0.668571	0.0546875
  0.668662	0.0390625
  0.668753	0.0234375
  0.668844	0
  0.668934	0
  0.669025	-0.0078125
  0.669116	-0.0078125
  0.669206	-0.0078125
  0.669297	0
  0.669388	0.0078125
  0.669478	0.015625
  0.669569	0.015625
  0.66966	0.015625
  0.669751	0.015625
  0.669841	0.0078125
  0.669932	0.015625
  0.670023	0.015625
  0.670113	0
  0.670204	0.0078125
  0.670295	0.015625
  0.670385	0.0234375
  0.670476	0.0234375
  0.670567	0.015625
  0.670658	0.03125
  0.670748	0.03125
  0.670839	0.0234375
  0.67093	0.015625
  0.67102	0.015625
  0.671111	0.015625
  0.671202	0
  0.671293	-0.0234375
  0.671383	-0.03125
  0.671474	-0.03125
  0.671565	-0.015625
  0.671655	-0.0078125
  0.671746	-0.0078125
  0.671837	0
  0.671927	0
  0.672018	0.0078125
  0.672109	0
  0.6722	-0.0078125
  0.67229	-0.015625
  0.672381	-0.0234375
  0.672472	-0.0234375
  0.672562	-0.03125
  0.672653	-0.03125
  0.672744	-0.015625
  0.672834	0
  0.672925	0
  0.673016	0
  0.673107	-0.0078125
  0.673197	0.0078125
  0.673288	0
  0.673379	0
  0.673469	0
  0.67356	-0.015625
  0.673651	0
  0.673741	0.0078125
  0.673832	0.0078125
  0.673923	0.0078125
  0.674014	0.015625
  0.674104	0.0234375
  0.674195	0.03125
  0.674286	0.03125
  0.674376	0.0234375
  0.674467	0.0234375
  0.674558	0.0234375
  0.674649	0.015625
  0.674739	0
  0.67483	-0.0078125
  0.674921	0
  0.675011	-0.015625
  0.675102	-0.0234375
  0.675193	0
  0.675283	0
  0.675374	0.0078125
  0.675465	0.015625
  0.675556	0.015625
  0.675646	0.0234375
  0.675737	0.0390625
  0.675828	0.0546875
  0.675918	0.0625
  0.676009	0.078125
  0.6761	0.0703125
  0.67619	0.0625
  0.676281	0.046875
  0.676372	0.03125
  0.676463	0.0390625
  0.676553	0.0390625
  0.676644	0.0234375
  0.676735	0.0390625
  0.676825	0.0546875
  0.676916	0.078125
  0.677007	0.101562
  0.677098	0.09375
  0.677188	0.0859375
  0.677279	0.0703125
  0.67737	0.0625
  0.67746	0.0625
  0.677551	0.0625
  0.677642	0.046875
  0.677732	0.0546875
  0.677823	0.0625
  0.677914	0.078125
  0.678005	0.0703125
  0.678095	0.0390625
  0.678186	0.03125
  0.678277	0.0234375
  0.678367	0.015625
  0.678458	0.0078125
  0.678549	0.0234375
  0.678639	0.03125
  0.67873	0.0234375
  0.678821	0.03125
  0.678912	0.0234375
  0.679002	0.0234375
  0.679093	0.015625
  0.679184	0.0078125
  0.679274	0.0078125
  0.679365	0.0234375
  0.679456	0.0078125
  0.679546	-0.015625
  0.679637	0.015625
  0.679728	-0.046875
  0.679819	-0.0078125
  0.679909	-0.0078125
  0.68	-0.0078125
  0.680091	0.0390625
  0.680181	0.0234375
  0.680272	0.0234375
  0.680363	0.03125
  0.680454	0.03125
  0.680544	0.0234375
  0.680635	0.0234375
  0.680726	0.0234375
  0.680816	0.03125
  0.680907	0.015625
  0.680998	0.015625
  0.681088	0.0078125
  0.681179	0.015625
  0.68127	0.015625
  0.681361	0.015625
  0.681451	0.015625
  0.681542	0.03125
  0.681633	0.03125
  0.681723	0.03125
  0.681814	0.03125
  0.681905	0.03125
  0.681995	0.046875
  0.682086	0.0546875
  0.682177	0.0625
  0.682268	0.0625
  0.682358	0.0625
  0.682449	0.0703125
  0.68254	0.0703125
  0.68263	0.0546875
  0.682721	0.0390625
  0.682812	0.0390625
  0.682902	0.03125
  0.682993	0.0546875
  0.683084	0.0546875
  0.683175	0.0703125
  0.683265	0.0859375
  0.683356	0.0859375
  0.683447	0.0625
  0.683537	0.046875
  0.683628	0.03125
  0.683719	0.0234375
  0.68381	0.0390625
  0.6839	0.0234375
  0.683991	0.03125
  0.684082	0.046875
  0.684172	0.0625
  0.684263	0.046875
  0.684354	0.03125
  0.684444	0.046875
  0.684535	0.03125
  0.684626	0.0234375
  0.684717	0
  0.684807	-0.015625
  0.684898	-0.0078125
  0.684989	-0.015625
  0.685079	0
  0.68517	0.0078125
  0.685261	-0.0078125
  0.685351	0.015625
  0.685442	0
  0.685533	-0.0234375
  0.685624	-0.0234375
  0.685714	-0.015625
  0.685805	-0.03125
  0.685896	-0.015625
  0.685986	-0.0078125
  0.686077	-0.0078125
  0.686168	0
  0.686258	0.0078125
  0.686349	0
  0.68644	-0.0078125
  0.686531	-0.03125
  0.686621	-0.0390625
  0.686712	-0.03125
  0.686803	-0.03125
  0.686893	-0.0390625
  0.686984	-0.03125
  0.687075	-0.0390625
  0.687166	-0.03125
  0.687256	-0.0234375
  0.687347	-0.0234375
  0.687438	-0.015625
  0.687528	-0.0078125
  0.687619	-0.0078125
  0.68771	-0.015625
  0.6878	-0.0078125
  0.687891	-0.0078125
  0.687982	-0.0078125
  0.688073	-0.0078125
  0.688163	0
  0.688254	0.0078125
  0.688345	0
  0.688435	-0.0078125
  0.688526	0.0078125
  0.688617	0
  0.688707	-0.0078125
  0.688798	0.0078125
  0.688889	0.0078125
  0.68898	0
  0.68907	-0.0078125
  0.689161	-0.0078125
  0.689252	0
  0.689342	0
  0.689433	-0.0078125
  0.689524	0
  0.689615	0.0234375
  0.689705	0.0234375
  0.689796	0.03125
  0.689887	0.03125
  0.689977	0.0234375
  0.690068	0.0234375
  0.690159	0.03125
  0.690249	0.03125
  0.69034	0.046875
  0.690431	0.0390625
  0.690522	0.0625
  0.690612	0.0703125
  0.690703	0.078125
  0.690794	0.0625
  0.690884	0.0546875
  0.690975	0.046875
  0.691066	0.0234375
  0.691156	0.015625
  0.691247	0
  0.691338	0.015625
  0.691429	0.0234375
  0.691519	0.03125
  0.69161	0.046875
  0.691701	0.0703125
  0.691791	0.0625
  0.691882	0.0546875
  0.691973	0.0390625
  0.692063	0.03125
  0.692154	0.0390625
  0.692245	0.03125
  0.692336	0.0234375
  0.692426	0.015625
  0.692517	0.03125
  0.692608	0.0234375
  0.692698	0.0078125
  0.692789	0.0234375
  0.69288	0.0234375
  0.692971	0.015625
  0.693061	0.015625
  0.693152	0.0078125
  0.693243	0.0078125
  0.693333	0.0078125
  0.693424	0.015625
  0.693515	0.0234375
  0.693605	0.03125
  0.693696	0.046875
  0.693787	0.046875
  0.693878	0.0390625
  0.693968	0.03125
  0.694059	0.03125
  0.69415	0.03125
  0.69424	0.03125
  0.694331	0.03125
  0.694422	0.0390625
  0.694512	0.046875
  0.694603	0.0546875
  0.694694	0.0390625
  0.694785	0.0390625
  0.694875	0.03125
  0.694966	0.015625
  0.695057	0.0234375
  0.695147	0.015625
  0.695238	0.015625
  0.695329	0.015625
  0.695419	0.0234375
  0.69551	0.03125
  0.695601	0.0390625
  0.695692	0.046875
  0.695782	0.046875
  0.695873	0.046875
  0.695964	0.03125
  0.696054	0.0234375
  0.696145	0.0234375
  0.696236	0.03125
  0.696327	0.03125
  0.696417	0.0390625
  0.696508	0.046875
  0.696599	0.0546875
  0.696689	0.0546875
  0.69678	0.0546875
  0.696871	0.0546875
  0.696961	0.046875
  0.697052	0.0390625
  0.697143	0.03125
  0.697234	0.0234375
  0.697324	0.0234375
  0.697415	0.0234375
  0.697506	0.0390625
  0.697596	0.046875
  0.697687	0.0390625
  0.697778	0.0390625
  0.697868	0.0390625
  0.697959	0.046875
  0.69805	0.03125
  0.698141	0.03125
  0.698231	0.0234375
  0.698322	0.015625
  0.698413	-0.0078125
  0.698503	0
  0.698594	0.0078125
  0.698685	0.015625
  0.698776	0.015625
  0.698866	0.015625
  0.698957	0.0234375
  0.699048	0.0078125
  0.699138	0
  0.699229	-0.0234375
  0.69932	-0.0390625
  0.69941	-0.046875
  0.699501	-0.046875
  0.699592	-0.015625
  0.699683	0.0078125
  0.699773	0.0078125
  0.699864	0.0078125
  0.699955	0.0078125
  0.700045	0.015625
  0.700136	0
  0.700227	-0.0078125
  0.700317	-0.0078125
  0.700408	0
  0.700499	0.015625
  0.70059	0.0234375
  0.70068	0.0234375
  0.700771	0.0078125
  0.700862	0
  0.700952	0
  0.701043	0
  0.701134	-0.0078125
  0.701224	-0.0078125
  0.701315	-0.0078125
  0.701406	0
  0.701497	0.015625
  0.701587	0.0234375
  0.701678	0.0234375
  0.701769	0.015625
  0.701859	0.015625
  0.70195	0.0234375
  0.702041	0.0234375
  0.702132	0.015625
  0.702222	0
  0.702313	-0.015625
  0.702404	-0.0078125
  0.702494	0.0234375
  0.702585	0.0390625
  0.702676	0.03125
  0.702766	0.0234375
  0.702857	0.015625
  0.702948	0.015625
  0.703039	0
  0.703129	0
  0.70322	-0.015625
  0.703311	-0.015625
  0.703401	-0.0078125
  0.703492	-0.0078125
  0.703583	0
  0.703673	0.0078125
  0.703764	0.015625
  0.703855	0.015625
  0.703946	0.0078125
  0.704036	0
  0.704127	-0.0078125
  0.704218	0.0078125
  0.704308	0.0234375
  0.704399	0.0078125
  0.70449	0.0078125
  0.704581	0.0078125
  0.704671	0.015625
  0.704762	0.0234375
  0.704853	0.0234375
  0.704943	0.03125
  0.705034	0.015625
  0.705125	0.0078125
  0.705215	0.0078125
  0.705306	0.0234375
  0.705397	0.0390625
  0.705488	0.046875
  0.705578	0.046875
  0.705669	0.0390625
  0.70576	0.0390625
  0.70585	0.0234375
  0.705941	0.015625
  0.706032	0.015625
  0.706122	0.015625
  0.706213	0.0234375
  0.706304	0.0234375
  0.706395	0.03125
  0.706485	0.03125
  0.706576	0.03125
  0.706667	0.03125
  0.706757	0.0234375
  0.706848	0.015625
  0.706939	0.0078125
  0.707029	0
  0.70712	0.0078125
  0.707211	0.0234375
  0.707302	0.03125
  0.707392	0.0234375
  0.707483	0.015625
  0.707574	0.015625
  0.707664	0.015625
  0.707755	0.015625
  0.707846	0.0234375
  0.707937	0.0234375
  0.708027	0.0390625
  0.708118	0.046875
  0.708209	0.03125
  0.708299	0.03125
  0.70839	0.03125
  0.708481	0.0390625
  0.708571	0.0390625
  0.708662	0.0390625
  0.708753	0.015625
  0.708844	0
  0.708934	-0.015625
  0.709025	-0.03125
  0.709116	-0.0390625
  0.709206	-0.046875
  0.709297	-0.03125
  0.709388	-0.0234375
  0.709478	-0.015625
  0.709569	-0.015625
  0.70966	0
  0.709751	0
  0.709841	0.0078125
  0.709932	0.03125
  0.710023	0.046875
  0.710113	0.0546875
  0.710204	0.046875
  0.710295	0.0546875
  0.710385	0.0546875
  0.710476	0.0546875
  0.710567	0.0546875
  0.710658	0.046875
  0.710748	0.046875
  0.710839	0.0546875
  0.71093	0.0546875
  0.71102	0.0546875
  0.711111	0.0625
  0.711202	0.0625
  0.711293	0.0546875
  0.711383	0.0625
  0.711474	0.046875
  0.711565	0.0390625
  0.711655	0.03125
  0.711746	0.015625
  0.711837	0.015625
  0.711927	0.03125
  0.712018	0.03125
  0.712109	0.03125
  0.7122	0.0234375
  0.71229	0.03125
  0.712381	0.0390625
  0.712472	0.046875
  0.712562	0.046875
  0.712653	0.0390625
  0.712744	0.03125
  0.712834	0.03125
  0.712925	0.03125
  0.713016	0.015625
  0.713107	0.0234375
  0.713197	0.046875
  0.713288	0.078125
  0.713379	0.0703125
  0.713469	0.0546875
  0.71356	0.046875
  0.713651	0.046875
  0.713742	0.0625
  0.713832	0.0703125
  0.713923	0.0703125
  0.714014	0.0703125
  0.714104	0.0546875
  0.714195	0.046875
  0.714286	0.046875
  0.714376	0.0390625
  0.714467	0.03125
  0.714558	0.015625
  0.714649	0.015625
  0.714739	0.0234375
  0.71483	0.03125
  0.714921	0.0390625
  0.715011	0.03125
  0.715102	0.03125
  0.715193	0.03125
  0.715283	0.015625
  0.715374	0.015625
  0.715465	0.0234375
  0.715556	0.015625
  0.715646	0.015625
  0.715737	0
  0.715828	-0.0078125
  0.715918	-0.015625
  0.716009	-0.015625
  0.7161	-0.0078125
  0.71619	-0.0078125
  0.716281	0
  0.716372	0.0078125
  0.716463	0
  0.716553	-0.015625
  0.716644	-0.0234375
  0.716735	-0.0234375
  0.716825	-0.0234375
  0.716916	-0.0234375
  0.717007	-0.0234375
  0.717098	-0.0234375
  0.717188	-0.0234375
  0.717279	-0.03125
  0.71737	-0.03125
  0.71746	-0.03125
  0.717551	-0.03125
  0.717642	-0.046875
  0.717732	-0.046875
  0.717823	-0.046875
  0.717914	-0.046875
  0.718005	-0.046875
  0.718095	-0.046875
  0.718186	-0.0390625
  0.718277	-0.03125
  0.718367	-0.03125
  0.718458	-0.0390625
  0.718549	-0.0390625
  0.718639	-0.0390625
  0.71873	-0.0234375
  0.718821	-0.015625
  0.718912	-0.015625
  0.719002	-0.015625
  0.719093	-0.0234375
  0.719184	-0.0078125
  0.719274	-0.0078125
  0.719365	-0.0078125
  0.719456	-0.0078125
  0.719546	-0.015625
  0.719637	-0.0234375
  0.719728	-0.015625
  0.719819	-0.015625
  0.719909	-0.015625
  0.72	-0.0234375
  0.720091	-0.0234375
  0.720181	-0.015625
  0.720272	-0.0078125
  0.720363	0.0078125
  0.720454	0.015625
  0.720544	0.0078125
  0.720635	0.015625
  0.720726	0.015625
  0.720816	0
  0.720907	0.0078125
  0.720998	0.0078125
  0.721088	0.015625
  0.721179	0.03125
  0.72127	0.046875
  0.721361	0.03125
  0.721451	0.015625
  0.721542	0.0078125
  0.721633	-0.0078125
  0.721723	-0.0078125
  0.721814	-0.015625
  0.721905	0
  0.721995	0
  0.722086	0.03125
  0.722177	0.0546875
  0.722268	0.0625
  0.722358	0.0625
  0.722449	0.046875
  0.72254	0.03125
  0.72263	0.0234375
  0.722721	0.03125
  0.722812	0.0390625
  0.722902	0.046875
  0.722993	0.046875
  0.723084	0.0390625
  0.723175	0.015625
  0.723265	-0.0078125
  0.723356	-0.0078125
  0.723447	0
  0.723537	-0.0078125
  0.723628	0
  0.723719	0.0078125
  0.72381	0.0234375
  0.7239	0.0390625
  0.723991	0.0546875
  0.724082	0.0546875
  0.724172	0.0546875
  0.724263	0.03125
  0.724354	0.015625
  0.724444	0.0078125
  0.724535	0.015625
  0.724626	0.0234375
  0.724717	0.03125
  0.724807	0.0390625
  0.724898	0.0390625
  0.724989	0.03125
  0.725079	0.0234375
  0.72517	0.03125
  0.725261	0.03125
  0.725351	0.0390625
  0.725442	0.0390625
  0.725533	0.0390625
  0.725624	0.0625
  0.725714	0.0859375
  0.725805	0.117188
  0.725896	0.125
  0.725986	0.125
  0.726077	0.101562
  0.726168	0.078125
  0.726259	0.0546875
  0.726349	0.046875
  0.72644	0.0546875
  0.726531	0.0703125
  0.726621	0.0859375
  0.726712	0.0703125
  0.726803	0.046875
  0.726893	0.03125
  0.726984	0.03125
  0.727075	0.046875
  0.727166	0.0703125
  0.727256	0.0625
  0.727347	0.0546875
  0.727438	0.0625
  0.727528	0.0703125
  0.727619	0.0703125
  0.72771	0.0703125
  0.7278	0.0703125
  0.727891	0.0546875
  0.727982	0.046875
  0.728073	0.03125
  0.728163	0.0234375
  0.728254	0.03125
  0.728345	0.03125
  0.728435	0.0234375
  0.728526	0.015625
  0.728617	0.015625
  0.728707	0
  0.728798	-0.015625
  0.728889	-0.0234375
  0.72898	-0.0234375
  0.72907	-0.0078125
  0.729161	0.015625
  0.729252	0.0234375
  0.729342	0.015625
  0.729433	0.015625
  0.729524	0.0078125
  0.729615	-0.015625
  0.729705	-0.0234375
  0.729796	-0.0390625
  0.729887	-0.0390625
  0.729977	-0.0390625
  0.730068	-0.0390625
  0.730159	-0.0390625
  0.730249	-0.015625
  0.73034	0.0078125
  0.730431	0.0078125
  0.730522	0
  0.730612	0
  0.730703	0
  0.730794	-0.0234375
  0.730884	-0.015625
  0.730975	-0.015625
  0.731066	-0.015625
  0.731156	-0.015625
  0.731247	-0.0234375
  0.731338	-0.0234375
  0.731429	-0.015625
  0.731519	-0.0078125
  0.73161	0
  0.731701	0
  0.731791	-0.0078125
  0.731882	-0.0078125
  0.731973	-0.03125
  0.732063	-0.03125
  0.732154	-0.03125
  0.732245	-0.03125
  0.732336	-0.0234375
  0.732426	-0.015625
  0.732517	-0.015625
  0.732608	-0.0078125
  0.732698	0.0078125
  0.732789	0.0078125
  0.73288	0.0078125
  0.732971	0.0078125
  0.733061	0.0078125
  0.733152	0.0078125
  0.733243	0.015625
  0.733333	0.0234375
  0.733424	0.0078125
  0.733515	0.0078125
  0.733605	0.0234375
  0.733696	0.0390625
  0.733787	0.03125
  0.733878	0.0234375
  0.733968	0.0078125
  0.734059	0.0234375
  0.73415	0.03125
  0.73424	0.0390625
  0.734331	0.0390625
  0.734422	0.03125
  0.734512	0.0234375
  0.734603	-0.03125
  0.734694	-0.0078125
  0.734785	-0.0234375
  0.734875	-0.0078125
  0.734966	0.0234375
  0.735057	0.0078125
  0.735147	0.015625
  0.735238	0
  0.735329	0.0078125
  0.73542	0.015625
  0.73551	0.0234375
  0.735601	0.03125
  0.735692	0.0234375
  0.735782	0.0078125
  0.735873	0
  0.735964	-0.0078125
  0.736054	-0.0078125
  0.736145	0.015625
  0.736236	0.046875
  0.736327	0.0546875
  0.736417	0.0234375
  0.736508	0.015625
  0.736599	0.0078125
  0.736689	0
  0.73678	0.0234375
  0.736871	0.0625
  0.736961	0.0859375
  0.737052	0.09375
  0.737143	0.0703125
  0.737234	0.046875
  0.737324	0.03125
  0.737415	0.03125
  0.737506	0.03125
  0.737596	0.046875
  0.737687	0.0546875
  0.737778	0.0546875
  0.737868	0.0546875
  0.737959	0.046875
  0.73805	0.03125
  0.738141	0.03125
  0.738231	0.0234375
  0.738322	0.0234375
  0.738413	0.03125
  0.738503	0.0234375
  0.738594	0.03125
  0.738685	0.046875
  0.738776	0.046875
  0.738866	0.0546875
  0.738957	0.0703125
  0.739048	0.0625
  0.739138	0.046875
  0.739229	0.0390625
  0.73932	0.03125
  0.73941	0.03125
  0.739501	0.0234375
  0.739592	0.0390625
  0.739683	0.046875
  0.739773	0.0390625
  0.739864	0.046875
  0.739955	0.0625
  0.740045	0.0703125
  0.740136	0.0703125
  0.740227	0.078125
  0.740317	0.0859375
  0.740408	0.078125
  0.740499	0.0625
  0.74059	0.0546875
  0.74068	0.046875
  0.740771	0.0390625
  0.740862	0.046875
  0.740952	0.0390625
  0.741043	0.0390625
  0.741134	0.0390625
  0.741224	0.046875
  0.741315	0.0390625
  0.741406	0.046875
  0.741497	0.03125
  0.741587	0.0234375
  0.741678	0.03125
  0.741769	0.0234375
  0.741859	0.0234375
  0.74195	0.015625
  0.742041	0.015625
  0.742132	0.03125
  0.742222	0.03125
  0.742313	0.015625
  0.742404	0.0078125
  0.742494	0.015625
  0.742585	0.015625
  0.742676	0.0078125
  0.742766	0
  0.742857	-0.0078125
  0.742948	-0.0234375
  0.743039	-0.0390625
  0.743129	-0.046875
  0.74322	-0.0390625
  0.743311	-0.03125
  0.743401	-0.0234375
  0.743492	-0.0078125
  0.743583	0
  0.743673	0.015625
  0.743764	0.0234375
  0.743855	0.015625
  0.743946	0.0078125
  0.744036	-0.0078125
  0.744127	0
  0.744218	0
  0.744308	0.0078125
  0.744399	0.0078125
  0.74449	0
  0.74458	0
  0.744671	-0.0078125
  0.744762	0
  0.744853	0.015625
  0.744943	0.0234375
  0.745034	0.0234375
  0.745125	0.0234375
  0.745215	0.0234375
  0.745306	0.015625
  0.745397	0.0078125
  0.745488	0.015625
  0.745578	0.0234375
  0.745669	0.0234375
  0.74576	0.015625
  0.74585	0.0078125
  0.745941	-0.015625
  0.746032	-0.03125
  0.746122	-0.0390625
  0.746213	-0.03125
  0.746304	-0.0078125
  0.746395	0.015625
  0.746485	0.015625
  0.746576	0.0078125
  0.746667	0
  0.746757	-0.0234375
  0.746848	-0.0390625
  0.746939	-0.046875
  0.747029	-0.0390625
  0.74712	-0.03125
  0.747211	-0.0234375
  0.747302	-0.015625
  0.747392	0.015625
  0.747483	0.03125
  0.747574	0.03125
  0.747664	0.015625
  0.747755	0
  0.747846	-0.0078125
  0.747937	-0.0078125
  0.748027	0
  0.748118	0.0234375
  0.748209	0.046875
  0.748299	0.0546875
  0.74839	0.046875
  0.748481	0.046875
  0.748571	0.03125
  0.748662	0.0078125
  0.748753	0
  0.748844	0
  0.748934	-0.0234375
  0.749025	-0.0234375
  0.749116	-0.0078125
  0.749206	0
  0.749297	0
  0.749388	0.0078125
  0.749478	0.0234375
  0.749569	0.015625
  0.74966	0.015625
  0.749751	0.0078125
  0.749841	0
  0.749932	0
  0.750023	0
  0.750113	0.015625
  0.750204	0.0234375
  0.750295	0.0234375
  0.750385	0.015625
  0.750476	0
  0.750567	0
  0.750658	0.0078125
  0.750748	0.0234375
  0.750839	0.0234375
  0.75093	0.03125
  0.75102	0.046875
  0.751111	0.0390625
  0.751202	0.0234375
  0.751293	0.0234375
  0.751383	0.03125
  0.751474	0.0390625
  0.751565	0.0546875
  0.751655	0.046875
  0.751746	0.0390625
  0.751837	0.03125
  0.751927	0.015625
  0.752018	0.0078125
  0.752109	0.0078125
  0.7522	0.0078125
  0.75229	0.0234375
  0.752381	0.03125
  0.752472	0.0390625
  0.752562	0.0546875
  0.752653	0.0703125
  0.752744	0.0859375
  0.752834	0.0859375
  0.752925	0.0625
  0.753016	0.0546875
  0.753107	0.046875
  0.753197	0.0390625
  0.753288	0.046875
  0.753379	0.046875
  0.753469	0.03125
  0.75356	0.0390625
  0.753651	0.046875
  0.753741	0.046875
  0.753832	0.0390625
  0.753923	0.0390625
  0.754014	0.015625
  0.754104	0.0078125
  0.754195	0.0078125
  0.754286	0.0078125
  0.754376	0.0078125
  0.754467	0.0078125
  0.754558	0.0234375
  0.754649	0.0234375
  0.754739	0.03125
  0.75483	0.0234375
  0.754921	0.015625
  0.755011	0.0234375
  0.755102	0.03125
  0.755193	0.0234375
  0.755283	0.03125
  0.755374	0.0390625
  0.755465	0.0390625
  0.755556	0.046875
  0.755646	0.03125
  0.755737	0.0234375
  0.755828	0.03125
  0.755918	0.0234375
  0.756009	0.0234375
  0.7561	0.03125
  0.75619	0.0390625
  0.756281	0.046875
  0.756372	0.046875
  0.756463	0.0390625
  0.756553	0.0390625
  0.756644	0.046875
  0.756735	0.0390625
  0.756825	0.03125
  0.756916	0.0390625
  0.757007	0.0390625
  0.757098	0.03125
  0.757188	0.0390625
  0.757279	0.0234375
  0.75737	0.0234375
  0.75746	0.046875
  0.757551	0.046875
  0.757642	0.046875
  0.757732	0.0390625
  0.757823	0.0390625
  0.757914	0.03125
  0.758005	0.0234375
  0.758095	0.0234375
  0.758186	0.0234375
  0.758277	0.0234375
  0.758367	0.015625
  0.758458	0.0078125
  0.758549	0
  0.758639	-0.0078125
  0.75873	0
  0.758821	0
  0.758912	-0.015625
  0.759002	-0.0078125
  0.759093	-0.0078125
  0.759184	-0.0078125
  0.759274	-0.0078125
  0.759365	-0.015625
  0.759456	-0.0078125
  0.759546	0
  0.759637	0.0078125
  0.759728	0.015625
  0.759819	0.0078125
  0.759909	-0.015625
  0.76	-0.015625
  0.760091	-0.015625
  0.760181	-0.015625
  0.760272	-0.0234375
  0.760363	-0.03125
  0.760454	-0.03125
  0.760544	-0.03125
  0.760635	-0.0234375
  0.760726	-0.03125
  0.760816	-0.0390625
  0.760907	-0.0234375
  0.760998	-0.0078125
  0.761088	-0.0078125
  0.761179	-0.0078125
  0.76127	-0.0078125
  0.761361	-0.0078125
  0.761451	-0.015625
  0.761542	-0.015625
  0.761633	-0.015625
  0.761723	-0.03125
  0.761814	-0.046875
  0.761905	-0.0625
  0.761995	-0.046875
  0.762086	-0.015625
  0.762177	0
  0.762268	0
  0.762358	0.0078125
  0.762449	0.0078125
  0.76254	0.0078125
  0.76263	0.015625
  0.762721	0.015625
  0.762812	0.0078125
  0.762902	0
  0.762993	0.0078125
  0.763084	0.015625
  0.763175	0.03125
  0.763265	0.0390625
  0.763356	0.046875
  0.763447	0.0625
  0.763537	0.0703125
  0.763628	0.046875
  0.763719	0.03125
  0.76381	0.0234375
  0.7639	0.0234375
  0.763991	0.03125
  0.764082	0.0390625
  0.764172	0.0546875
  0.764263	0.0703125
  0.764354	0.078125
  0.764444	0.0703125
  0.764535	0.0703125
  0.764626	0.046875
  0.764717	0.0390625
  0.764807	0.046875
  0.764898	0.0546875
  0.764989	0.0546875
  0.765079	0.046875
  0.76517	0.03125
  0.765261	0.0234375
  0.765351	0.015625
  0.765442	0.015625
  0.765533	0.03125
  0.765624	0.0234375
  0.765714	0.0234375
  0.765805	0.0234375
  0.765896	0.0234375
  0.765986	0.0234375
  0.766077	0.0390625
  0.766168	0.046875
  0.766258	0.0390625
  0.766349	0.0234375
  0.76644	0.0234375
  0.766531	0.0234375
  0.766621	0.0078125
  0.766712	-0.0078125
  0.766803	-0.015625
  0.766893	-0.0078125
  0.766984	0
  0.767075	0
  0.767166	0.0078125
  0.767256	0.0078125
  0.767347	0.0234375
  0.767438	0.0234375
  0.767528	0.015625
  0.767619	0.0234375
  0.76771	0.015625
  0.7678	0.015625
  0.767891	0.015625
  0.767982	0.0234375
  0.768073	0.0390625
  0.768163	0.046875
  0.768254	0.0390625
  0.768345	0.0546875
  0.768435	0.0703125
  0.768526	0.078125
  0.768617	0.0703125
  0.768707	0.0546875
  0.768798	0.046875
  0.768889	0.0390625
  0.76898	0.03125
  0.76907	0.0234375
  0.769161	0.0390625
  0.769252	0.0625
  0.769342	0.0859375
  0.769433	0.0859375
  0.769524	0.0625
  0.769615	0.0390625
  0.769705	0.0390625
  0.769796	0.046875
  0.769887	0.0390625
  0.769977	0.0390625
  0.770068	0.046875
  0.770159	0.03125
  0.770249	0.0234375
  0.77034	0.0078125
  0.770431	0.0078125
  0.770522	0.0078125
  0.770612	0
  0.770703	0.0078125
  0.770794	0.0078125
  0.770884	-0.0078125
  0.770975	0
  0.771066	0
  0.771156	0.0078125
  0.771247	0.0078125
  0.771338	0
  0.771429	0.0078125
  0.771519	0.0078125
  0.77161	0.0078125
  0.771701	0
  0.771791	0
  0.771882	0
  0.771973	-0.015625
  0.772063	-0.046875
  0.772154	-0.0546875
  0.772245	-0.046875
  0.772336	-0.015625
  0.772426	0.0078125
  0.772517	0.0234375
  0.772608	0.03125
  0.772698	0.03125
  0.772789	0.015625
  0.77288	-0.0078125
  0.772971	-0.015625
  0.773061	-0.0078125
  0.773152	0
  0.773243	0.0078125
  0.773333	0.015625
  0.773424	0.0234375
  0.773515	0.03125
  0.773605	0.0390625
  0.773696	0.0390625
  0.773787	0.0390625
  0.773878	0.015625
  0.773968	0
  0.774059	0
  0.77415	-0.0078125
  0.77424	0
  0.774331	0.015625
  0.774422	0.0078125
  0.774512	0.0078125
  0.774603	0.015625
  0.774694	0.0234375
  0.774785	0.0234375
  0.774875	0.015625
  0.774966	0.015625
  0.775057	0.015625
  0.775147	0.0078125
  0.775238	0
  0.775329	-0.0078125
  0.77542	-0.0078125
  0.77551	-0.0078125
  0.775601	0
  0.775692	0
  0.775782	0.0078125
  0.775873	0
  0.775964	-0.0078125
  0.776054	-0.015625
  0.776145	-0.03125
  0.776236	-0.03125
  0.776327	-0.03125
  0.776417	-0.0078125
  0.776508	0
  0.776599	0.0078125
  0.776689	0.0234375
  0.77678	0.03125
  0.776871	0.015625
  0.776961	0
  0.777052	-0.0078125
  0.777143	-0.015625
  0.777234	-0.0234375
  0.777324	-0.015625
  0.777415	-0.0078125
  0.777506	0.0078125
  0.777596	0.0234375
  0.777687	0.0234375
  0.777778	0.03125
  0.777868	0.0390625
  0.777959	0.0546875
  0.77805	0.0546875
  0.778141	0.0390625
  0.778231	0.0390625
  0.778322	0.046875
  0.778413	0.046875
  0.778503	0.0546875
  0.778594	0.0390625
  0.778685	0.03125
  0.778776	0.015625
  0.778866	-0.0078125
  0.778957	0
  0.779048	0.0234375
  0.779138	0.03125
  0.779229	0.03125
  0.77932	0.0390625
  0.77941	0.03125
  0.779501	0.015625
  0.779592	0.015625
  0.779683	0.015625
  0.779773	0.015625
  0.779864	0.015625
  0.779955	0.0234375
  0.780045	0.0234375
  0.780136	0.015625
  0.780227	0.03125
  0.780317	0.0546875
  0.780408	0.0625
  0.780499	0.0703125
  0.78059	0.0546875
  0.78068	0.03125
  0.780771	0.03125
  0.780862	0.0234375
  0.780952	0.03125
  0.781043	0.0390625
  0.781134	0.0390625
  0.781224	0.0234375
  0.781315	0.015625
  0.781406	0.0078125
  0.781497	0.015625
  0.781587	0.015625
  0.781678	0.0234375
  0.781769	0.0390625
  0.781859	0.046875
  0.78195	0.0546875
  0.782041	0.0625
  0.782132	0.0703125
  0.782222	0.0703125
  0.782313	0.0625
  0.782404	0.0625
  0.782494	0.046875
  0.782585	0.03125
  0.782676	0.03125
  0.782766	0.0390625
  0.782857	0.046875
  0.782948	0.046875
  0.783039	0.046875
  0.783129	0.0546875
  0.78322	0.0703125
  0.783311	0.078125
  0.783401	0.0703125
  0.783492	0.0546875
  0.783583	0.0234375
  0.783673	0.0078125
  0.783764	0.0078125
  0.783855	0.015625
  0.783946	0.015625
  0.784036	0.0078125
  0.784127	0.0234375
  0.784218	0.015625
  0.784308	0.0078125
  0.784399	0.0078125
  0.78449	0
  0.784581	-0.0078125
  0.784671	0
  0.784762	0.0078125
  0.784853	-0.0078125
  0.784943	0
  0.785034	0.0078125
  0.785125	0.0078125
  0.785215	0.015625
  0.785306	0
  0.785397	0
  0.785488	-0.0078125
  0.785578	-0.0078125
  0.785669	-0.0078125
  0.78576	-0.0078125
  0.78585	-0.0078125
  0.785941	-0.015625
  0.786032	-0.0234375
  0.786122	-0.03125
  0.786213	-0.03125
  0.786304	-0.0390625
  0.786395	-0.03125
  0.786485	-0.0234375
  0.786576	-0.0078125
  0.786667	0.0078125
  0.786757	0.015625
  0.786848	0.015625
  0.786939	0.015625
  0.787029	0.015625
  0.78712	0.0078125
  0.787211	0.0078125
  0.787302	0.0078125
  0.787392	0.0078125
  0.787483	0
  0.787574	-0.0078125
  0.787664	0
  0.787755	-0.0078125
  0.787846	-0.015625
  0.787937	-0.015625
  0.788027	-0.015625
  0.788118	-0.015625
  0.788209	-0.015625
  0.788299	-0.0078125
  0.78839	0
  0.788481	0
  0.788571	0.015625
  0.788662	0.03125
  0.788753	0.0234375
  0.788844	0.0078125
  0.788934	-0.015625
  0.789025	-0.015625
  0.789116	-0.0078125
  0.789206	0
  0.789297	0.015625
  0.789388	0.0390625
  0.789478	0.046875
  0.789569	0.0546875
  0.78966	0.0625
  0.789751	0.0625
  0.789841	0.046875
  0.789932	0.03125
  0.790023	0.0234375
  0.790113	0.0234375
  0.790204	0.0234375
  0.790295	0.03125
  0.790385	0.03125
  0.790476	0.046875
  0.790567	0.046875
  0.790658	0.03125
  0.790748	0.0234375
  0.790839	0.0234375
  0.79093	0.03125
  0.79102	0.03125
  0.791111	0.0234375
  0.791202	0.0078125
  0.791293	0.0078125
  0.791383	0.03125
  0.791474	0.0390625
  0.791565	0.0390625
  0.791655	0.0390625
  0.791746	0.03125
  0.791837	0.015625
  0.791927	0
  0.792018	-0.0078125
  0.792109	0
  0.7922	-0.0078125
  0.79229	-0.0078125
  0.792381	0
  0.792472	0.0078125
  0.792562	0.0078125
  0.792653	0.0234375
  0.792744	0.0390625
  0.792834	0.046875
  0.792925	0.0390625
  0.793016	0.0234375
  0.793107	0.015625
  0.793197	0.0078125
  0.793288	0.0234375
  0.793379	0.0390625
  0.793469	0.0546875
  0.79356	0.0625
  0.793651	0.0703125
  0.793741	0.0546875
  0.793832	0.0390625
  0.793923	0.0234375
  0.794014	0.0234375
  0.794104	0.015625
  0.794195	0.015625
  0.794286	0.015625
  0.794376	0.03125
  0.794467	0.0390625
  0.794558	0.03125
  0.794649	0.03125
  0.794739	0.0234375
  0.79483	0.03125
  0.794921	0.0390625
  0.795011	0.046875
  0.795102	0.0546875
  0.795193	0.0390625
  0.795283	0.0390625
  0.795374	0.0390625
  0.795465	0.0234375
  0.795556	0.015625
  0.795646	0.015625
  0.795737	0.015625
  0.795828	0
  0.795918	-0.0078125
  0.796009	0
  0.7961	0
  0.79619	-0.0078125
  0.796281	0
  0.796372	0
  0.796463	0.0078125
  0.796553	0.0078125
  0.796644	0.0234375
  0.796735	0.03125
  0.796825	0.015625
  0.796916	0.0078125
  0.797007	0
  0.797098	0
  0.797188	0.015625
  0.797279	0.015625
  0.79737	0.0234375
  0.79746	0.0234375
  0.797551	0.0234375
  0.797642	0.0234375
  0.797732	0.015625
  0.797823	0.015625
  0.797914	0.0234375
  0.798005	0.0234375
  0.798095	0.0234375
  0.798186	0.0234375
  0.798277	0.0234375
  0.798367	0.0234375
  0.798458	0.0234375
  0.798549	0.0234375
  0.798639	0.015625
  0.79873	0.015625
  0.798821	0.015625
  0.798912	0.015625
  0.799002	0.0078125
  0.799093	0.015625
  0.799184	0.015625
  0.799274	0.0234375
  0.799365	0.0078125
  0.799456	0
  0.799546	0.015625
  0.799637	0.015625
  0.799728	0.0234375
  0.799819	0.0234375
  0.799909	0.015625
  0.8	0.0078125
  0.800091	0.0078125
  0.800181	0.0078125
  0.800272	0.0078125
  0.800363	-0.0078125
  0.800454	-0.015625
  0.800544	-0.0078125
  0.800635	-0.0078125
  0.800726	-0.0078125
  0.800816	0
  0.800907	0
  0.800998	0.0078125
  0.801088	0.0234375
  0.801179	0.0234375
  0.80127	0.015625
  0.801361	0.015625
  0.801451	0.0234375
  0.801542	0.03125
  0.801633	0.0390625
  0.801723	0.0546875
  0.801814	0.0546875
  0.801905	0.046875
  0.801995	0.0390625
  0.802086	0.0390625
  0.802177	0.0390625
  0.802268	0.0234375
  0.802358	0.0078125
  0.802449	0.015625
  0.80254	0.015625
  0.80263	0.015625
  0.802721	0.0234375
  0.802812	0.0234375
  0.802902	0.015625
  0.802993	0.015625
  0.803084	0.0234375
  0.803175	0.015625
  0.803265	0.0078125
  0.803356	0.0078125
  0.803447	0.015625
  0.803537	0.0078125
  0.803628	0
  0.803719	-0.03125
  0.80381	-0.046875
  0.8039	-0.046875
  0.803991	-0.0234375
  0.804082	-0.0078125
  0.804172	-0.015625
  0.804263	-0.03125
  0.804354	-0.03125
  0.804444	-0.03125
  0.804535	-0.015625
  0.804626	0.0078125
  0.804717	0.015625
  0.804807	0.0234375
  0.804898	0.03125
  0.804989	0.03125
  0.805079	0.0234375
  0.80517	0.0078125
  0.805261	-0.0078125
  0.805351	-0.015625
  0.805442	-0.0078125
  0.805533	-0.015625
  0.805624	-0.015625
  0.805714	-0.015625
  0.805805	-0.0234375
  0.805896	-0.0234375
  0.805986	-0.0234375
  0.806077	-0.0234375
  0.806168	-0.0234375
  0.806258	-0.0234375
  0.806349	0.0078125
  0.80644	0.0390625
  0.806531	0.0546875
  0.806621	0.0625
  0.806712	0.0546875
  0.806803	0.0390625
  0.806893	0.03125
  0.806984	0.03125
  0.807075	0.0390625
  0.807166	0.046875
  0.807256	0.0625
  0.807347	0.0859375
  0.807438	0.09375
  0.807528	0.078125
  0.807619	0.0625
  0.80771	0.0625
  0.8078	0.0546875
  0.807891	0.046875
  0.807982	0.03125
  0.808073	0.015625
  0.808163	0.0078125
  0.808254	0.015625
  0.808345	0.015625
  0.808435	0.0234375
  0.808526	0.03125
  0.808617	0.0390625
  0.808707	0.046875
  0.808798	0.046875
  0.808889	0.0390625
  0.80898	0.0234375
  0.80907	0.0078125
  0.809161	-0.03125
  0.809252	-0.0390625
  0.809342	-0.0234375
  0.809433	-0.015625
  0.809524	-0.0078125
  0.809615	-0.0078125
  0.809705	0.015625
  0.809796	0.03125
  0.809887	0.015625
  0.809977	0.015625
  0.810068	0.0234375
  0.810159	0.0234375
  0.810249	0.03125
  0.81034	0.015625
  0.810431	0.0078125
  0.810522	0.0078125
  0.810612	0
  0.810703	-0.0078125
  0.810794	0
  0.810884	-0.0078125
  0.810975	-0.0078125
  0.811066	0.0078125
  0.811156	-0.0078125
  0.811247	0
  0.811338	0.0078125
  0.811429	0.0078125
  0.811519	0.0234375
  0.81161	0.03125
  0.811701	0.0234375
  0.811791	-0.0078125
  0.811882	-0.0078125
  0.811973	-0.0078125
  0.812063	-0.0078125
  0.812154	-0.015625
  0.812245	-0.0078125
  0.812336	0.0078125
  0.812426	0.0078125
  0.812517	0.0078125
  0.812608	0.0078125
  0.812698	0.0078125
  0.812789	0.0078125
  0.81288	0
  0.812971	0
  0.813061	0.015625
  0.813152	0.015625
  0.813243	0.0078125
  0.813333	0.015625
  0.813424	0.015625
  0.813515	0.015625
  0.813605	0.03125
  0.813696	0.0390625
  0.813787	0.0390625
  0.813878	0.046875
  0.813968	0.0390625
  0.814059	0.03125
  0.81415	0.0234375
  0.81424	0.0234375
  0.814331	0.0078125
  0.814422	-0.0078125
  0.814512	-0.015625
  0.814603	0
  0.814694	0.0078125
  0.814785	0.0234375
  0.814875	0.0390625
  0.814966	0.0234375
  0.815057	0.0078125
  0.815147	0
  0.815238	-0.03125
  0.815329	-0.0234375
  0.815419	0
  0.81551	0.0078125
  0.815601	0.015625
  0.815692	0.0234375
  0.815782	0.0234375
  0.815873	0.0234375
  0.815964	0.015625
  0.816054	0.015625
  0.816145	0.015625
  0.816236	0.015625
  0.816327	0.03125
  0.816417	0.0390625
  0.816508	0.03125
  0.816599	0.03125
  0.816689	0.03125
  0.81678	0.0390625
  0.816871	0.046875
  0.816961	0.0234375
  0.817052	0.015625
  0.817143	0.0078125
  0.817234	0.0078125
  0.817324	0.0234375
  0.817415	0.0234375
  0.817506	0.0234375
  0.817596	0.0234375
  0.817687	0.0234375
  0.817778	0.03125
  0.817868	0.0390625
  0.817959	0.03125
  0.81805	0.0234375
  0.818141	0.0234375
  0.818231	0.0234375
  0.818322	0.0390625
  0.818413	0.046875
  0.818503	0.0625
  0.818594	0.0703125
  0.818685	0.0625
  0.818776	0.0625
  0.818866	0.0546875
  0.818957	0.0390625
  0.819048	0.0234375
  0.819138	0.0234375
  0.819229	0.0234375
  0.81932	0.0234375
  0.81941	0.03125
  0.819501	0.03125
  0.819592	0.0234375
  0.819683	0.03125
  0.819773	0.0234375
  0.819864	0.015625
  0.819955	0.0078125
  0.820045	0
  0.820136	0.0078125
  0.820227	0
  0.820317	-0.015625
  0.820408	-0.015625
  0.820499	-0.0078125
  0.82059	-0.015625
  0.82068	-0.0078125
  0.820771	-0.0234375
  0.820862	-0.0234375
  0.820952	-0.0234375
  0.821043	-0.03125
  0.821134	-0.03125
  0.821224	-0.0234375
  0.821315	-0.015625
  0.821406	-0.0078125
  0.821497	-0.015625
  0.821587	-0.0234375
  0.821678	-0.015625
  0.821769	0
  0.821859	-0.0078125
  0.82195	-0.015625
  0.822041	-0.0234375
  0.822132	-0.015625
  0.822222	-0.0234375
  0.822313	-0.03125
  0.822404	-0.03125
  0.822494	-0.03125
  0.822585	-0.015625
  0.822676	0
  0.822766	0.0078125
  0.822857	0.015625
  0.822948	0
  0.823039	0.0078125
  0.823129	0.015625
  0.82322	0.015625
  0.823311	0.0078125
  0.823401	0.015625
  0.823492	0.0234375
  0.823583	0.015625
  0.823673	0.0078125
  0.823764	-0.0078125
  0.823855	-0.0078125
  0.823946	-0.0078125
  0.824036	0.0078125
  0.824127	0.015625
  0.824218	0.015625
  0.824308	0.015625
  0.824399	0.015625
  0.82449	0.03125
  0.824581	0.0390625
  0.824671	0.0390625
  0.824762	0.0546875
  0.824853	0.0703125
  0.824943	0.0703125
  0.825034	0.0625
  0.825125	0.0546875
  0.825215	0.0625
  0.825306	0.0625
  0.825397	0.0625
  0.825488	0.0703125
  0.825578	0.0703125
  0.825669	0.0546875
  0.82576	0.0390625
  0.82585	0.0234375
  0.825941	0.015625
  0.826032	0.015625
  0.826122	0.0078125
  0.826213	0
  0.826304	0
  0.826395	0.0234375
  0.826485	0.03125
  0.826576	0.0546875
  0.826667	0.0703125
  0.826757	0.0546875
  0.826848	0.046875
  0.826939	0.0390625
  0.827029	0.03125
  0.82712	0.0234375
  0.827211	0.0234375
  0.827302	0.03125
  0.827392	0.0234375
  0.827483	0.0078125
  0.827574	0.015625
  0.827664	0.0234375
  0.827755	0.0234375
  0.827846	0
  0.827937	0.0078125
  0.828027	0.0078125
  0.828118	0.0078125
  0.828209	0.015625
  0.828299	0.0234375
  0.82839	0.0390625
  0.828481	0.046875
  0.828571	0.0546875
  0.828662	0.046875
  0.828753	0.0390625
  0.828844	0.03125
  0.828934	0.0390625
  0.829025	0.0390625
  0.829116	0.0234375
  0.829206	0.0234375
  0.829297	0.015625
  0.829388	0
  0.829478	0
  0.829569	0.0078125
  0.82966	0.015625
  0.829751	0.015625
  0.829841	0.0234375
  0.829932	0.0234375
  0.830023	0.0234375
  0.830113	0.03125
  0.830204	0.0234375
  0.830295	0.0234375
  0.830385	0.015625
  0.830476	0.015625
  0.830567	0.0234375
  0.830658	0.03125
  0.830748	0.03125
  0.830839	0.03125
  0.83093	0.0234375
  0.83102	0.015625
  0.831111	0.015625
  0.831202	0.0234375
  0.831293	0.03125
  0.831383	0.046875
  0.831474	0.046875
  0.831565	0.046875
  0.831655	0.0390625
  0.831746	0.0390625
  0.831837	0.03125
  0.831927	0.03125
  0.832018	0.0390625
  0.832109	0.0546875
  0.8322	0.03125
  0.83229	0.03125
  0.832381	0.0390625
  0.832472	0.046875
  0.832562	0.0390625
  0.832653	0.03125
  0.832744	0.03125
  0.832834	0.015625
  0.832925	0.0078125
  0.833016	0
  0.833107	-0.015625
  0.833197	-0.015625
  0.833288	-0.015625
  0.833379	-0.0390625
  0.833469	-0.046875
  0.83356	-0.046875
  0.833651	-0.0546875
  0.833742	-0.046875
  0.833832	-0.03125
  0.833923	-0.015625
  0.834014	0
  0.834104	0.0078125
  0.834195	-0.0078125
  0.834286	-0.03125
  0.834376	-0.046875
  0.834467	-0.0625
  0.834558	-0.0625
  0.834649	-0.0234375
  0.834739	0
  0.83483	0
  0.834921	-0.0078125
  0.835011	-0.015625
  0.835102	-0.0390625
  0.835193	-0.046875
  0.835283	-0.046875
  0.835374	-0.0390625
  0.835465	-0.0234375
  0.835556	-0.0078125
  0.835646	0
  0.835737	0
  0.835828	-0.015625
  0.835918	-0.015625
  0.836009	-0.0234375
  0.8361	-0.0234375
  0.83619	-0.0078125
  0.836281	0.0078125
  0.836372	0.03125
  0.836463	0.0546875
  0.836553	0.0546875
  0.836644	0.0390625
  0.836735	0.015625
  0.836825	0
  0.836916	0.0234375
  0.837007	0.0390625
  0.837098	0.046875
  0.837188	0.0390625
  0.837279	0.03125
  0.83737	0.0390625
  0.83746	0.046875
  0.837551	0.03125
  0.837642	0.015625
  0.837732	0.0078125
  0.837823	0
  0.837914	0.0078125
  0.838005	0.015625
  0.838095	0.015625
  0.838186	0.0234375
  0.838277	0.015625
  0.838367	-0.015625
  0.838458	-0.015625
  0.838549	-0.0078125
  0.838639	-0.0078125
  0.83873	0.0078125
  0.838821	0.015625
  0.838912	0.0234375
  0.839002	0.015625
  0.839093	0.015625
  0.839184	0.0234375
  0.839274	0.015625
  0.839365	0
  0.839456	-0.015625
  0.839546	-0.015625
  0.839637	-0.0078125
  0.839728	0
  0.839819	0.0078125
  0.839909	0.0078125
  0.84	0.0078125
  0.840091	0
  0.840181	0.0078125
  0.840272	0.0078125
  0.840363	0.0234375
  0.840454	0.0234375
  0.840544	0.03125
  0.840635	0.046875
  0.840726	0.0546875
  0.840816	0.0625
  0.840907	0.0625
  0.840998	0.0546875
  0.841088	0.046875
  0.841179	0.0546875
  0.84127	0.0546875
  0.841361	0.0625
  0.841451	0.0703125
  0.841542	0.0703125
  0.841633	0.078125
  0.841723	0.0703125
  0.841814	0.0546875
  0.841905	0.0390625
  0.841995	0.03125
  0.842086	0.015625
  0.842177	0.0078125
  0.842268	0.0078125
  0.842358	0.015625
  0.842449	0.0234375
  0.84254	0.0078125
  0.84263	0.015625
  0.842721	0.0390625
  0.842812	0.046875
  0.842902	0.046875
  0.842993	0.0390625
  0.843084	0.0390625
  0.843175	0.03125
  0.843265	0.0234375
  0.843356	0.015625
  0.843447	0.015625
  0.843537	0.0078125
  0.843628	0.015625
  0.843719	0.0234375
  0.84381	0.0234375
  0.8439	0.0390625
  0.843991	0.0546875
  0.844082	0.0390625
  0.844172	0.03125
  0.844263	0.03125
  0.844354	0.03125
  0.844444	0.03125
  0.844535	0.015625
  0.844626	0.0078125
  0.844717	0
  0.844807	-0.0078125
  0.844898	0
  0.844989	0.015625
  0.845079	0.015625
  0.84517	0.0078125
  0.845261	0.015625
  0.845351	0
  0.845442	0.015625
  0.845533	0.03125
  0.845624	0.03125
  0.845714	0.03125
  0.845805	0.0234375
  0.845896	0.03125
  0.845986	0.03125
  0.846077	0.03125
  0.846168	0.015625
  0.846259	0.015625
  0.846349	0.0234375
  0.84644	0.015625
  0.846531	0
  0.846621	-0.0078125
  0.846712	-0.015625
  0.846803	-0.0078125
  0.846893	0.0078125
  0.846984	0.0078125
  0.847075	0.015625
  0.847166	0.0234375
  0.847256	0.0390625
  0.847347	0.0390625
  0.847438	0.0234375
  0.847528	0.015625
  0.847619	0.0078125
  0.84771	0.015625
  0.8478	0.0234375
  0.847891	0.015625
  0.847982	0.0078125
  0.848073	0.015625
  0.848163	0.03125
  0.848254	0.0234375
  0.848345	0.0234375
  0.848435	0.0390625
  0.848526	0.0390625
  0.848617	0.0390625
  0.848707	0.046875
  0.848798	0.0390625
  0.848889	0.0234375
  0.84898	0.015625
  0.84907	0.0078125
  0.849161	0
  0.849252	0.0078125
  0.849342	0.015625
  0.849433	0.0234375
  0.849524	0.03125
  0.849615	0.0234375
  0.849705	0.015625
  0.849796	0.0234375
  0.849887	0.0234375
  0.849977	0.015625
  0.850068	0.0078125
  0.850159	-0.0078125
  0.850249	-0.015625
  0.85034	-0.0234375
  0.850431	-0.0234375
  0.850522	-0.0234375
  0.850612	-0.0234375
  0.850703	-0.015625
  0.850794	0
  0.850884	0
  0.850975	0
  0.851066	0
  0.851156	-0.0078125
  0.851247	-0.0078125
  0.851338	0
  0.851429	0
  0.851519	0
  0.85161	-0.0078125
  0.851701	-0.0078125
  0.851791	-0.0078125
  0.851882	0
  0.851973	-0.015625
  0.852063	-0.0078125
  0.852154	0
  0.852245	0.015625
  0.852336	0.015625
  0.852426	0.0078125
  0.852517	0
  0.852608	0.0078125
  0.852698	0.0234375
  0.852789	0.0234375
  0.85288	0.0234375
  0.852971	0.0390625
  0.853061	0.0390625
  0.853152	0.0390625
  0.853243	0.0390625
  0.853333	0.03125
  0.853424	0.0078125
  0.853515	-0.0078125
  0.853605	0
  0.853696	0.015625
  0.853787	0.015625
  0.853878	0.0234375
  0.853968	0.0390625
  0.854059	0.046875
  0.85415	0.046875
  0.85424	0.0390625
  0.854331	0.03125
  0.854422	0.03125
  0.854512	0.03125
  0.854603	0.03125
  0.854694	0.0234375
  0.854785	0.03125
  0.854875	0.03125
  0.854966	0.0390625
  0.855057	0.0390625
  0.855147	0.046875
  0.855238	0.0703125
  0.855329	0.0703125
  0.855419	0.0546875
  0.85551	0.0546875
  0.855601	0.0625
  0.855692	0.0625
  0.855782	0.0625
  0.855873	0.0625
  0.855964	0.0546875
  0.856054	0.046875
  0.856145	0.0390625
  0.856236	0.046875
  0.856327	0.046875
  0.856417	0.0390625
  0.856508	0.03125
  0.856599	0.03125
  0.856689	0.0390625
  0.85678	0.03125
  0.856871	0.03125
  0.856961	0.015625
  0.857052	0
  0.857143	-0.0234375
  0.857234	-0.015625
  0.857324	-0.0078125
  0.857415	0
  0.857506	0
  0.857596	-0.0078125
  0.857687	-0.0234375
  0.857778	-0.0234375
  0.857868	-0.015625
  0.857959	-0.015625
  0.85805	-0.0234375
  0.858141	-0.015625
  0.858231	0
  0.858322	0
  0.858413	-0.0078125
  0.858503	-0.0078125
  0.858594	-0.03125
  0.858685	-0.0390625
  0.858776	-0.0390625
  0.858866	-0.0234375
  0.858957	0
  0.859048	0.015625
  0.859138	0.015625
  0.859229	0.015625
  0.85932	0.015625
  0.85941	0.0078125
  0.859501	0
  0.859592	0.0078125
  0.859683	0.0390625
  0.859773	0.046875
  0.859864	0.0703125
  0.859955	0.0859375
  0.860045	0.09375
  0.860136	0.0859375
  0.860227	0.0703125
  0.860317	0.0546875
  0.860408	0.046875
  0.860499	0.046875
  0.86059	0.0390625
  0.86068	0.046875
  0.860771	0.03125
  0.860862	0.03125
  0.860952	0.03125
  0.861043	0.046875
  0.861134	0.0546875
  0.861224	0.046875
  0.861315	0.046875
  0.861406	0.0390625
  0.861497	0.03125
  0.861587	0.0234375
  0.861678	0.015625
  0.861769	0.0078125
  0.861859	0
  0.86195	0
  0.862041	-0.0078125
  0.862132	-0.0078125
  0.862222	-0.0078125
  0.862313	-0.015625
  0.862404	-0.015625
  0.862494	-0.015625
  0.862585	-0.015625
  0.862676	-0.0234375
  0.862766	-0.03125
  0.862857	-0.0390625
  0.862948	-0.046875
  0.863039	-0.03125
  0.863129	-0.0234375
  0.86322	-0.015625
  0.863311	-0.0078125
  0.863401	-0.0078125
  0.863492	-0.0078125
  0.863583	-0.0078125
  0.863673	-0.015625
  0.863764	-0.0234375
  0.863855	-0.0234375
  0.863946	-0.015625
  0.864036	0
  0.864127	-0.0078125
  0.864218	-0.015625
  0.864308	-0.0078125
  0.864399	-0.0078125
  0.86449	0.0078125
  0.86458	0.03125
  0.864671	0.03125
  0.864762	0.046875
  0.864853	0.046875
  0.864943	0.0390625
  0.865034	0.03125
  0.865125	0.0390625
  0.865215	0.046875
  0.865306	0.0390625
  0.865397	0.046875
  0.865488	0.0546875
  0.865578	0.046875
  0.865669	0.0390625
  0.86576	0.046875
  0.86585	0.0546875
  0.865941	0.0625
  0.866032	0.0625
  0.866122	0.0390625
  0.866213	0.0390625
  0.866304	0.046875
  0.866395	0.0546875
  0.866485	0.0625
  0.866576	0.078125
  0.866667	0.078125
  0.866757	0.078125
  0.866848	0.0625
  0.866939	0.0390625
  0.867029	0.0390625
  0.86712	0.03125
  0.867211	0.03125
  0.867302	0.03125
  0.867392	0.0234375
  0.867483	0.0234375
  0.867574	0.015625
  0.867664	0.015625
  0.867755	0.0234375
  0.867846	0.0234375
  0.867937	0.015625
  0.868027	0.015625
  0.868118	0.0234375
  0.868209	0.0078125
  0.868299	0
  0.86839	-0.0078125
  0.868481	-0.0078125
  0.868571	0
  0.868662	0.0078125
  0.868753	0
  0.868844	-0.0078125
  0.868934	-0.0078125
  0.869025	-0.015625
  0.869116	-0.015625
  0.869206	-0.0078125
  0.869297	0.015625
  0.869388	0.0234375
  0.869478	0.0234375
  0.869569	0.0234375
  0.86966	0.0234375
  0.869751	0.0234375
  0.869841	0.015625
  0.869932	0
  0.870023	-0.0078125
  0.870113	-0.015625
  0.870204	-0.0078125
  0.870295	0
  0.870385	0.0078125
  0.870476	0.015625
  0.870567	0.03125
  0.870658	0.0234375
  0.870748	0.015625
  0.870839	-0.0078125
  0.87093	-0.0078125
  0.87102	0
  0.871111	0.015625
  0.871202	0.03125
  0.871293	0.0390625
  0.871383	0.046875
  0.871474	0.0546875
  0.871565	0.0546875
  0.871655	0.046875
  0.871746	0.046875
  0.871837	0.0390625
  0.871927	0.03125
  0.872018	0.03125
  0.872109	0.015625
  0.8722	0.0078125
  0.87229	0.015625
  0.872381	0.0234375
  0.872472	0.03125
  0.872562	0.046875
  0.872653	0.046875
  0.872744	0.03125
  0.872834	0.015625
  0.872925	0.0078125
  0.873016	0
  0.873107	-0.0078125
  0.873197	0
  0.873288	0.015625
  0.873379	0.015625
  0.873469	0.015625
  0.87356	0.015625
  0.873651	0.0234375
  0.873741	0.015625
  0.873832	0
  0.873923	0
  0.874014	0
  0.874104	0.0078125
  0.874195	0.03125
  0.874286	0.03125
  0.874376	0.0234375
  0.874467	0.0234375
  0.874558	0.0234375
  0.874649	0.0234375
  0.874739	0.015625
  0.87483	0.03125
  0.874921	0.046875
  0.875011	0.0390625
  0.875102	0.0234375
  0.875193	0.03125
  0.875283	0.0234375
  0.875374	0.03125
  0.875465	0.0390625
  0.875556	0.0390625
  0.875646	0.0390625
  0.875737	0.03125
  0.875828	0.0390625
  0.875918	0.03125
  0.876009	0.0234375
  0.8761	0.0234375
  0.87619	0.0078125
  0.876281	0
  0.876372	0
  0.876463	0
  0.876553	-0.0078125
  0.876644	0
  0.876735	0.0078125
  0.876825	0.015625
  0.876916	0.015625
  0.877007	0.015625
  0.877098	0.0234375
  0.877188	0.015625
  0.877279	0.0234375
  0.87737	0.0390625
  0.87746	0.0390625
  0.877551	0.03125
  0.877642	0.0234375
  0.877732	0.0234375
  0.877823	0.0234375
  0.877914	0.03125
  0.878005	0.03125
  0.878095	0.015625
  0.878186	-0.0078125
  0.878277	0
  0.878367	0
  0.878458	-0.0078125
  0.878549	0
  0.878639	0.015625
  0.87873	0.0078125
  0.878821	-0.015625
  0.878912	-0.015625
  0.879002	-0.015625
  0.879093	-0.0234375
  0.879184	-0.03125
  0.879274	-0.0234375
  0.879365	-0.0078125
  0.879456	-0.0078125
  0.879546	0
  0.879637	0.015625
  0.879728	0.015625
  0.879819	0.0234375
  0.879909	0.0234375
  0.88	0.0078125
  0.880091	0.015625
  0.880181	0.015625
  0.880272	0.0078125
  0.880363	0
  0.880454	0.0078125
  0.880544	0.0234375
  0.880635	0.0234375
  0.880726	0.0234375
  0.880816	0.03125
  0.880907	0.0234375
  0.880998	0.03125
  0.881088	0.0234375
  0.881179	0.0078125
  0.88127	0.03125
  0.881361	0.046875
  0.881451	0.046875
  0.881542	0.0546875
  0.881633	0.046875
  0.881723	0.046875
  0.881814	0.03125
  0.881905	0.015625
  0.881995	0.0234375
  0.882086	0.0234375
  0.882177	0.0390625
  0.882268	0.046875
  0.882358	0.0546875
  0.882449	0.046875
  0.88254	0.046875
  0.88263	0.0390625
  0.882721	0.03125
  0.882812	0.0234375
  0.882902	0.0234375
  0.882993	0.015625
  0.883084	0.03125
  0.883175	0.0546875
  0.883265	0.0546875
  0.883356	0.046875
  0.883447	0.0390625
  0.883537	0.03125
  0.883628	0.0078125
  0.883719	-0.0078125
  0.88381	-0.0234375
  0.8839	-0.0234375
  0.883991	-0.015625
  0.884082	-0.0078125
  0.884172	-0.0078125
  0.884263	-0.0078125
  0.884354	-0.0078125
  0.884444	-0.0234375
  0.884535	-0.03125
  0.884626	-0.0390625
  0.884717	-0.0234375
  0.884807	0
  0.884898	0
  0.884989	0
  0.885079	0
  0.88517	0
  0.885261	0
  0.885351	-0.015625
  0.885442	-0.03125
  0.885533	-0.0078125
  0.885624	0.0078125
  0.885714	-0.0078125
  0.885805	-0.015625
  0.885896	-0.0078125
  0.885986	0
  0.886077	0
  0.886168	0.015625
  0.886258	0.0078125
  0.886349	0.015625
  0.88644	0.0234375
  0.886531	0.0234375
  0.886621	0.0234375
  0.886712	0.015625
  0.886803	0.0234375
  0.886893	0.0390625
  0.886984	0.0546875
  0.887075	0.046875
  0.887166	0.03125
  0.887256	0.0390625
  0.887347	0.0390625
  0.887438	0.0234375
  0.887528	0.0234375
  0.887619	0.015625
  0.88771	0.015625
  0.8878	0.0078125
  0.887891	0
  0.887982	0
  0.888073	0.015625
  0.888163	0.03125
  0.888254	0.0546875
  0.888345	0.0546875
  0.888435	0.0546875
  0.888526	0.0546875
  0.888617	0.03125
  0.888707	0.0234375
  0.888798	0.0078125
  0.888889	0
  0.88898	-0.0078125
  0.88907	-0.0078125
  0.889161	-0.0078125
  0.889252	-0.0078125
  0.889342	0.0078125
  0.889433	0.0234375
  0.889524	0.046875
  0.889615	0.0546875
  0.889705	0.0546875
  0.889796	0.0390625
  0.889887	0.0234375
  0.889977	0.015625
  0.890068	0.0078125
  0.890159	-0.0078125
  0.890249	-0.0078125
  0.89034	-0.0078125
  0.890431	0
  0.890522	0
  0.890612	0
  0.890703	0.015625
  0.890794	0.0078125
  0.890884	0.0078125
  0.890975	0.0078125
  0.891066	0.015625
  0.891156	0.0234375
  0.891247	0.03125
  0.891338	0.0390625
  0.891429	0.0625
  0.891519	0.0390625
  0.89161	0.015625
  0.891701	0.0078125
  0.891791	0.0078125
  0.891882	0
  0.891973	0
  0.892063	0.015625
  0.892154	0.0234375
  0.892245	0.0390625
  0.892336	0.046875
  0.892426	0.046875
  0.892517	0.046875
  0.892608	0.03125
  0.892698	0.0234375
  0.892789	0.0234375
  0.89288	0.0234375
  0.892971	0.03125
  0.893061	0.0390625
  0.893152	0.0390625
  0.893243	0.0390625
  0.893333	0.0625
  0.893424	0.0625
  0.893515	0.0625
  0.893605	0.0546875
  0.893696	0.046875
  0.893787	0.0546875
  0.893878	0.0625
  0.893968	0.0625
  0.894059	0.0546875
  0.89415	0.046875
  0.89424	0.0234375
  0.894331	0.015625
  0.894422	0.0078125
  0.894512	0.015625
  0.894603	0.015625
  0.894694	0.015625
  0.894785	0.0234375
  0.894875	0.0234375
  0.894966	0.0234375
  0.895057	0.03125
  0.895147	0.0390625
  0.895238	0.03125
  0.895329	0.03125
  0.89542	0.015625
  0.89551	0.015625
  0.895601	0.015625
  0.895692	0.0234375
  0.895782	0.03125
  0.895873	0.0390625
  0.895964	0.0234375
  0.896054	0.015625
  0.896145	0.0078125
  0.896236	0
  0.896327	0
  0.896417	0.0078125
  0.896508	0.015625
  0.896599	0.0234375
  0.896689	0.03125
  0.89678	0.03125
  0.896871	0.0390625
  0.896961	0.046875
  0.897052	0.0390625
  0.897143	0.015625
  0.897234	0.015625
  0.897324	0.015625
  0.897415	0.0078125
  0.897506	0.0078125
  0.897596	0
  0.897687	0.0078125
  0.897778	0.015625
  0.897868	0.0078125
  0.897959	0
  0.89805	0
  0.898141	0.0078125
  0.898231	0
  0.898322	-0.0078125
  0.898413	0.0078125
  0.898503	0.03125
  0.898594	0.0390625
  0.898685	0.0390625
  0.898776	0.0546875
  0.898866	0.046875
  0.898957	0.046875
  0.899048	0.03125
  0.899138	0.03125
  0.899229	0.015625
  0.89932	0.0078125
  0.89941	0.015625
  0.899501	0.015625
  0.899592	0.03125
  0.899683	0.0390625
  0.899773	0.03125
  0.899864	0.0234375
  0.899955	0.03125
  0.900045	0.03125
  0.900136	0.0234375
  0.900227	0.03125
  0.900317	0.03125
  0.900408	0.0078125
  0.900499	0
  0.90059	0
  0.90068	-0.0078125
  0.900771	0.0078125
  0.900862	0
  0.900952	0
  0.901043	-0.0078125
  0.901134	-0.0234375
  0.901224	-0.0234375
  0.901315	-0.015625
  0.901406	0
  0.901497	0
  0.901587	-0.015625
  0.901678	-0.03125
  0.901769	-0.0390625
  0.901859	-0.046875
  0.90195	-0.046875
  0.902041	-0.03125
  0.902132	-0.015625
  0.902222	-0.015625
  0.902313	0
  0.902404	0
  0.902494	-0.0078125
  0.902585	-0.03125
  0.902676	-0.0390625
  0.902766	-0.0390625
  0.902857	-0.0390625
  0.902948	-0.03125
  0.903039	-0.03125
  0.903129	-0.0234375
  0.90322	-0.015625
  0.903311	-0.0078125
  0.903401	-0.0078125
  0.903492	-0.015625
  0.903583	-0.015625
  0.903673	-0.0078125
  0.903764	-0.0078125
  0.903855	0
  0.903946	0.0078125
  0.904036	0.015625
  0.904127	0.015625
  0.904218	0.0078125
  0.904308	0.0234375
  0.904399	0.0234375
  0.90449	0.0390625
  0.904581	0.0546875
  0.904671	0.046875
  0.904762	0.03125
  0.904853	0.0234375
  0.904943	0.0234375
  0.905034	0.015625
  0.905125	0.0234375
  0.905215	0.0234375
  0.905306	0.03125
  0.905397	0.0390625
  0.905488	0.0546875
  0.905578	0.046875
  0.905669	0.0625
  0.90576	0.0546875
  0.90585	0.03125
  0.905941	0.0390625
  0.906032	0.0390625
  0.906122	0.0390625
  0.906213	0.0703125
  0.906304	0.0859375
  0.906395	0.078125
  0.906485	0.0703125
  0.906576	0.03125
  0.906667	0.015625
  0.906757	0
  0.906848	0
  0.906939	0.03125
  0.907029	0.0546875
  0.90712	0.0546875
  0.907211	0.0546875
  0.907302	0.0546875
  0.907392	0.046875
  0.907483	0.0390625
  0.907574	0.0546875
  0.907664	0.0703125
  0.907755	0.0703125
  0.907846	0.0703125
  0.907937	0.0859375
  0.908027	0.0859375
  0.908118	0.078125
  0.908209	0.0703125
  0.908299	0.0625
  0.90839	0.0546875
  0.908481	0.046875
  0.908571	0.03125
  0.908662	0.0234375
  0.908753	0.0078125
  0.908844	0.0078125
  0.908934	0.015625
  0.909025	0.03125
  0.909116	0.03125
  0.909206	0.0390625
  0.909297	0.0546875
  0.909388	0.0546875
  0.909478	0.0546875
  0.909569	0.0546875
  0.90966	0.0546875
  0.909751	0.0546875
  0.909841	0.0625
  0.909932	0.0546875
  0.910023	0.0546875
  0.910113	0.0390625
  0.910204	0.0390625
  0.910295	0.0390625
  0.910385	0.046875
  0.910476	0.0546875
  0.910567	0.0546875
  0.910658	0.0546875
  0.910748	0.046875
  0.910839	0.0234375
  0.91093	0
  0.91102	-0.0078125
  0.911111	-0.0078125
  0.911202	-0.0234375
  0.911293	-0.015625
  0.911383	0
  0.911474	0
  0.911565	0.0078125
  0.911655	0.0078125
  0.911746	0.0078125
  0.911837	0
  0.911927	0
  0.912018	0
  0.912109	0
  0.9122	-0.0078125
  0.91229	-0.0078125
  0.912381	0
  0.912472	0
  0.912562	-0.0078125
  0.912653	-0.015625
  0.912744	-0.015625
  0.912834	-0.0078125
  0.912925	0.0078125
  0.913016	0.015625
  0.913107	0.0078125
  0.913197	-0.0078125
  0.913288	-0.015625
  0.913379	-0.0078125
  0.913469	0
  0.91356	0.0078125
  0.913651	0.015625
  0.913741	0.015625
  0.913832	0.015625
  0.913923	0.0078125
  0.914014	-0.0078125
  0.914104	-0.015625
  0.914195	-0.015625
  0.914286	-0.015625
  0.914376	-0.015625
  0.914467	-0.015625
  0.914558	-0.015625
  0.914649	-0.0234375
  0.914739	-0.0234375
  0.91483	-0.03125
  0.914921	-0.03125
  0.915011	-0.015625
  0.915102	0
  0.915193	0.0078125
  0.915283	-0.0078125
  0.915374	-0.0234375
  0.915465	-0.0234375
  0.915556	-0.015625
  0.915646	0.0078125
  0.915737	0.0234375
  0.915828	0.015625
  0.915918	0.015625
  0.916009	0.015625
  0.9161	0.015625
  0.91619	0.0234375
  0.916281	0.03125
  0.916372	0.0390625
  0.916463	0.03125
  0.916553	0.0390625
  0.916644	0.0234375
  0.916735	0.0234375
  0.916825	0.0234375
  0.916916	0.0078125
  0.917007	0
  0.917098	0
  0.917188	0.0078125
  0.917279	0
  0.91737	0
  0.91746	0
  0.917551	0
  0.917642	0
  0.917732	0.0078125
  0.917823	0.0078125
  0.917914	0
  0.918005	-0.0078125
  0.918095	-0.0078125
  0.918186	-0.0078125
  0.918277	-0.0078125
  0.918367	0.0078125
  0.918458	0.0234375
  0.918549	0.0234375
  0.918639	0.03125
  0.91873	0.0234375
  0.918821	0.015625
  0.918912	0.0078125
  0.919002	0.0078125
  0.919093	0.0078125
  0.919184	0.0078125
  0.919274	-0.0078125
  0.919365	-0.0078125
  0.919456	0
  0.919546	0.0078125
  0.919637	0.015625
  0.919728	0.015625
  0.919819	0.0078125
  0.919909	0
  0.92	0.015625
  0.920091	0.015625
  0.920181	0.03125
  0.920272	0.0234375
  0.920363	0.015625
  0.920454	0.0078125
  0.920544	0
  0.920635	0.0078125
  0.920726	0
  0.920816	0.0078125
  0.920907	0.0234375
  0.920998	0.03125
  0.921088	0.0390625
  0.921179	0.0546875
  0.92127	0.0625
  0.921361	0.0859375
  0.921451	0.0859375
  0.921542	0.09375
  0.921633	0.0859375
  0.921723	0.078125
  0.921814	0.078125
  0.921905	0.078125
  0.921995	0.09375
  0.922086	0.101562
  0.922177	0.101562
  0.922268	0.09375
  0.922358	0.09375
  0.922449	0.101562
  0.92254	0.109375
  0.92263	0.109375
  0.922721	0.117188
  0.922812	0.132812
  0.922902	0.132812
  0.922993	0.125
  0.923084	0.132812
  0.923175	0.125
  0.923265	0.109375
  0.923356	0.09375
  0.923447	0.09375
  0.923537	0.0859375
  0.923628	0.078125
  0.923719	0.078125
  0.92381	0.0625
  0.9239	0.046875
  0.923991	0.046875
  0.924082	0.046875
  0.924172	0.046875
  0.924263	0.046875
  0.924354	0.03125
  0.924444	0.015625
  0.924535	0
  0.924626	-0.0078125
  0.924717	-0.0078125
  0.924807	-0.015625
  0.924898	-0.0078125
  0.924989	0
  0.925079	0
  0.92517	0.015625
  0.925261	0.0234375
  0.925351	0.015625
  0.925442	-0.0078125
  0.925533	-0.0390625
  0.925624	-0.0546875
  0.925714	-0.0546875
  0.925805	-0.046875
  0.925896	-0.0234375
  0.925986	0
  0.926077	0
  0.926168	-0.0078125
  0.926258	-0.0234375
  0.926349	-0.0234375
  0.92644	-0.03125
  0.926531	-0.03125
  0.926621	-0.0078125
  0.926712	0.0078125
  0.926803	0.0234375
  0.926893	0.015625
  0.926984	0
  0.927075	-0.015625
  0.927166	-0.0078125
  0.927256	0
  0.927347	0.0078125
  0.927438	0
  0.927528	-0.0078125
  0.927619	-0.015625
  0.92771	-0.015625
  0.9278	0.015625
  0.927891	0.03125
  0.927982	0.015625
  0.928073	0.0078125
  0.928163	0
  0.928254	-0.015625
  0.928345	-0.0078125
  0.928435	-0.0234375
  0.928526	-0.0234375
  0.928617	-0.0078125
  0.928707	0.0078125
  0.928798	0.0234375
  0.928889	0.0234375
  0.92898	0.0234375
  0.92907	0.0234375
  0.929161	0.0234375
  0.929252	0.0234375
  0.929342	0.015625
  0.929433	0.0078125
  0.929524	0.0078125
  0.929615	0
  0.929705	0
  0.929796	0
  0.929887	0
  0.929977	0
  0.930068	0
  0.930159	-0.015625
  0.930249	-0.0234375
  0.93034	-0.0390625
  0.930431	-0.046875
  0.930522	-0.0390625
  0.930612	-0.0234375
  0.930703	0
  0.930794	0.015625
  0.930884	0.015625
  0.930975	0.0078125
  0.931066	0
  0.931156	-0.0078125
  0.931247	-0.015625
  0.931338	-0.0234375
  0.931429	-0.0390625
  0.931519	-0.046875
  0.93161	-0.046875
  0.931701	-0.0390625
  0.931791	-0.015625
  0.931882	-0.0078125
  0.931973	0
  0.932063	0
  0.932154	-0.015625
  0.932245	-0.015625
  0.932336	-0.0078125
  0.932426	0.015625
  0.932517	0.0234375
  0.932608	0.0234375
  0.932698	0.03125
  0.932789	0.0234375
  0.93288	0.03125
  0.932971	0.0234375
  0.933061	0.0234375
  0.933152	0.0234375
  0.933243	0.0234375
  0.933333	0.0390625
  0.933424	0.046875
  0.933515	0.0625
  0.933605	0.0703125
  0.933696	0.0703125
  0.933787	0.0703125
  0.933878	0.0703125
  0.933968	0.0703125
  0.934059	0.078125
  0.93415	0.0859375
  0.93424	0.101562
  0.934331	0.0859375
  0.934422	0.0703125
  0.934512	0.0625
  0.934603	0.0625
  0.934694	0.0625
  0.934785	0.0546875
  0.934875	0.0546875
  0.934966	0.0625
  0.935057	0.078125
  0.935147	0.0859375
  0.935238	0.09375
  0.935329	0.101562
  0.935419	0.101562
  0.93551	0.109375
  0.935601	0.101562
  0.935692	0.09375
  0.935782	0.078125
  0.935873	0.078125
  0.935964	0.078125
  0.936054	0.0625
  0.936145	0.0625
  0.936236	0.0703125
  0.936327	0.078125
  0.936417	0.0859375
  0.936508	0.0703125
  0.936599	0.0625
  0.936689	0.046875
  0.93678	0.0546875
  0.936871	0.0546875
  0.936961	0.0546875
  0.937052	0.0625
  0.937143	0.0625
  0.937234	0.0546875
  0.937324	0.03125
  0.937415	0.0234375
  0.937506	0.0078125
  0.937596	0.0234375
  0.937687	0.0390625
  0.937778	0.03125
  0.937868	0.0390625
  0.937959	0.03125
  0.93805	0.03125
  0.938141	0.015625
  0.938231	0.015625
  0.938322	0.0078125
  0.938413	0.0078125
  0.938503	0.015625
  0.938594	0.015625
  0.938685	0.015625
  0.938776	0.0234375
  0.938866	0.0390625
  0.938957	0.03125
  0.939048	0.0234375
  0.939138	0.015625
  0.939229	0.015625
  0.93932	0.015625
  0.93941	0.015625
  0.939501	0
  0.939592	-0.0078125
  0.939683	-0.0078125
  0.939773	-0.0078125
  0.939864	-0.0078125
  0.939955	-0.0078125
  0.940045	-0.015625
  0.940136	-0.0234375
  0.940227	-0.0390625
  0.940317	-0.0390625
  0.940408	-0.0234375
  0.940499	-0.015625
  0.94059	-0.015625
  0.94068	-0.015625
  0.940771	-0.0234375
  0.940862	-0.0078125
  0.940952	0.0078125
  0.941043	0.0078125
  0.941134	0.015625
  0.941224	0.015625
  0.941315	0.0234375
  0.941406	0.0234375
  0.941497	0.0234375
  0.941587	0.03125
  0.941678	0.03125
  0.941769	0.03125
  0.941859	0.0234375
  0.94195	0.0234375
  0.942041	0.0078125
  0.942132	0
  0.942222	0
  0.942313	0
  0.942404	-0.0078125
  0.942494	-0.015625
  0.942585	-0.0078125
  0.942676	-0.015625
  0.942766	-0.0234375
  0.942857	-0.0234375
  0.942948	-0.03125
  0.943039	-0.0234375
  0.943129	-0.015625
  0.94322	-0.015625
  0.943311	-0.015625
  0.943401	0
  0.943492	0
  0.943583	0
  0.943673	0.0078125
  0.943764	0
  0.943855	-0.0078125
  0.943946	0
  0.944036	-0.0078125
  0.944127	-0.015625
  0.944218	-0.015625
  0.944308	-0.015625
  0.944399	-0.0078125
  0.94449	0
  0.944581	0
  0.944671	0
  0.944762	-0.0078125
  0.944853	0
  0.944943	0.0234375
  0.945034	0.0390625
  0.945125	0.0390625
  0.945215	0.0234375
  0.945306	0.0078125
  0.945397	0.0078125
  0.945488	0.0234375
  0.945578	0.0390625
  0.945669	0.0625
  0.94576	0.0546875
  0.94585	0.046875
  0.945941	0.03125
  0.946032	0.03125
  0.946122	0.03125
  0.946213	0.03125
  0.946304	0.046875
  0.946395	0.0546875
  0.946485	0.0703125
  0.946576	0.078125
  0.946667	0.0703125
  0.946757	0.0703125
  0.946848	0.0625
  0.946939	0.078125
  0.947029	0.078125
  0.94712	0.09375
  0.947211	0.101562
  0.947302	0.09375
  0.947392	0.0859375
  0.947483	0.0703125
  0.947574	0.046875
  0.947664	0.046875
  0.947755	0.0546875
  0.947846	0.046875
  0.947937	0.0546875
  0.948027	0.0625
  0.948118	0.0625
  0.948209	0.0546875
  0.948299	0.046875
  0.94839	0.0390625
  0.948481	0.0390625
  0.948571	0.0625
  0.948662	0.078125
  0.948753	0.0859375
  0.948844	0.0703125
  0.948934	0.0625
  0.949025	0.0546875
  0.949116	0.0625
  0.949206	0.0625
  0.949297	0.0546875
  0.949388	0.046875
  0.949478	0.0390625
  0.949569	0.03125
  0.94966	0.0234375
  0.949751	0.015625
  0.949841	0.03125
  0.949932	0.046875
  0.950023	0.046875
  0.950113	0.0546875
  0.950204	0.0625
  0.950295	0.0390625
  0.950385	0.0234375
  0.950476	0.0078125
  0.950567	0.0078125
  0.950658	0.015625
  0.950748	0.015625
  0.950839	0.015625
  0.95093	0.0234375
  0.95102	0.0234375
  0.951111	0.03125
  0.951202	0.03125
  0.951293	0.0234375
  0.951383	0.015625
  0.951474	0.015625
  0.951565	0.0234375
  0.951655	0.0234375
  0.951746	0.03125
  0.951837	0.046875
  0.951927	0.0546875
  0.952018	0.046875
  0.952109	0.0390625
  0.9522	0.0234375
  0.95229	0
  0.952381	0
  0.952472	0.0078125
  0.952562	0.0078125
  0.952653	0.015625
  0.952744	0.015625
  0.952834	0.0078125
  0.952925	-0.0078125
  0.953016	-0.015625
  0.953107	-0.015625
  0.953197	-0.0234375
  0.953288	-0.015625
  0.953379	-0.015625
  0.953469	-0.015625
  0.95356	-0.0234375
  0.953651	-0.0234375
  0.953742	-0.0078125
  0.953832	0
  0.953923	0
  0.954014	0
  0.954104	-0.0078125
  0.954195	-0.0234375
  0.954286	-0.0390625
  0.954376	-0.0546875
  0.954467	-0.0546875
  0.954558	-0.046875
  0.954649	-0.046875
  0.954739	-0.0390625
  0.95483	-0.03125
  0.954921	-0.03125
  0.955011	-0.0390625
  0.955102	-0.0390625
  0.955193	-0.046875
  0.955283	-0.0546875
  0.955374	-0.046875
  0.955465	-0.03125
  0.955556	-0.0234375
  0.955646	-0.015625
  0.955737	-0.0078125
  0.955828	0.0078125
  0.955918	0.015625
  0.956009	0.0234375
  0.9561	0.03125
  0.95619	0.03125
  0.956281	0.0234375
  0.956372	0.015625
  0.956463	0.0234375
  0.956553	0.046875
  0.956644	0.0390625
  0.956735	0.0390625
  0.956825	0.0546875
  0.956916	0.0546875
  0.957007	0.0546875
  0.957098	0.0546875
  0.957188	0.046875
  0.957279	0.0390625
  0.95737	0.03125
  0.95746	0.03125
  0.957551	0.0390625
  0.957642	0.046875
  0.957732	0.046875
  0.957823	0.03125
  0.957914	0.0234375
  0.958005	0.0234375
  0.958095	0.0234375
  0.958186	0.0390625
  0.958277	0.0546875
  0.958367	0.078125
  0.958458	0.0859375
  0.958549	0.078125
  0.958639	0.0703125
  0.95873	0.078125
  0.958821	0.078125
  0.958912	0.0625
  0.959002	0.046875
  0.959093	0.0390625
  0.959184	0.0390625
  0.959274	0.03125
  0.959365	0.03125
  0.959456	0.03125
  0.959546	0.0234375
  0.959637	0.0078125
  0.959728	0
  0.959819	0.0078125
  0.959909	0.03125
  0.96	0.0546875
  0.960091	0.0625
  0.960181	0.0625
  0.960272	0.0546875
  0.960363	0.0546875
  0.960454	0.0546875
  0.960544	0.0625
  0.960635	0.0703125
  0.960726	0.0703125
  0.960816	0.0703125
  0.960907	0.078125
  0.960998	0.0859375
  0.961088	0.078125
  0.961179	0.0703125
  0.96127	0.0625
  0.961361	0.0703125
  0.961451	0.0625
  0.961542	0.046875
  0.961633	0.0234375
  0.961723	0.015625
  0.961814	0.03125
  0.961905	0.0546875
  0.961995	0.0546875
  0.962086	0.0390625
  0.962177	0.03125
  0.962268	0.015625
  0.962358	0.0234375
  0.962449	0.0234375
  0.96254	0.0078125
  0.96263	0
  0.962721	0.0078125
  0.962812	0
  0.962902	0
  0.962993	0
  0.963084	0.015625
  0.963175	0.0078125
  0.963265	0.0078125
  0.963356	0.015625
  0.963447	0.0234375
  0.963537	0.015625
  0.963628	0.0078125
  0.963719	0.0078125
  0.96381	0.015625
  0.9639	0.015625
  0.963991	0.0078125
  0.964082	0.0078125
  0.964172	0.015625
  0.964263	0.015625
  0.964354	0.03125
  0.964444	0.03125
  0.964535	0.03125
  0.964626	0.0390625
  0.964717	0.0546875
  0.964807	0.0546875
  0.964898	0.0546875
  0.964989	0.0390625
  0.965079	0.0234375
  0.96517	0.015625
  0.965261	0.015625
  0.965351	0.0078125
  0.965442	0.0078125
  0.965533	0.0078125
  0.965624	0.0078125
  0.965714	0.0078125
  0.965805	0.015625
  0.965896	0.0078125
  0.965986	0.0078125
  0.966077	0.015625
  0.966168	0.015625
  0.966259	0.0078125
  0.966349	0
  0.96644	-0.015625
  0.966531	-0.015625
  0.966621	-0.0234375
  0.966712	-0.0234375
  0.966803	-0.015625
  0.966893	-0.0234375
  0.966984	-0.015625
  0.967075	0
  0.967166	0
  0.967256	0
  0.967347	0.0078125
  0.967438	0.0078125
  0.967528	0.0078125
  0.967619	0
  0.96771	-0.015625
  0.9678	-0.0234375
  0.967891	-0.015625
  0.967982	0
  0.968073	-0.0078125
  0.968163	-0.0078125
  0.968254	-0.015625
  0.968345	-0.03125
  0.968435	-0.0390625
  0.968526	-0.03125
  0.968617	0
  0.968707	0.0234375
  0.968798	0.046875
  0.968889	0.046875
  0.96898	0.0234375
  0.96907	0
  0.969161	-0.015625
  0.969252	-0.0078125
  0.969342	0.0078125
  0.969433	0.015625
  0.969524	0.0234375
  0.969615	0.03125
  0.969705	0.03125
  0.969796	0.0234375
  0.969887	0.0234375
  0.969977	0.03125
  0.970068	0.0390625
  0.970159	0.0234375
  0.970249	0.015625
  0.97034	0.03125
  0.970431	0.03125
  0.970522	0.0546875
  0.970612	0.078125
  0.970703	0.078125
  0.970794	0.078125
  0.970884	0.0625
  0.970975	0.0546875
  0.971066	0.0546875
  0.971156	0.0546875
  0.971247	0.046875
  0.971338	0.046875
  0.971429	0.046875
  0.971519	0.0390625
  0.97161	0.0234375
  0.971701	0.015625
  0.971791	0.015625
  0.971882	0.03125
  0.971973	0.0625
  0.972063	0.0703125
  0.972154	0.0703125
  0.972245	0.0703125
  0.972336	0.0625
  0.972426	0.0625
  0.972517	0.078125
  0.972608	0.0703125
  0.972698	0.0625
  0.972789	0.0625
  0.97288	0.0625
  0.972971	0.046875
  0.973061	0.03125
  0.973152	0.0234375
  0.973243	0.0234375
  0.973333	0.0234375
  0.973424	0.0078125
  0.973515	0
  0.973605	0.015625
  0.973696	0.015625
  0.973787	0.03125
  0.973878	0.0390625
  0.973968	0.046875
  0.974059	0.046875
  0.97415	0.0390625
  0.97424	0.0390625
  0.974331	0.0390625
  0.974422	0.0390625
  0.974512	0.0390625
  0.974603	0.0390625
  0.974694	0.0625
  0.974785	0.0859375
  0.974875	0.101562
  0.974966	0.0703125
  0.975057	0.0390625
  0.975147	0.015625
  0.975238	0
  0.975329	0
  0.975419	-0.0078125
  0.97551	0.0078125
  0.975601	0.015625
  0.975692	0.0078125
  0.975782	0.015625
  0.975873	0.0234375
  0.975964	0.0234375
  0.976054	0.0234375
  0.976145	0.0234375
  0.976236	0.03125
  0.976327	0.0234375
  0.976417	0.015625
  0.976508	0.0078125
  0.976599	0.0078125
  0.976689	0.0078125
  0.97678	-0.0078125
  0.976871	-0.015625
  0.976961	-0.0078125
  0.977052	0
  0.977143	0
  0.977234	-0.0078125
  0.977324	-0.015625
  0.977415	-0.0078125
  0.977506	-0.015625
  0.977596	-0.015625
  0.977687	-0.0078125
  0.977778	-0.0078125
  0.977868	-0.0078125
  0.977959	-0.0078125
  0.97805	-0.015625
  0.978141	-0.0234375
  0.978231	-0.015625
  0.978322	-0.0078125
  0.978413	0
  0.978503	0.015625
  0.978594	0.015625
  0.978685	0.0078125
  0.978776	0.015625
  0.978866	0.0234375
  0.978957	0.015625
  0.979048	0.0078125
  0.979138	0
  0.979229	0
  0.97932	-0.0078125
  0.97941	-0.015625
  0.979501	-0.015625
  0.979592	-0.0234375
  0.979683	-0.015625
  0.979773	0
  0.979864	0.0078125
  0.979955	0.015625
  0.980045	0.0078125
  0.980136	0
  0.980227	-0.0078125
  0.980317	-0.015625
  0.980408	-0.015625
  0.980499	-0.0078125
  0.98059	0
  0.98068	0.0078125
  0.980771	0.0234375
  0.980862	0.0390625
  0.980952	0.0390625
  0.981043	0.03125
  0.981134	0.03125
  0.981224	0.03125
  0.981315	0.0390625
  0.981406	0.0390625
  0.981497	0.03125
  0.981587	0.0234375
  0.981678	0.015625
  0.981769	0.015625
  0.981859	0.015625
  0.98195	0.0234375
  0.982041	0.0390625
  0.982132	0.0390625
  0.982222	0.046875
  0.982313	0.0625
  0.982404	0.0625
  0.982494	0.0546875
  0.982585	0.0546875
  0.982676	0.0546875
  0.982766	0.0390625
  0.982857	0.03125
  0.982948	0.03125
  0.983039	0.046875
  0.983129	0.0546875
  0.98322	0.0390625
  0.983311	0.0390625
  0.983401	0.0234375
  0.983492	0.0078125
  0.983583	0
  0.983673	0.0078125
  0.983764	0.03125
  0.983855	0.0546875
  0.983946	0.0859375
  0.984036	0.09375
  0.984127	0.078125
  0.984218	0.0546875
  0.984308	0.0390625
  0.984399	0.015625
  0.98449	0.0078125
  0.98458	0.0078125
  0.984671	0.0234375
  0.984762	0.0234375
  0.984853	0.015625
  0.984943	0.03125
  0.985034	0.0234375
  0.985125	0.0234375
  0.985215	0.0234375
  0.985306	0.0234375
  0.985397	0.03125
  0.985488	0.03125
  0.985578	0.0234375
  0.985669	0.0234375
  0.98576	0.015625
  0.98585	0.0234375
  0.985941	0.0234375
  0.986032	0.015625
  0.986122	0.015625
  0.986213	0.015625
  0.986304	0
  0.986395	-0.0078125
  0.986485	-0.015625
  0.986576	0
  0.986667	0.0078125
  0.986757	0.0078125
  0.986848	0
  0.986939	0.0078125
  0.987029	0
  0.98712	-0.0078125
  0.987211	0.0078125
  0.987302	0.0078125
  0.987392	0.0078125
  0.987483	0.015625
  0.987574	0.015625
  0.987664	0
  0.987755	-0.0078125
  0.987846	-0.0078125
  0.987937	0
  0.988027	-0.0078125
  0.988118	0
  0.988209	0.0078125
  0.988299	0.015625
  0.98839	0.0234375
  0.988481	0.0390625
  0.988571	0.0546875
  0.988662	0.0625
  0.988753	0.0625
  0.988844	0.0625
  0.988934	0.0625
  0.989025	0.0703125
  0.989116	0.078125
  0.989206	0.0703125
  0.989297	0.0703125
  0.989388	0.0625
  0.989478	0.0546875
  0.989569	0.046875
  0.98966	0.0390625
  0.989751	0.0390625
  0.989841	0.03125
  0.989932	0.0234375
  0.990023	0.0234375
  0.990113	0.015625
  0.990204	0.0234375
  0.990295	0.015625
  0.990385	0
  0.990476	0.0078125
  0.990567	0
  0.990658	0
  0.990748	-0.015625
  0.990839	-0.0234375
  0.99093	-0.015625
  0.99102	-0.015625
  0.991111	-0.015625
  0.991202	-0.03125
  0.991293	-0.0234375
  0.991383	-0.015625
  0.991474	0
  0.991565	0
  0.991655	0
  0.991746	0
  0.991837	0
  0.991927	0.0078125
  0.992018	0.015625
  0.992109	0.0234375
  0.9922	0.015625
  0.99229	0.015625
  0.992381	0.0078125
  0.992472	0.015625
  0.992562	0.0234375
  0.992653	0.015625
  0.992744	0.0078125
  0.992834	-0.015625
  0.992925	-0.0234375
  0.993016	-0.015625
  0.993107	-0.015625
  0.993197	0.0078125
  0.993288	0.0234375
  0.993379	0.03125
  0.993469	0.046875
  0.99356	0.0390625
  0.993651	0.0234375
  0.993742	0.0078125
  0.993832	0.015625
  0.993923	0
  0.994014	0
  0.994104	0.015625
  0.994195	0.03125
  0.994286	0.0390625
  0.994376	0.03125
  0.994467	0.0390625
  0.994558	0.0390625
  0.994649	0.046875
  0.994739	0.0625
  0.99483	0.0546875
  0.994921	0.0625
  0.995011	0.078125
  0.995102	0.078125
  0.995193	0.0625
  0.995283	0.03125
  0.995374	0.0234375
  0.995465	0.015625
  0.995556	0.015625
  0.995646	0.0234375
  0.995737	0.015625
  0.995828	0.0078125
  0.995918	0
  0.996009	0.0078125
  0.9961	0.0078125
  0.99619	0
  0.996281	0.0078125
  0.996372	0.0234375
  0.996463	0.03125
  0.996553	0.0234375
  0.996644	0.015625
  0.996735	0
  0.996825	-0.0078125
  0.996916	-0.0234375
  0.997007	-0.03125
  0.997098	-0.0234375
  0.997188	-0.03125
  0.997279	-0.03125
  0.99737	-0.0234375
  0.99746	0
  0.997551	0.0078125
  0.997642	0.015625
  0.997732	0.03125
  0.997823	0.03125
  0.997914	0.03125
  0.998005	0.015625
  0.998095	0
  0.998186	-0.0078125
  0.998277	0.0078125
  0.998367	0
  0.998458	0
  0.998549	0
  0.998639	0.0078125
  0.99873	0.0234375
  0.998821	0.015625
  0.998912	0.0078125
  0.999002	0.0234375
  0.999093	0.046875
  0.999184	0.046875
  0.999274	0.0390625
  0.999365	0.03125
  0.999456	0.0390625
  0.999546	0.046875
  0.999637	0.046875
  0.999728	0.0390625
  0.999819	0.0390625
  0.999909	0.03125
  1	0.0234375
  1.00009	0.03125
  1.00018	0.0546875
  1.00027	0.0546875
  1.00036	0.0546875
  1.00045	0.0546875
  1.00054	0.0390625
  1.00063	0.0390625
  1.00073	0.0390625
  1.00082	0.0390625
  1.00091	0.0390625
  1.001	0.0546875
  1.00109	0.046875
  1.00118	0.0390625
  1.00127	0.0234375
  1.00136	0.0078125
  1.00145	-0.0078125
  1.00154	-0.0078125
  1.00163	0.0078125
  1.00172	0.0234375
  1.00181	0.0234375
  1.0019	0.0234375
  1.002	0.03125
  1.00209	0.03125
  1.00218	0.046875
  1.00227	0.0546875
  1.00236	0.0625
  1.00245	0.0546875
  1.00254	0.0390625
  1.00263	0.0234375
  1.00272	0.0234375
  1.00281	0.015625
  1.0029	0.0078125
  1.00299	0.0078125
  1.00308	-0.0078125
  1.00317	-0.0078125
  1.00327	-0.015625
  1.00336	-0.015625
  1.00345	-0.0234375
  1.00354	0
  1.00363	0.0078125
  1.00372	0
  1.00381	-0.015625
  1.0039	-0.015625
  1.00399	-0.0078125
  1.00408	-0.0078125
  1.00417	0
  1.00426	-0.0078125
  1.00435	-0.015625
  1.00444	-0.0078125
  1.00454	-0.0078125
  1.00463	-0.0078125
  1.00472	0
  1.00481	-0.0078125
  1.0049	-0.015625
  1.00499	-0.03125
  1.00508	-0.03125
  1.00517	-0.0234375
  1.00526	-0.03125
  1.00535	-0.03125
  1.00544	-0.015625
  1.00553	0
  1.00562	0.015625
  1.00571	0.0234375
  1.00581	0.0078125
  1.0059	-0.0078125
  1.00599	0
  1.00608	0.015625
  1.00617	0.0234375
  1.00626	0.0390625
  1.00635	0.03125
  1.00644	0.03125
  1.00653	0.0234375
  1.00662	0.03125
  1.00671	0.0390625
  1.0068	0.03125
  1.00689	0.03125
  1.00698	0.015625
  1.00707	0.0078125
  1.00717	0.0234375
  1.00726	0.0390625
  1.00735	0.0625
  1.00744	0.0625
  1.00753	0.0546875
  1.00762	0.046875
  1.00771	0.046875
  1.0078	0.046875
  1.00789	0.0390625
  1.00798	0.0546875
  1.00807	0.0625
  1.00816	0.0625
  1.00825	0.0625
  1.00834	0.0703125
  1.00844	0.0546875
  1.00853	0.0546875
  1.00862	0.0546875
  1.00871	0.0390625
  1.0088	0.0390625
  1.00889	0.03125
  1.00898	0.0234375
  1.00907	0.0078125
  1.00916	0
  1.00925	0
  1.00934	0
  1.00943	0
  1.00952	0.0078125
  1.00961	0.0078125
  1.00971	-0.015625
  1.0098	-0.015625
  1.00989	-0.015625
  1.00998	-0.0078125
  1.01007	-0.0078125
  1.01016	-0.0078125
  1.01025	-0.0078125
  1.01034	-0.015625
  1.01043	-0.015625
  1.01052	-0.015625
  1.01061	-0.0234375
  1.0107	-0.03125
  1.01079	-0.0234375
  1.01088	-0.015625
  1.01098	-0.0234375
  1.01107	-0.0078125
  1.01116	0.0234375
  1.01125	0.0234375
  1.01134	0.03125
  1.01143	0.0390625
  1.01152	0.03125
  1.01161	0.0234375
  1.0117	0.0390625
  1.01179	0.0625
  1.01188	0.0625
  1.01197	0.0625
  1.01206	0.078125
  1.01215	0.0859375
  1.01224	0.0703125
  1.01234	0.0703125
  1.01243	0.0625
  1.01252	0.0546875
  1.01261	0.0546875
  1.0127	0.0625
  1.01279	0.0546875
  1.01288	0.0390625
  1.01297	0.0390625
  1.01306	0.0390625
  1.01315	0.0390625
  1.01324	0.0390625
  1.01333	0.046875
  1.01342	0.046875
  1.01351	0.0234375
  1.01361	0.0234375
  1.0137	0.0390625
  1.01379	0.03125
  1.01388	0.0234375
  1.01397	0.015625
  1.01406	0
  1.01415	-0.015625
  1.01424	-0.0234375
  1.01433	-0.03125
  1.01442	-0.0390625
  1.01451	-0.0546875
  1.0146	-0.046875
  1.01469	-0.03125
  1.01478	-0.03125
  1.01488	-0.0390625
  1.01497	-0.03125
  1.01506	-0.03125
  1.01515	-0.0390625
  1.01524	-0.03125
  1.01533	-0.03125
  1.01542	-0.015625
  1.01551	0
  1.0156	0
  1.01569	-0.0234375
  1.01578	-0.0390625
  1.01587	-0.0390625
  1.01596	-0.0234375
  1.01605	-0.0078125
  1.01615	0
  1.01624	0.0078125
  1.01633	0.0078125
  1.01642	-0.0078125
  1.01651	-0.0078125
  1.0166	0
  1.01669	0.0078125
  1.01678	0.015625
  1.01687	0.0390625
  1.01696	0.03125
  1.01705	0.015625
  1.01714	0.0234375
  1.01723	0.046875
  1.01732	0.0390625
  1.01741	0.0390625
  1.01751	0.0390625
  1.0176	0.0234375
  1.01769	0.0234375
  1.01778	0.03125
  1.01787	0.0390625
  1.01796	0.03125
  1.01805	0.015625
  1.01814	0.015625
  1.01823	0.0078125
  1.01832	-0.0078125
  1.01841	0.0078125
  1.0185	0.0234375
  1.01859	0
  1.01868	-0.015625
  1.01878	-0.0078125
  1.01887	0.0078125
  1.01896	0.015625
  1.01905	0.015625
  1.01914	0.03125
  1.01923	0.015625
  1.01932	0.0078125
  1.01941	0.015625
  1.0195	0.0078125
  1.01959	0.0078125
  1.01968	0.015625
  1.01977	0.0078125
  1.01986	0.0078125
  1.01995	0.0234375
  1.02005	0.03125
  1.02014	0.0234375
  1.02023	0.0234375
  1.02032	0.0390625
  1.02041	0.046875
  1.0205	0.046875
  1.02059	0.046875
  1.02068	0.0390625
  1.02077	0.0390625
  1.02086	0.0390625
  1.02095	0.0390625
  1.02104	0.046875
  1.02113	0.046875
  1.02122	0.046875
  1.02132	0.0546875
  1.02141	0.046875
  1.0215	0.0234375
  1.02159	0.0234375
  1.02168	0.015625
  1.02177	0.0078125
  1.02186	0.0078125
  1.02195	0.0078125
  1.02204	0.0078125
  1.02213	0.015625
  1.02222	0.0390625
  1.02231	0.046875
  1.0224	0.0390625
  1.02249	0.03125
  1.02259	0.0234375
  1.02268	0.015625
  1.02277	-0.015625
  1.02286	-0.0078125
  1.02295	0
  1.02304	0
  1.02313	0.015625
  1.02322	0.03125
  1.02331	0.0390625
  1.0234	0.03125
  1.02349	0.03125
  1.02358	0.03125
  1.02367	0.03125
  1.02376	0.03125
  1.02385	0.03125
  1.02395	0.03125
  1.02404	0.03125
  1.02413	0.0234375
  1.02422	0.015625
  1.02431	0.0234375
  1.0244	0.0234375
  1.02449	0.0390625
  1.02458	0.046875
  1.02467	0.046875
  1.02476	0.046875
  1.02485	0.0546875
  1.02494	0.0546875
  1.02503	0.046875
  1.02512	0.0390625
  1.02522	0.03125
  1.02531	0.03125
  1.0254	0.03125
  1.02549	0.03125
  1.02558	0.03125
  1.02567	0.03125
  1.02576	0.046875
  1.02585	0.0546875
  1.02594	0.0390625
  1.02603	0.0234375
  1.02612	0.0234375
  1.02621	0.03125
  1.0263	0.0234375
  1.02639	0.0234375
  1.02649	0.015625
  1.02658	0
  1.02667	0
  1.02676	0
  1.02685	-0.0078125
  1.02694	-0.0078125
  1.02703	0.015625
  1.02712	0.0234375
  1.02721	0.0234375
  1.0273	0.015625
  1.02739	0
  1.02748	0
  1.02757	-0.015625
  1.02766	-0.015625
  1.02776	0
  1.02785	0.015625
  1.02794	0
  1.02803	-0.0234375
  1.02812	-0.0234375
  1.02821	-0.015625
  1.0283	-0.0234375
  1.02839	-0.0234375
  1.02848	-0.0234375
  1.02857	-0.0390625
  1.02866	-0.0390625
  1.02875	-0.0234375
  1.02884	-0.015625
  1.02893	-0.0078125
  1.02902	-0.0078125
  1.02912	-0.0078125
  1.02921	-0.0078125
  1.0293	-0.0234375
  1.02939	-0.0234375
  1.02948	-0.0234375
  1.02957	-0.0234375
  1.02966	-0.015625
  1.02975	-0.0234375
  1.02984	-0.0234375
  1.02993	-0.03125
  1.03002	-0.0234375
  1.03011	-0.0234375
  1.0302	-0.0234375
  1.03029	-0.0078125
  1.03039	0.0078125
  1.03048	0.015625
  1.03057	0.0078125
  1.03066	0.015625
  1.03075	0.015625
  1.03084	0.0078125
  1.03093	0.015625
  1.03102	0.0234375
  1.03111	0.0390625
  1.0312	0.0390625
  1.03129	0.046875
  1.03138	0.0546875
  1.03147	0.0546875
  1.03156	0.046875
  1.03166	0.046875
  1.03175	0.0390625
  1.03184	0.03125
  1.03193	0.0390625
  1.03202	0.0390625
  1.03211	0.03125
  1.0322	0.0390625
  1.03229	0.046875
  1.03238	0.046875
  1.03247	0.046875
  1.03256	0.0390625
  1.03265	0.0390625
  1.03274	0.0390625
  1.03283	0.0390625
  1.03293	0.0390625
  1.03302	0.015625
  1.03311	0
  1.0332	-0.0078125
  1.03329	-0.0078125
  1.03338	-0.0078125
  1.03347	0.0078125
  1.03356	0.015625
  1.03365	0.015625
  1.03374	0.015625
  1.03383	0.0234375
  1.03392	0.03125
  1.03401	0.03125
  1.0341	0.0234375
  1.03419	0.03125
  1.03429	0.0234375
  1.03438	0.0078125
  1.03447	0
  1.03456	-0.0234375
  1.03465	-0.0390625
  1.03474	-0.0390625
  1.03483	-0.015625
  1.03492	-0.0078125
  1.03501	0.0078125
  1.0351	0.015625
  1.03519	0.0078125
  1.03528	0
  1.03537	0.015625
  1.03546	0.015625
  1.03556	0.0078125
  1.03565	0
  1.03574	0.0078125
  1.03583	0.0234375
  1.03592	0.03125
  1.03601	0.03125
  1.0361	0.0390625
  1.03619	0.0546875
  1.03628	0.0546875
  1.03637	0.0390625
  1.03646	0.03125
  1.03655	0.0234375
  1.03664	0.0078125
  1.03673	0.0078125
  1.03683	0.0078125
  1.03692	0.015625
  1.03701	0.03125
  1.0371	0.046875
  1.03719	0.046875
  1.03728	0.0546875
  1.03737	0.0546875
  1.03746	0.0546875
  1.03755	0.03125
  1.03764	0.015625
  1.03773	0.0078125
  1.03782	0.0234375
  1.03791	0.0390625
  1.038	0.0390625
  1.0381	0.046875
  1.03819	0.046875
  1.03828	0.03125
  1.03837	0.015625
  1.03846	0.0078125
  1.03855	0
  1.03864	0.0234375
  1.03873	0.0390625
  1.03882	0.046875
  1.03891	0.0625
  1.039	0.0546875
  1.03909	0.0546875
  1.03918	0.0234375
  1.03927	0.0078125
  1.03937	0.0078125
  1.03946	0.015625
  1.03955	0.03125
  1.03964	0.0390625
  1.03973	0.0546875
  1.03982	0.03125
  1.03991	0.0078125
  1.04	0
  1.04009	-0.0078125
  1.04018	0.0078125
  1.04027	0.015625
  1.04036	0.0234375
  1.04045	0.03125
  1.04054	0.0390625
  1.04063	0.046875
  1.04073	0.03125
  1.04082	0.0234375
  1.04091	0.015625
  1.041	0
  1.04109	-0.0078125
  1.04118	-0.0078125
  1.04127	0.015625
  1.04136	0.03125
  1.04145	0.015625
  1.04154	0.015625
  1.04163	0.0078125
  1.04172	0
  1.04181	-0.0078125
  1.0419	-0.0234375
  1.042	-0.0234375
  1.04209	-0.015625
  1.04218	-0.0078125
  1.04227	0
  1.04236	-0.0078125
  1.04245	-0.0078125
  1.04254	0
  1.04263	-0.0078125
  1.04272	-0.015625
  1.04281	-0.03125
  1.0429	-0.03125
  1.04299	-0.015625
  1.04308	-0.0078125
  1.04317	0.0078125
  1.04327	0.0078125
  1.04336	0.015625
  1.04345	0
  1.04354	-0.0234375
  1.04363	-0.015625
  1.04372	-0.03125
  1.04381	-0.0234375
  1.0439	-0.015625
  1.04399	-0.015625
  1.04408	-0.0078125
  1.04417	-0.0078125
  1.04426	0.0078125
  1.04435	0.0234375
  1.04444	0.0234375
  1.04454	0.03125
  1.04463	0.0390625
  1.04472	0.0390625
  1.04481	0.0390625
  1.0449	0.0234375
  1.04499	0.015625
  1.04508	0.0078125
  1.04517	0.0078125
  1.04526	0.015625
  1.04535	0.015625
  1.04544	0.0078125
  1.04553	0
  1.04562	0.0078125
  1.04571	0.015625
  1.04581	0.015625
  1.0459	0.0078125
  1.04599	-0.0078125
  1.04608	-0.0078125
  1.04617	0.0078125
  1.04626	0.015625
  1.04635	0.0078125
  1.04644	0.0078125
  1.04653	0.0234375
  1.04662	0.015625
  1.04671	0.015625
  1.0468	0.0078125
  1.04689	0.0078125
  1.04698	0.0078125
  1.04707	-0.0234375
  1.04717	-0.0234375
  1.04726	-0.03125
  1.04735	-0.0390625
  1.04744	-0.03125
  1.04753	-0.0234375
  1.04762	-0.0078125
  1.04771	0.0078125
  1.0478	0.0234375
  1.04789	0.0234375
  1.04798	0.03125
  1.04807	0.046875
  1.04816	0.0703125
  1.04825	0.0703125
  1.04834	0.0703125
  1.04844	0.0546875
  1.04853	0.0390625
  1.04862	0.0390625
  1.04871	0.0390625
  1.0488	0.0390625
  1.04889	0.0390625
  1.04898	0.0234375
  1.04907	0.03125
  1.04916	0.0390625
  1.04925	0.0390625
  1.04934	0.0546875
  1.04943	0.078125
  1.04952	0.0859375
  1.04961	0.09375
  1.04971	0.0859375
  1.0498	0.0703125
  1.04989	0.0703125
  1.04998	0.0703125
  1.05007	0.0625
  1.05016	0.0625
  1.05025	0.0703125
  1.05034	0.078125
  1.05043	0.0703125
  1.05052	0.0703125
  1.05061	0.0703125
  1.0507	0.0703125
  1.05079	0.0703125
  1.05088	0.0703125
  1.05098	0.0546875
  1.05107	0.0390625
  1.05116	0.0234375
  1.05125	0
  1.05134	-0.0078125
  1.05143	-0.0078125
  1.05152	-0.0078125
  1.05161	0
  1.0517	0.015625
  1.05179	0.03125
  1.05188	0.03125
  1.05197	0.03125
  1.05206	0.0234375
  1.05215	0.015625
  1.05224	0.0078125
  1.05234	0.0078125
  1.05243	-0.0078125
  1.05252	-0.0078125
  1.05261	-0.015625
  1.0527	-0.015625
  1.05279	-0.0078125
  1.05288	-0.015625
  1.05297	-0.015625
  1.05306	-0.0078125
  1.05315	-0.015625
  1.05324	-0.0078125
  1.05333	-0.0078125
  1.05342	-0.0078125
  1.05351	0.015625
  1.05361	0.0078125
  1.0537	0
  1.05379	0
  1.05388	0
  1.05397	0.0078125
  1.05406	0.0078125
  1.05415	0
  1.05424	0
  1.05433	0
  1.05442	0.0078125
  1.05451	0.015625
  1.0546	0.0234375
  1.05469	0.0390625
  1.05478	0.0390625
  1.05488	0.046875
  1.05497	0.046875
  1.05506	0.046875
  1.05515	0.046875
  1.05524	0.0390625
  1.05533	0.0390625
  1.05542	0.03125
  1.05551	0.03125
  1.0556	0.0234375
  1.05569	0.015625
  1.05578	0.0078125
  1.05587	0.0078125
  1.05596	0
  1.05605	-0.0078125
  1.05615	-0.015625
  1.05624	-0.015625
  1.05633	0
  1.05642	0.0078125
  1.05651	0.015625
  1.0566	0.0234375
  1.05669	0.0234375
  1.05678	0.03125
  1.05687	0.03125
  1.05696	0.015625
  1.05705	0.0078125
  1.05714	0.015625
  1.05723	0.015625
  1.05732	0.0078125
  1.05741	0
  1.05751	-0.0078125
  1.0576	-0.0078125
  1.05769	-0.0078125
  1.05778	-0.0078125
  1.05787	0
  1.05796	0.0078125
  1.05805	-0.0078125
  1.05814	-0.0234375
  1.05823	-0.0390625
  1.05832	-0.0390625
  1.05841	-0.03125
  1.0585	-0.03125
  1.05859	-0.0234375
  1.05868	0
  1.05878	0.0234375
  1.05887	0.0390625
  1.05896	0.0390625
  1.05905	0.0234375
  1.05914	0
  1.05923	0
  1.05932	0.0078125
  1.05941	0.015625
  1.0595	0.0234375
  1.05959	0.015625
  1.05968	0
  1.05977	-0.0078125
  1.05986	-0.015625
  1.05995	-0.0078125
  1.06005	0
  1.06014	0.0078125
  1.06023	0.015625
  1.06032	0.015625
  1.06041	0.015625
  1.0605	0
  1.06059	0
  1.06068	0.015625
  1.06077	0.0234375
  1.06086	0.015625
  1.06095	0.015625
  1.06104	0.0234375
  1.06113	0.0390625
  1.06122	0.046875
  1.06132	0.0625
  1.06141	0.0546875
  1.0615	0.0625
  1.06159	0.0625
  1.06168	0.0546875
  1.06177	0.03125
  1.06186	0.015625
  1.06195	0.0234375
  1.06204	0.0390625
  1.06213	0.046875
  1.06222	0.0546875
  1.06231	0.0625
  1.0624	0.0625
  1.06249	0.0625
  1.06258	0.0546875
  1.06268	0.046875
  1.06277	0.046875
  1.06286	0.0625
  1.06295	0.0703125
  1.06304	0.0859375
  1.06313	0.0546875
  1.06322	0.03125
  1.06331	0.015625
  1.0634	0.0078125
  1.06349	0.0078125
  1.06358	0.03125
  1.06367	0.046875
  1.06376	0.0625
  1.06385	0.0703125
  1.06395	0.0546875
  1.06404	0.0390625
  1.06413	0.03125
  1.06422	0.0234375
  1.06431	0.0234375
  1.0644	0.015625
  1.06449	0.0078125
  1.06458	0.015625
  1.06467	0.0234375
  1.06476	0.03125
  1.06485	0.03125
  1.06494	0.0234375
  1.06503	0.0234375
  1.06512	0.0234375
  1.06522	0.015625
  1.06531	0.0234375
  1.0654	0.015625
  1.06549	0.015625
  1.06558	0.015625
  1.06567	0.0078125
  1.06576	0
  1.06585	0.0078125
  1.06594	0
  1.06603	-0.0078125
  1.06612	0
  1.06621	-0.0078125
  1.0663	0
  1.06639	0
  1.06649	0
  1.06658	0
  1.06667	0
  1.06676	0
  1.06685	-0.0078125
  1.06694	-0.0078125
  1.06703	-0.015625
  1.06712	-0.015625
  1.06721	0.0078125
  1.0673	0.015625
  1.06739	0.0078125
  1.06748	0.015625
  1.06757	0.03125
  1.06766	0.0390625
  1.06776	0.03125
  1.06785	0.0234375
  1.06794	0.0234375
  1.06803	0.03125
  1.06812	0.0234375
  1.06821	0.0234375
  1.0683	0.03125
  1.06839	0.03125
  1.06848	0.0234375
  1.06857	0.0234375
  1.06866	0.0234375
  1.06875	0.0234375
  1.06884	0.015625
  1.06893	-0.0078125
  1.06902	-0.0078125
  1.06912	-0.0078125
  1.06921	0
  1.0693	0.0234375
  1.06939	0.015625
  1.06948	0
  1.06957	-0.0078125
  1.06966	-0.0078125
  1.06975	-0.0078125
  1.06984	-0.0078125
  1.06993	-0.0078125
  1.07002	-0.0078125
  1.07011	-0.015625
  1.0702	-0.0234375
  1.07029	-0.0234375
  1.07039	-0.03125
  1.07048	-0.0234375
  1.07057	-0.015625
  1.07066	-0.0078125
  1.07075	-0.0078125
  1.07084	0
  1.07093	0.015625
  1.07102	0.015625
  1.07111	0
  1.0712	-0.015625
  1.07129	-0.015625
  1.07138	-0.0078125
  1.07147	0.0078125
  1.07156	0.015625
  1.07166	0.015625
  1.07175	0.015625
  1.07184	0.015625
  1.07193	0.0078125
  1.07202	0.0078125
  1.07211	0.03125
  1.0722	0.0546875
  1.07229	0.0546875
  1.07238	0.0390625
  1.07247	0.0234375
  1.07256	0.0078125
  1.07265	0.0078125
  1.07274	0.0078125
  1.07283	0.0078125
  1.07293	0.015625
  1.07302	0.03125
  1.07311	0.03125
  1.0732	0.046875
  1.07329	0.046875
  1.07338	0.0390625
  1.07347	0.03125
  1.07356	0.03125
  1.07365	0.046875
  1.07374	0.0625
  1.07383	0.0625
  1.07392	0.0546875
  1.07401	0.0546875
  1.0741	0.0390625
  1.0742	0.0234375
  1.07429	0.0234375
  1.07438	0.0078125
  1.07447	0
  1.07456	0
  1.07465	0.015625
  1.07474	0.0390625
  1.07483	0.046875
  1.07492	0.0390625
  1.07501	0.03125
  1.0751	0.015625
  1.07519	0.0234375
  1.07528	0.03125
  1.07537	0.015625
  1.07546	0.015625
  1.07556	0.015625
  1.07565	0.015625
  1.07574	0.0234375
  1.07583	0.015625
  1.07592	0.0234375
  1.07601	0.0234375
  1.0761	0.0234375
  1.07619	0.03125
  1.07628	0.0390625
  1.07637	0.0390625
  1.07646	0.0234375
  1.07655	0.0234375
  1.07664	0.0234375
  1.07673	0.0078125
  1.07683	0
  1.07692	0
  1.07701	0
  1.0771	0
  1.07719	0
  1.07728	0.015625
  1.07737	0.0390625
  1.07746	0.0625
  1.07755	0.078125
  1.07764	0.0703125
  1.07773	0.0546875
  1.07782	0.0390625
  1.07791	0.03125
  1.078	0.03125
  1.0781	0.03125
  1.07819	0.03125
  1.07828	0.0390625
  1.07837	0.046875
  1.07846	0.046875
  1.07855	0.046875
  1.07864	0.0546875
  1.07873	0.0625
  1.07882	0.0625
  1.07891	0.0703125
  1.079	0.0625
  1.07909	0.0625
  1.07918	0.046875
  1.07927	0.03125
  1.07937	0.03125
  1.07946	0.0390625
  1.07955	0.03125
  1.07964	0.0234375
  1.07973	0.03125
  1.07982	0.0234375
  1.07991	0.0234375
  1.08	0.0234375
  1.08009	0.015625
  1.08018	0.015625
  1.08027	0.015625
  1.08036	0
  1.08045	-0.0078125
  1.08054	-0.0078125
  1.08063	-0.0078125
  1.08073	0
  1.08082	0
  1.08091	-0.0078125
  1.081	0
  1.08109	0.0234375
  1.08118	0.0234375
  1.08127	0.015625
  1.08136	0
  1.08145	-0.0234375
  1.08154	-0.0234375
  1.08163	-0.015625
  1.08172	0
  1.08181	0.0078125
  1.0819	0.03125
  1.082	0.03125
  1.08209	0.0234375
  1.08218	0.0078125
  1.08227	-0.015625
  1.08236	-0.0234375
  1.08245	0
  1.08254	0.0078125
  1.08263	0.0234375
  1.08272	0.0390625
  1.08281	0.03125
  1.0829	0.0234375
  1.08299	0.0390625
  1.08308	0.0546875
  1.08317	0.0546875
  1.08327	0.046875
  1.08336	0.0390625
  1.08345	0.0390625
  1.08354	0.0390625
  1.08363	0.046875
  1.08372	0.046875
  1.08381	0.0390625
  1.0839	0.0390625
  1.08399	0.0390625
  1.08408	0.0390625
  1.08417	0.0390625
  1.08426	0.0390625
  1.08435	0.0234375
  1.08444	0
  1.08454	-0.015625
  1.08463	-0.015625
  1.08472	-0.015625
  1.08481	0
  1.0849	0.0078125
  1.08499	0.0078125
  1.08508	0
  1.08517	0
  1.08526	0.015625
  1.08535	0.015625
  1.08544	0.0078125
  1.08553	-0.0078125
  1.08562	0
  1.08571	-0.0078125
  1.0858	0
  1.0859	0.0078125
  1.08599	0.015625
  1.08608	0.03125
  1.08617	0.03125
  1.08626	0.03125
  1.08635	0.03125
  1.08644	0.0078125
  1.08653	-0.015625
  1.08662	-0.0234375
  1.08671	-0.03125
  1.0868	-0.03125
  1.08689	-0.0390625
  1.08698	-0.0390625
  1.08707	-0.015625
  1.08717	0
  1.08726	0.015625
  1.08735	0.0078125
  1.08744	-0.0078125
  1.08753	-0.0234375
  1.08762	-0.0390625
  1.08771	-0.046875
  1.0878	-0.015625
  1.08789	0
  1.08798	0
  1.08807	0.0078125
  1.08816	0.015625
  1.08825	0.0078125
  1.08834	0
  1.08844	0
  1.08853	0.0078125
  1.08862	0.0078125
  1.08871	-0.0078125
  1.0888	-0.0078125
  1.08889	-0.0078125
  1.08898	0.0078125
  1.08907	0.03125
  1.08916	0.046875
  1.08925	0.0546875
  1.08934	0.0546875
  1.08943	0.0390625
  1.08952	0.0234375
  1.08961	0.0234375
  1.08971	0.0234375
  1.0898	0.0234375
  1.08989	0.015625
  1.08998	0.015625
  1.09007	0.015625
  1.09016	0.015625
  1.09025	0.0234375
  1.09034	0.03125
  1.09043	0.03125
  1.09052	0.03125
  1.09061	0.03125
  1.0907	0.03125
  1.09079	0.046875
  1.09088	0.0546875
  1.09098	0.0546875
  1.09107	0.0546875
  1.09116	0.0546875
  1.09125	0.0390625
  1.09134	0.0390625
  1.09143	0.0390625
  1.09152	0.046875
  1.09161	0.0625
  1.0917	0.0703125
  1.09179	0.0703125
  1.09188	0.0625
  1.09197	0.0546875
  1.09206	0.046875
  1.09215	0.0703125
  1.09224	0.0703125
  1.09234	0.078125
  1.09243	0.078125
  1.09252	0.078125
  1.09261	0.0703125
  1.0927	0.0546875
  1.09279	0.0625
  1.09288	0.0546875
  1.09297	0.0625
  1.09306	0.078125
  1.09315	0.0703125
  1.09324	0.0625
  1.09333	0.0390625
  1.09342	0.015625
  1.09351	0.0078125
  1.09361	0.0078125
  1.0937	0.0078125
  1.09379	0.0078125
  1.09388	0.015625
  1.09397	0.0078125
  1.09406	-0.015625
  1.09415	-0.0234375
  1.09424	-0.03125
  1.09433	-0.0390625
  1.09442	-0.0390625
  1.09451	-0.03125
  1.0946	-0.0234375
  1.09469	-0.015625
  1.09478	0
  1.09488	0.015625
  1.09497	0.0078125
  1.09506	0
  1.09515	-0.0078125
  1.09524	-0.015625
  1.09533	-0.015625
  1.09542	-0.0234375
  1.09551	-0.0078125
  1.0956	-0.0078125
  1.09569	-0.0078125
  1.09578	0
  1.09587	0.0078125
  1.09596	0.015625
  1.09605	0.03125
  1.09615	0.03125
  1.09624	0.03125
  1.09633	0.046875
  1.09642	0.0390625
  1.09651	0.03125
  1.0966	0.0390625
  1.09669	0.0390625
  1.09678	0.03125
  1.09687	0.0390625
  1.09696	0.03125
  1.09705	0.03125
  1.09714	0.0234375
  1.09723	0.015625
  1.09732	0.015625
  1.09742	0
  1.09751	-0.0078125
  1.0976	-0.015625
  1.09769	-0.0078125
  1.09778	0
  1.09787	0.0234375
  1.09796	0.03125
  1.09805	0.0234375
  1.09814	0.015625
  1.09823	0.0078125
  1.09832	0
  1.09841	0
  1.0985	0.0078125
  1.09859	0.015625
  1.09868	0.015625
  1.09878	0.015625
  1.09887	0.0078125
  1.09896	0
  1.09905	-0.0078125
  1.09914	-0.0234375
  1.09923	-0.0390625
  1.09932	-0.046875
  1.09941	-0.0234375
  1.0995	-0.0234375
  1.09959	-0.0234375
  1.09968	-0.0234375
  1.09977	-0.03125
  1.09986	-0.03125
  1.09995	-0.0234375
  1.10005	-0.0078125
  1.10014	0.0078125
  1.10023	0.0234375
  1.10032	0.03125
  1.10041	0.0390625
  1.1005	0.046875
  1.10059	0.046875
  1.10068	0.0546875
  1.10077	0.0625
  1.10086	0.0625
  1.10095	0.046875
  1.10104	0.03125
  1.10113	0.0390625
  1.10122	0.0625
  1.10132	0.0703125
  1.10141	0.0703125
  1.1015	0.0625
  1.10159	0.0390625
  1.10168	0.03125
  1.10177	0.0390625
  1.10186	0.03125
  1.10195	0.0234375
  1.10204	0.015625
  1.10213	0.0078125
  1.10222	0.015625
  1.10231	0.0078125
  1.1024	0.0234375
  1.10249	0.03125
  1.10258	0.0234375
  1.10268	0.0078125
  1.10277	0.0078125
  1.10286	0
  1.10295	-0.0078125
  1.10304	0.0078125
  1.10313	0.015625
  1.10322	0.015625
  1.10331	0.0078125
  1.1034	0.0078125
  1.10349	0.015625
  1.10358	0.03125
  1.10367	0.046875
  1.10376	0.03125
  1.10385	0.015625
  1.10395	0.0234375
  1.10404	0.015625
  1.10413	0.0078125
  1.10422	0.015625
  1.10431	0
  1.1044	-0.015625
  1.10449	-0.0078125
  1.10458	0
  1.10467	0.0234375
  1.10476	0.015625
  1.10485	0.015625
  1.10494	0.0234375
  1.10503	0.015625
  1.10512	0.0234375
  1.10522	0.03125
  1.10531	0.03125
  1.1054	0.046875
  1.10549	0.0546875
  1.10558	0.0546875
  1.10567	0.0625
  1.10576	0.0625
  1.10585	0.0625
  1.10594	0.0546875
  1.10603	0.046875
  1.10612	0.0390625
  1.10621	0.03125
  1.1063	0.03125
  1.10639	0.0234375
  1.10649	0.03125
  1.10658	0.0390625
  1.10667	0.0390625
  1.10676	0.0546875
  1.10685	0.0546875
  1.10694	0.0546875
  1.10703	0.0625
  1.10712	0.0546875
  1.10721	0.0546875
  1.1073	0.046875
  1.10739	0.046875
  1.10748	0.0390625
  1.10757	0.0234375
  1.10766	0.015625
  1.10776	0
  1.10785	-0.015625
  1.10794	-0.015625
  1.10803	0
  1.10812	0.015625
  1.10821	0.0234375
  1.1083	0.015625
  1.10839	0.03125
  1.10848	0.0390625
  1.10857	0.015625
  1.10866	0.0078125
  1.10875	0.0078125
  1.10884	0.015625
  1.10893	0.0078125
  1.10902	0
  1.10912	-0.0078125
  1.10921	-0.0078125
  1.1093	0
  1.10939	0
  1.10948	0
  1.10957	0
  1.10966	0.0078125
  1.10975	0
  1.10984	0.0078125
  1.10993	0.0078125
  1.11002	0.015625
  1.11011	0.0234375
  1.1102	0.03125
  1.11029	0.015625
  1.11039	0.0078125
  1.11048	0.0078125
  1.11057	0.0078125
  1.11066	0.0078125
  1.11075	0.0078125
  1.11084	0.0078125
  1.11093	0.0078125
  1.11102	0
  1.11111	0
  1.1112	0.015625
  1.11129	0.015625
  1.11138	0.015625
  1.11147	0.015625
  1.11156	0.0234375
  1.11166	0.0234375
  1.11175	0.015625
  1.11184	0
  1.11193	-0.015625
  1.11202	-0.0234375
  1.11211	-0.0078125
  1.1122	0.0078125
  1.11229	0
  1.11238	0
  1.11247	0
  1.11256	0
  1.11265	-0.015625
  1.11274	-0.0234375
  1.11283	-0.015625
  1.11293	-0.015625
  1.11302	0
  1.11311	-0.0078125
  1.1132	-0.0078125
  1.11329	0
  1.11338	0
  1.11347	-0.0078125
  1.11356	-0.0078125
  1.11365	0.0078125
  1.11374	0.0078125
  1.11383	0.0078125
  1.11392	0.0078125
  1.11401	0
  1.1141	0.0234375
  1.1142	0.0234375
  1.11429	0.0234375
  1.11438	0.015625
  1.11447	0
  1.11456	0
  1.11465	0.0078125
  1.11474	0.0078125
  1.11483	0.015625
  1.11492	0.0078125
  1.11501	0.015625
  1.1151	0.03125
  1.11519	0.03125
  1.11528	0.0390625
  1.11537	0.0390625
  1.11546	0.0390625
  1.11556	0.0390625
  1.11565	0.0546875
  1.11574	0.0703125
  1.11583	0.0859375
  1.11592	0.09375
  1.11601	0.101562
  1.1161	0.0859375
  1.11619	0.0703125
  1.11628	0.0703125
  1.11637	0.0703125
  1.11646	0.0859375
  1.11655	0.078125
  1.11664	0.078125
  1.11673	0.0859375
  1.11683	0.0703125
  1.11692	0.0625
  1.11701	0.0546875
  1.1171	0.0703125
  1.11719	0.078125
  1.11728	0.0546875
  1.11737	0.0390625
  1.11746	0.03125
  1.11755	0.0390625
  1.11764	0.0390625
  1.11773	0.0390625
  1.11782	0.03125
  1.11791	0.0234375
  1.118	0.0234375
  1.1181	0.0390625
  1.11819	0.046875
  1.11828	0.0546875
  1.11837	0.03125
  1.11846	0.0078125
  1.11855	-0.0078125
  1.11864	-0.0234375
  1.11873	-0.0234375
  1.11882	-0.0390625
  1.11891	-0.0234375
  1.119	-0.0234375
  1.11909	-0.0234375
  1.11918	-0.0234375
  1.11927	0
  1.11937	0.0078125
  1.11946	0.015625
  1.11955	0.015625
  1.11964	0.0078125
  1.11973	0
  1.11982	-0.0078125
  1.11991	-0.015625
  1.12	0
  1.12009	0
  1.12018	-0.015625
  1.12027	0
  1.12036	-0.0078125
  1.12045	0
  1.12054	-0.0078125
  1.12063	-0.015625
  1.12073	-0.015625
  1.12082	-0.015625
  1.12091	0
  1.121	0.0078125
  1.12109	0.0078125
  1.12118	0.0078125
  1.12127	0.0078125
  1.12136	0.0234375
  1.12145	0.03125
  1.12154	0.03125
  1.12163	0.03125
  1.12172	0.0234375
  1.12181	0.0234375
  1.1219	0.0234375
  1.122	0.0234375
  1.12209	0.0234375
  1.12218	0.015625
  1.12227	0.0078125
  1.12236	0.015625
  1.12245	0.0078125
  1.12254	0.015625
  1.12263	0.015625
  1.12272	0.03125
  1.12281	0.0234375
  1.1229	0.0234375
  1.12299	0.015625
  1.12308	0.0234375
  1.12317	0.015625
  1.12327	0.0078125
  1.12336	0.015625
  1.12345	0.0078125
  1.12354	0.0078125
  1.12363	0.015625
  1.12372	0.0234375
  1.12381	0.0234375
  1.1239	0.03125
  1.12399	0.0234375
  1.12408	0.0390625
  1.12417	0.046875
  1.12426	0.03125
  1.12435	0.015625
  1.12444	0
  1.12454	0
  1.12463	0
  1.12472	0
  1.12481	0.0078125
  1.1249	0.0078125
  1.12499	0
  1.12508	-0.015625
  1.12517	-0.0234375
  1.12526	-0.0234375
  1.12535	0
  1.12544	0.015625
  1.12553	0.03125
  1.12562	0.03125
  1.12571	0.0078125
  1.1258	-0.0234375
  1.1259	-0.03125
  1.12599	-0.03125
  1.12608	-0.0234375
  1.12617	-0.015625
  1.12626	-0.0078125
  1.12635	-0.0234375
  1.12644	-0.0234375
  1.12653	-0.015625
  1.12662	-0.015625
  1.12671	-0.0234375
  1.1268	-0.03125
  1.12689	-0.046875
  1.12698	-0.03125
  1.12707	0
  1.12717	0.015625
  1.12726	0.0234375
  1.12735	0.03125
  1.12744	0.0390625
  1.12753	0.03125
  1.12762	0.015625
  1.12771	0.0078125
  1.1278	0.0078125
  1.12789	0.0078125
  1.12798	0.015625
  1.12807	0.015625
  1.12816	0.03125
  1.12825	0.03125
  1.12834	0.03125
  1.12844	0.03125
  1.12853	0.03125
  1.12862	0.0234375
  1.12871	0.0390625
  1.1288	0.0546875
  1.12889	0.0859375
  1.12898	0.101562
  1.12907	0.0859375
  1.12916	0.09375
  1.12925	0.0859375
  1.12934	0.0859375
  1.12943	0.0703125
  1.12952	0.0703125
  1.12961	0.09375
  1.12971	0.101562
  1.1298	0.101562
  1.12989	0.0859375
  1.12998	0.0703125
  1.13007	0.046875
  1.13016	0.046875
  1.13025	0.0546875
  1.13034	0.046875
  1.13043	0.046875
  1.13052	0.0546875
  1.13061	0.0625
  1.1307	0.0703125
  1.13079	0.0859375
  1.13088	0.0703125
  1.13098	0.0390625
  1.13107	0.015625
  1.13116	0.015625
  1.13125	0.015625
  1.13134	0.015625
  1.13143	0.0234375
  1.13152	0.0234375
  1.13161	0.0234375
  1.1317	0
  1.13179	-0.0078125
  1.13188	0
  1.13197	0.0078125
  1.13206	0.015625
  1.13215	0
  1.13224	0
  1.13234	0
  1.13243	0.015625
  1.13252	0.03125
  1.13261	0.03125
  1.1327	0.0390625
  1.13279	0.046875
  1.13288	0.046875
  1.13297	0.0546875
  1.13306	0.0546875
  1.13315	0.0546875
  1.13324	0.0546875
  1.13333	0.0625
  1.13342	0.0625
  1.13351	0.0625
  1.13361	0.0546875
  1.1337	0.0546875
  1.13379	0.0546875
  1.13388	0.0625
  1.13397	0.078125
  1.13406	0.0703125
  1.13415	0.0546875
  1.13424	0.0390625
  1.13433	0.0390625
  1.13442	0.0390625
  1.13451	0.0390625
  1.1346	0.0234375
  1.13469	0.0234375
  1.13478	0.0234375
  1.13488	0.015625
  1.13497	0.0078125
  1.13506	0.0078125
  1.13515	-0.0078125
  1.13524	-0.03125
  1.13533	-0.03125
  1.13542	-0.0078125
  1.13551	0
  1.1356	-0.015625
  1.13569	-0.03125
  1.13578	-0.046875
  1.13587	-0.046875
  1.13596	-0.046875
  1.13605	-0.046875
  1.13615	-0.0546875
  1.13624	-0.0390625
  1.13633	-0.0390625
  1.13642	-0.03125
  1.13651	-0.03125
  1.1366	-0.0390625
  1.13669	-0.046875
  1.13678	-0.0390625
  1.13687	-0.0390625
  1.13696	-0.046875
  1.13705	-0.0390625
  1.13714	-0.03125
  1.13723	-0.0234375
  1.13732	-0.015625
  1.13742	-0.015625
  1.13751	-0.0234375
  1.1376	-0.03125
  1.13769	-0.015625
  1.13778	-0.015625
  1.13787	-0.015625
  1.13796	-0.015625
  1.13805	-0.0078125
  1.13814	0.0078125
  1.13823	0.03125
  1.13832	0.0390625
  1.13841	0.0234375
  1.1385	0.015625
  1.13859	0.015625
  1.13868	0.015625
  1.13878	0.015625
  1.13887	0.015625
  1.13896	0
  1.13905	0
  1.13914	-0.0078125
  1.13923	0.0078125
  1.13932	0.015625
  1.13941	0.0234375
  1.1395	0.03125
  1.13959	0.015625
  1.13968	0.0234375
  1.13977	0.0234375
  1.13986	0.0234375
  1.13995	0.046875
  1.14005	0.0625
  1.14014	0.0625
  1.14023	0.0390625
  1.14032	0.0390625
  1.14041	0.015625
  1.1405	0.0078125
  1.14059	0.0078125
  1.14068	0.015625
  1.14077	0.0234375
  1.14086	0.03125
  1.14095	0.046875
  1.14104	0.046875
  1.14113	0.03125
  1.14122	0.0078125
  1.14132	0.015625
  1.14141	0.015625
  1.1415	0.015625
  1.14159	0.03125
  1.14168	0.046875
  1.14177	0.0625
  1.14186	0.0546875
  1.14195	0.0546875
  1.14204	0.0546875
  1.14213	0.0546875
  1.14222	0.0625
  1.14231	0.046875
  1.1424	0.046875
  1.14249	0.0390625
  1.14258	0.015625
  1.14268	0.0078125
  1.14277	0.015625
  1.14286	0.03125
  1.14295	0.046875
  1.14304	0.046875
  1.14313	0.046875
  1.14322	0.0390625
  1.14331	0.0390625
  1.1434	0.046875
  1.14349	0.0625
  1.14358	0.0625
  1.14367	0.0546875
  1.14376	0.0546875
  1.14385	0.046875
  1.14395	0.046875
  1.14404	0.046875
  1.14413	0.03125
  1.14422	0.0390625
  1.14431	0.0390625
  1.1444	0.0390625
  1.14449	0.0546875
  1.14458	0.0625
  1.14467	0.078125
  1.14476	0.0703125
  1.14485	0.0703125
  1.14494	0.0625
  1.14503	0.0390625
  1.14512	0.046875
  1.14522	0.046875
  1.14531	0.0546875
  1.1454	0.046875
  1.14549	0.046875
  1.14558	0.046875
  1.14567	0.0390625
  1.14576	0.0546875
  1.14585	0.0546875
  1.14594	0.046875
  1.14603	0.0390625
  1.14612	0.03125
  1.14621	0.0234375
  1.1463	0
  1.14639	0
  1.14649	0.0078125
  1.14658	0.0078125
  1.14667	0.015625
  1.14676	0.0234375
  1.14685	0.0390625
  1.14694	0.03125
  1.14703	0.0234375
  1.14712	0.0078125
  1.14721	0.0078125
  1.1473	0.0078125
  1.14739	-0.0078125
  1.14748	-0.0234375
  1.14757	-0.0234375
  1.14766	-0.0390625
  1.14776	-0.046875
  1.14785	-0.0390625
  1.14794	-0.0390625
  1.14803	-0.046875
  1.14812	-0.046875
  1.14821	-0.0390625
  1.1483	-0.03125
  1.14839	-0.0234375
  1.14848	-0.0234375
  1.14857	-0.0390625
  1.14866	-0.0390625
  1.14875	-0.0546875
  1.14884	-0.046875
  1.14893	-0.03125
  1.14902	-0.03125
  1.14912	-0.0390625
  1.14921	-0.046875
  1.1493	-0.0546875
  1.14939	-0.0546875
  1.14948	-0.0546875
  1.14957	-0.0546875
  1.14966	-0.0546875
  1.14975	-0.046875
  1.14984	-0.0390625
  1.14993	-0.0234375
  1.15002	-0.0234375
  1.15011	-0.03125
  1.1502	-0.015625
  1.15029	-0.0078125
  1.15039	0.0078125
  1.15048	0.0078125
  1.15057	0.0078125
  1.15066	0.015625
  1.15075	0.0234375
  1.15084	0.0234375
  1.15093	0.015625
  1.15102	-0.015625
  1.15111	-0.015625
  1.1512	0
  1.15129	0.03125
  1.15138	0.046875
  1.15147	0.0546875
  1.15156	0.0625
  1.15166	0.0625
  1.15175	0.046875
  1.15184	0.0234375
  1.15193	0.015625
  1.15202	0.015625
  1.15211	0.015625
  1.1522	0.015625
  1.15229	0.046875
  1.15238	0.0546875
  1.15247	0.0703125
  1.15256	0.078125
  1.15265	0.0625
  1.15274	0.0546875
  1.15283	0.046875
  1.15293	0.0390625
  1.15302	0.03125
  1.15311	0.03125
  1.1532	0.0390625
  1.15329	0.03125
  1.15338	0.0625
  1.15347	0.0703125
  1.15356	0.0703125
  1.15365	0.0703125
  1.15374	0.046875
  1.15383	0.0390625
  1.15392	0.03125
  1.15401	0.0390625
  1.1541	0.046875
  1.1542	0.0625
  1.15429	0.0703125
  1.15438	0.0703125
  1.15447	0.0703125
  1.15456	0.0625
  1.15465	0.046875
  1.15474	0.0390625
  1.15483	0.03125
  1.15492	0.03125
  1.15501	0.046875
  1.1551	0.0546875
  1.15519	0.0546875
  1.15528	0.0703125
  1.15537	0.0703125
  1.15546	0.078125
  1.15556	0.078125
  1.15565	0.0546875
  1.15574	0.0390625
  1.15583	0.046875
  1.15592	0.0546875
  1.15601	0.0546875
  1.1561	0.0703125
  1.15619	0.078125
  1.15628	0.0703125
  1.15637	0.0703125
  1.15646	0.0625
  1.15655	0.0546875
  1.15664	0.046875
  1.15673	0.0546875
  1.15683	0.0625
  1.15692	0.0625
  1.15701	0.0703125
  1.1571	0.0625
  1.15719	0.078125
  1.15728	0.0625
  1.15737	0.0625
  1.15746	0.046875
  1.15755	0.046875
  1.15764	0.0390625
  1.15773	0.0234375
  1.15782	0.0234375
  1.15791	0.0390625
  1.158	0.0546875
  1.1581	0.0546875
  1.15819	0.0625
  1.15828	0.0546875
  1.15837	0.03125
  1.15846	0.0234375
  1.15855	0.0234375
  1.15864	0.03125
  1.15873	0.0234375
  1.15882	0.015625
  1.15891	0
  1.159	-0.0078125
  1.15909	-0.0078125
  1.15918	-0.015625
  1.15927	-0.015625
  1.15937	-0.0078125
  1.15946	-0.015625
  1.15955	-0.015625
  1.15964	-0.0078125
  1.15973	-0.015625
  1.15982	-0.015625
  1.15991	-0.03125
  1.16	-0.0390625
  1.16009	-0.046875
  1.16018	-0.0546875
  1.16027	-0.046875
  1.16036	-0.046875
  1.16045	-0.0390625
  1.16054	-0.03125
  1.16063	-0.0546875
  1.16073	-0.0390625
  1.16082	-0.0390625
  1.16091	-0.046875
  1.161	-0.0390625
  1.16109	-0.0390625
  1.16118	-0.0390625
  1.16127	-0.03125
  1.16136	-0.0234375
  1.16145	-0.015625
  1.16154	-0.015625
  1.16163	-0.015625
  1.16172	0
  1.16181	0
  1.1619	0
  1.162	0.0234375
  1.16209	0.03125
  1.16218	0.0234375
  1.16227	0.03125
  1.16236	0
  1.16245	-0.0078125
  1.16254	-0.015625
  1.16263	-0.0234375
  1.16272	-0.0078125
  1.16281	-0.015625
  1.1629	-0.0078125
  1.16299	0
  1.16308	0.0078125
  1.16317	0
  1.16327	-0.0078125
  1.16336	-0.03125
  1.16345	-0.03125
  1.16354	-0.0234375
  1.16363	-0.0078125
  1.16372	0.0078125
  1.16381	0
  1.1639	-0.0078125
  1.16399	0
  1.16408	0.015625
  1.16417	0.0234375
  1.16426	0.03125
  1.16435	0.0234375
  1.16444	0.0234375
  1.16454	0.0234375
  1.16463	0.0234375
  1.16472	0.03125
  1.16481	0.0234375
  1.1649	0.0234375
  1.16499	0.0234375
  1.16508	0.015625
  1.16517	0.015625
  1.16526	0.0234375
  1.16535	0.0078125
  1.16544	0
  1.16553	0.015625
  1.16562	0.015625
  1.16571	0.0390625
  1.1658	0.0546875
  1.1659	0.0625
  1.16599	0.078125
  1.16608	0.078125
  1.16617	0.046875
  1.16626	0.046875
  1.16635	0.0703125
  1.16644	0.0703125
  1.16653	0.0703125
  1.16662	0.078125
  1.16671	0.0703125
  1.1668	0.0546875
  1.16689	0.0546875
  1.16698	0.0703125
  1.16707	0.078125
  1.16717	0.0546875
  1.16726	0.0546875
  1.16735	0.0703125
  1.16744	0.0703125
  1.16753	0.0625
  1.16762	0.0625
  1.16771	0.0703125
  1.1678	0.0703125
  1.16789	0.0546875
  1.16798	0.0625
  1.16807	0.0546875
  1.16816	0.0625
  1.16825	0.0703125
  1.16834	0.0703125
  1.16844	0.0703125
  1.16853	0.0625
  1.16862	0.0546875
  1.16871	0.0390625
  1.1688	0.03125
  1.16889	0.015625
  1.16898	0.0234375
  1.16907	0.0390625
  1.16916	0.046875
  1.16925	0.0390625
  1.16934	0.0390625
  1.16943	0.046875
  1.16952	0.0546875
  1.16961	0.0546875
  1.16971	0.0625
  1.1698	0.0859375
  1.16989	0.078125
  1.16998	0.0625
  1.17007	0.0546875
  1.17016	0.0625
  1.17025	0.0546875
  1.17034	0.0546875
  1.17043	0.0546875
  1.17052	0.0390625
  1.17061	0.0390625
  1.1707	0.046875
  1.17079	0.0625
  1.17088	0.0625
  1.17098	0.0625
  1.17107	0.0546875
  1.17116	0.0703125
  1.17125	0.046875
  1.17134	0.0390625
  1.17143	0.0390625
  1.17152	0.0703125
  1.17161	0.09375
  1.1717	0.078125
  1.17179	0.046875
  1.17188	0.015625
  1.17197	-0.03125
  1.17206	-0.0546875
  1.17215	-0.0234375
  1.17224	-0.0234375
  1.17234	-0.0234375
  1.17243	-0.0078125
  1.17252	0.0078125
  1.17261	0.015625
  1.1727	0.0078125
  1.17279	0
  1.17288	-0.0078125
  1.17297	0
  1.17306	-0.0234375
  1.17315	-0.03125
  1.17324	-0.0234375
  1.17333	-0.03125
  1.17342	-0.0390625
  1.17351	-0.03125
  1.17361	-0.0234375
  1.1737	-0.0078125
  1.17379	-0.0078125
  1.17388	-0.03125
  1.17397	-0.0546875
  1.17406	-0.0625
  1.17415	-0.0625
  1.17424	-0.046875
  1.17433	-0.03125
  1.17442	-0.015625
  1.17451	-0.0234375
  1.1746	-0.03125
  1.17469	-0.0390625
  1.17478	-0.03125
  1.17488	-0.015625
  1.17497	-0.0078125
  1.17506	0.015625
  1.17515	0.03125
  1.17524	0.0390625
  1.17533	0.0390625
  1.17542	0.0390625
  1.17551	0.03125
  1.1756	0.0390625
  1.17569	0.046875
  1.17578	0.015625
  1.17587	-0.0078125
  1.17596	-0.0234375
  1.17605	-0.015625
  1.17615	-0.0078125
  1.17624	0
  1.17633	0.015625
  1.17642	-0.0078125
  1.17651	-0.0234375
  1.1766	-0.03125
  1.17669	-0.0234375
  1.17678	-0.03125
  1.17687	-0.0546875
  1.17696	-0.0546875
  1.17705	-0.0546875
  1.17714	-0.046875
  1.17723	-0.0390625
  1.17732	-0.0390625
  1.17742	-0.0390625
  1.17751	-0.0234375
  1.1776	-0.0234375
  1.17769	-0.0234375
  1.17778	-0.0078125
  1.17787	-0.0078125
  1.17796	0.015625
  1.17805	0.0234375
  1.17814	0.015625
  1.17823	0.0234375
  1.17832	0.015625
  1.17841	0.03125
  1.1785	0.0390625
  1.17859	0.03125
  1.17868	0.03125
  1.17878	0.03125
  1.17887	0.0390625
  1.17896	0.03125
  1.17905	0.03125
  1.17914	0.0390625
  1.17923	0.0390625
  1.17932	0.0390625
  1.17941	0.046875
  1.1795	0.0546875
  1.17959	0.0703125
  1.17968	0.0546875
  1.17977	0.0546875
  1.17986	0.0546875
  1.17995	0.0625
  1.18005	0.0703125
  1.18014	0.0703125
  1.18023	0.0859375
  1.18032	0.0625
  1.18041	0.0546875
  1.1805	0.0546875
  1.18059	0.0546875
  1.18068	0.0546875
  1.18077	0.0703125
  1.18086	0.078125
  1.18095	0.078125
  1.18104	0.09375
  1.18113	0.0859375
  1.18122	0.0703125
  1.18132	0.0546875
  1.18141	0.046875
  1.1815	0.0703125
  1.18159	0.09375
  1.18168	0.078125
  1.18177	0.0859375
  1.18186	0.0859375
  1.18195	0.0859375
  1.18204	0.078125
  1.18213	0.0625
  1.18222	0.0703125
  1.18231	0.0703125
  1.1824	0.0546875
  1.18249	0.0546875
  1.18258	0.0546875
  1.18268	0.0390625
  1.18277	0.03125
  1.18286	0.0234375
  1.18295	0.015625
  1.18304	0.0390625
  1.18313	0.0546875
  1.18322	0.0625
  1.18331	0.0703125
  1.1834	0.0703125
  1.18349	0.0703125
  1.18358	0.0546875
  1.18367	0.046875
  1.18376	0.0546875
  1.18385	0.0546875
  1.18395	0.0546875
  1.18404	0.0625
  1.18413	0.078125
  1.18422	0.078125
  1.18431	0.0625
  1.1844	0.046875
  1.18449	0.0546875
  1.18458	0.0390625
  1.18467	0.03125
  1.18476	0.0390625
  1.18485	0.0390625
  1.18494	0.0234375
  1.18503	0.0234375
  1.18512	0.015625
  1.18522	0.0078125
  1.18531	0.015625
  1.1854	0.015625
  1.18549	0.0078125
  1.18558	0
  1.18567	-0.0078125
  1.18576	-0.0078125
  1.18585	0.0078125
  1.18594	0.015625
  1.18603	0.015625
  1.18612	-0.0078125
  1.18621	-0.0234375
  1.1863	-0.0234375
  1.18639	-0.0234375
  1.18649	-0.0234375
  1.18658	-0.0234375
  1.18667	0
  1.18676	0.0078125
  1.18685	0
  1.18694	-0.0078125
  1.18703	-0.015625
  1.18712	-0.03125
  1.18721	-0.03125
  1.1873	-0.0234375
  1.18739	-0.0078125
  1.18748	-0.0078125
  1.18757	-0.015625
  1.18766	-0.015625
  1.18776	-0.03125
  1.18785	-0.0546875
  1.18794	-0.046875
  1.18803	-0.0234375
  1.18812	0
  1.18821	0.015625
  1.1883	0.015625
  1.18839	0
  1.18848	0
  1.18857	0.015625
  1.18866	0.0078125
  1.18875	-0.0078125
  1.18884	-0.0234375
  1.18893	-0.03125
  1.18902	-0.0234375
  1.18912	-0.015625
  1.18921	-0.0078125
  1.1893	0.0078125
  1.18939	0.015625
  1.18948	0.0234375
  1.18957	0.015625
  1.18966	0.015625
  1.18975	0.015625
  1.18984	0.015625
  1.18993	0.015625
  1.19002	0.015625
  1.19011	0
  1.1902	-0.015625
  1.19029	-0.0078125
  1.19039	0
  1.19048	0.0234375
  1.19057	0.015625
  1.19066	0.0078125
  1.19075	-0.0078125
  1.19084	0
  1.19093	0.0078125
  1.19102	0.0078125
  1.19111	0.015625
  1.1912	0.0234375
  1.19129	0.0390625
  1.19138	0.0390625
  1.19147	0.0390625
  1.19156	0.0390625
  1.19166	0.03125
  1.19175	0.0390625
  1.19184	0.0390625
  1.19193	0.0390625
  1.19202	0.03125
  1.19211	0.0078125
  1.1922	0.0078125
  1.19229	0.015625
  1.19238	0.0234375
  1.19247	0.0390625
  1.19256	0.0390625
  1.19265	0.03125
  1.19274	0.046875
  1.19283	0.046875
  1.19293	0.0546875
  1.19302	0.0546875
  1.19311	0.0625
  1.1932	0.0546875
  1.19329	0.0390625
  1.19338	0.015625
  1.19347	0.015625
  1.19356	0.015625
  1.19365	0.0078125
  1.19374	0.0078125
  1.19383	0.0234375
  1.19392	0.0390625
  1.19401	0.046875
  1.1941	0.0546875
  1.19419	0.046875
  1.19429	0.0390625
  1.19438	0.0234375
  1.19447	0.0234375
  1.19456	0.03125
  1.19465	0.03125
  1.19474	0.0234375
  1.19483	0.015625
  1.19492	0.0234375
  1.19501	0.03125
  1.1951	0.0546875
  1.19519	0.0546875
  1.19528	0.0390625
  1.19537	0.015625
  1.19546	0.0078125
  1.19556	0.0078125
  1.19565	0.015625
  1.19574	0.0390625
  1.19583	0.046875
  1.19592	0.046875
  1.19601	0.0546875
  1.1961	0.03125
  1.19619	0.015625
  1.19628	0.0234375
  1.19637	0.0390625
  1.19646	0.0703125
  1.19655	0.078125
  1.19664	0.0625
  1.19673	0.03125
  1.19683	0
  1.19692	0
  1.19701	0
  1.1971	-0.0078125
  1.19719	0
  1.19728	0.015625
  1.19737	0.03125
  1.19746	0.03125
  1.19755	0.046875
  1.19764	0.0546875
  1.19773	0.0546875
  1.19782	0.0625
  1.19791	0.0546875
  1.198	0.0390625
  1.1981	0.0234375
  1.19819	0.0234375
  1.19828	0.0234375
  1.19837	0.0390625
  1.19846	0.0546875
  1.19855	0.0546875
  1.19864	0.046875
  1.19873	0.0390625
  1.19882	0.0390625
  1.19891	0.03125
  1.199	0.0078125
  1.19909	0.0078125
  1.19918	0.015625
  1.19927	0.03125
  1.19937	0.0390625
  1.19946	0.046875
  1.19955	0.0390625
  1.19964	0.0234375
  1.19973	0.0078125
  1.19982	0
  1.19991	-0.015625
  1.2	-0.0078125
  1.20009	0.015625
  1.20018	0.0234375
  1.20027	0.0390625
  1.20036	0.046875
  1.20045	0.0546875
  1.20054	0.0390625
  1.20063	0.03125
  1.20073	0.015625
  1.20082	0.0078125
  1.20091	0
  1.201	0.0078125
  1.20109	0.03125
  1.20118	0.0234375
  1.20127	0.0234375
  1.20136	0.015625
  1.20145	0.015625
  1.20154	0.03125
  1.20163	0.0078125
  1.20172	0.0078125
  1.20181	0
  1.2019	-0.015625
  1.202	-0.0078125
  1.20209	0
  1.20218	0
  1.20227	0
  1.20236	-0.0234375
  1.20245	-0.03125
  1.20254	-0.0390625
  1.20263	-0.046875
  1.20272	-0.03125
  1.20281	-0.0234375
  1.2029	-0.015625
  1.20299	-0.0234375
  1.20308	-0.0234375
  1.20317	-0.015625
  1.20327	-0.0078125
  1.20336	0.0078125
  1.20345	0.0078125
  1.20354	0.0078125
  1.20363	0
  1.20372	-0.015625
  1.20381	-0.0234375
  1.2039	-0.0078125
  1.20399	-0.0078125
  1.20408	-0.0078125
  1.20417	-0.0078125
  1.20426	-0.015625
  1.20435	-0.0234375
  1.20444	-0.0078125
  1.20454	0
  1.20463	0
  1.20472	0
  1.20481	-0.015625
  1.2049	-0.015625
  1.20499	-0.0078125
  1.20508	0.0078125
  1.20517	0
  1.20526	-0.015625
  1.20535	-0.0078125
  1.20544	-0.0078125
  1.20553	-0.0078125
  1.20562	-0.015625
  1.20571	-0.0078125
  1.20581	-0.0078125
  1.2059	0
  1.20599	0.0078125
  1.20608	0
  1.20617	0.0078125
  1.20626	0.015625
  1.20635	0.03125
  1.20644	0.0234375
  1.20653	0.03125
  1.20662	0.0390625
  1.20671	0.0390625
  1.2068	0.0625
  1.20689	0.0625
  1.20698	0.0546875
  1.20707	0.046875
  1.20717	0.03125
  1.20726	0.03125
  1.20735	0.0390625
  1.20744	0.0390625
  1.20753	0.046875
  1.20762	0.046875
  1.20771	0.0546875
  1.2078	0.078125
  1.20789	0.0703125
  1.20798	0.0625
  1.20807	0.0625
  1.20816	0.0703125
  1.20825	0.0703125
  1.20834	0.0703125
  1.20844	0.0703125
  1.20853	0.0859375
  1.20862	0.078125
  1.20871	0.0625
  1.2088	0.0546875
  1.20889	0.0546875
  1.20898	0.0625
  1.20907	0.078125
  1.20916	0.09375
  1.20925	0.109375
  1.20934	0.101562
  1.20943	0.09375
  1.20952	0.078125
  1.20961	0.0625
  1.20971	0.046875
  1.2098	0.03125
  1.20989	0.0390625
  1.20998	0.03125
  1.21007	0.0390625
  1.21016	0.0546875
  1.21025	0.0625
  1.21034	0.078125
  1.21043	0.0859375
  1.21052	0.09375
  1.21061	0.101562
  1.2107	0.09375
  1.21079	0.0859375
  1.21088	0.0703125
  1.21098	0.0625
  1.21107	0.046875
  1.21116	0.0234375
  1.21125	0.0078125
  1.21134	0
  1.21143	-0.0078125
  1.21152	0
  1.21161	0.0078125
  1.2117	0.0078125
  1.21179	0.0078125
  1.21188	0.015625
  1.21197	0.0390625
  1.21206	0.03125
  1.21215	0.03125
  1.21224	0.03125
  1.21234	0.03125
  1.21243	0.015625
  1.21252	0
  1.21261	0
  1.2127	-0.0234375
  1.21279	-0.0234375
  1.21288	-0.0234375
  1.21297	-0.015625
  1.21306	-0.0078125
  1.21315	0.0078125
  1.21324	0.0078125
  1.21333	0.0078125
  1.21342	0
  1.21351	-0.0078125
  1.21361	0
  1.2137	-0.0078125
  1.21379	-0.0078125
  1.21388	-0.0234375
  1.21397	-0.015625
  1.21406	-0.0078125
  1.21415	-0.0234375
  1.21424	-0.015625
  1.21433	-0.015625
  1.21442	-0.015625
  1.21451	-0.015625
  1.2146	-0.0234375
  1.21469	-0.0234375
  1.21478	-0.0390625
  1.21488	-0.046875
  1.21497	-0.046875
  1.21506	-0.0546875
  1.21515	-0.0625
  1.21524	-0.0546875
  1.21533	-0.0546875
  1.21542	-0.046875
  1.21551	-0.03125
  1.2156	-0.0234375
  1.21569	-0.0234375
  1.21578	-0.03125
  1.21587	-0.0390625
  1.21596	-0.046875
  1.21605	-0.03125
  1.21615	-0.046875
  1.21624	-0.03125
  1.21633	-0.015625
  1.21642	0.0078125
  1.21651	0
  1.2166	-0.015625
  1.21669	-0.0078125
  1.21678	-0.0078125
  1.21687	-0.0078125
  1.21696	-0.015625
  1.21705	-0.0078125
  1.21714	0.015625
  1.21723	0.0234375
  1.21732	0.015625
  1.21741	0.015625
  1.21751	0.0234375
  1.2176	0.03125
  1.21769	0.015625
  1.21778	0.015625
  1.21787	0.015625
  1.21796	0.015625
  1.21805	0.0234375
  1.21814	0.03125
  1.21823	0.0390625
  1.21832	0.046875
  1.21841	0.046875
  1.2185	0.046875
  1.21859	0.046875
  1.21868	0.0546875
  1.21878	0.0546875
  1.21887	0.046875
  1.21896	0.03125
  1.21905	0.0234375
  1.21914	0.0234375
  1.21923	0.0234375
  1.21932	0.03125
  1.21941	0.046875
  1.2195	0.03125
  1.21959	0.0390625
  1.21968	0.0546875
  1.21977	0.046875
  1.21986	0.0390625
  1.21995	0.03125
  1.22005	0.03125
  1.22014	0.0390625
  1.22023	0.0390625
  1.22032	0.0390625
  1.22041	0.03125
  1.2205	0.03125
  1.22059	0.03125
  1.22068	0.0390625
  1.22077	0.046875
  1.22086	0.046875
  1.22095	0.046875
  1.22104	0.0390625
  1.22113	0.03125
  1.22122	0.0234375
  1.22132	0.0234375
  1.22141	0.015625
  1.2215	0.015625
  1.22159	0.03125
  1.22168	0.03125
  1.22177	0.0390625
  1.22186	0.03125
  1.22195	0.03125
  1.22204	0.0390625
  1.22213	0.03125
  1.22222	0.015625
  1.22231	0
  1.2224	0
  1.22249	0.015625
  1.22259	0.015625
  1.22268	0.015625
  1.22277	0.0234375
  1.22286	0.0390625
  1.22295	0.0390625
  1.22304	0.0234375
  1.22313	0.03125
  1.22322	0.0390625
  1.22331	0.0390625
  1.2234	0.046875
  1.22349	0.0390625
  1.22358	0.03125
  1.22367	0.0234375
  1.22376	0.03125
  1.22385	0.0546875
  1.22395	0.0625
  1.22404	0.0703125
  1.22413	0.078125
  1.22422	0.078125
  1.22431	0.0703125
  1.2244	0.0546875
  1.22449	0.046875
  1.22458	0.0390625
  1.22467	0.015625
  1.22476	0.0078125
  1.22485	0.0078125
  1.22494	0
  1.22503	0.0078125
  1.22512	0.015625
  1.22522	0.0234375
  1.22531	0.015625
  1.2254	0.0234375
  1.22549	0.03125
  1.22558	0.03125
  1.22567	0.015625
  1.22576	0.015625
  1.22585	0.015625
  1.22594	0.0078125
  1.22603	0.0078125
  1.22612	0.015625
  1.22621	0.015625
  1.2263	0.03125
  1.22639	0.046875
  1.22649	0.0390625
  1.22658	0.03125
  1.22667	0.0234375
  1.22676	0.0234375
  1.22685	0.0234375
  1.22694	0.0078125
  1.22703	0
  1.22712	-0.0078125
  1.22721	-0.015625
  1.2273	-0.0234375
  1.22739	-0.03125
  1.22748	-0.03125
  1.22757	-0.03125
  1.22766	-0.0234375
  1.22776	-0.0234375
  1.22785	-0.0234375
  1.22794	-0.03125
  1.22803	-0.03125
  1.22812	-0.03125
  1.22821	-0.0234375
  1.2283	-0.03125
  1.22839	-0.015625
  1.22848	0
  1.22857	-0.0078125
  1.22866	-0.0234375
  1.22875	-0.03125
  1.22884	-0.0390625
  1.22893	-0.03125
  1.22902	-0.015625
  1.22912	-0.03125
  1.22921	-0.0390625
  1.2293	-0.0234375
  1.22939	-0.0234375
  1.22948	-0.0234375
  1.22957	-0.015625
  1.22966	-0.0234375
  1.22975	-0.015625
  1.22984	-0.015625
  1.22993	-0.015625
  1.23002	-0.015625
  1.23011	-0.015625
  1.2302	0.0078125
  1.23029	0.015625
  1.23039	0.015625
  1.23048	0.0234375
  1.23057	0.0234375
  1.23066	0.0234375
  1.23075	0.0234375
  1.23084	0.0234375
  1.23093	0.0234375
  1.23102	0.015625
  1.23111	0
  1.2312	0
  1.23129	0.0078125
  1.23138	0.0078125
  1.23147	0.015625
  1.23156	0.015625
  1.23166	0.0234375
  1.23175	0.03125
  1.23184	0.03125
  1.23193	0.03125
  1.23202	0.046875
  1.23211	0.0390625
  1.2322	0.03125
  1.23229	0.0234375
  1.23238	0.03125
  1.23247	0.046875
  1.23256	0.046875
  1.23265	0.0546875
  1.23274	0.0625
  1.23283	0.0625
  1.23293	0.0703125
  1.23302	0.0625
  1.23311	0.0625
  1.2332	0.0703125
  1.23329	0.0703125
  1.23338	0.0625
  1.23347	0.0546875
  1.23356	0.0546875
  1.23365	0.0390625
  1.23374	0.03125
  1.23383	0.015625
  1.23392	0.03125
  1.23401	0.0234375
  1.2341	0.03125
  1.23419	0.046875
  1.23429	0.046875
  1.23438	0.0390625
  1.23447	0.0234375
  1.23456	0.015625
  1.23465	0.015625
  1.23474	0.015625
  1.23483	0.0234375
  1.23492	0.03125
  1.23501	0.03125
  1.2351	0.03125
  1.23519	0.0390625
  1.23528	0.0234375
  1.23537	0.0390625
  1.23546	0.0390625
  1.23556	0.03125
  1.23565	0.03125
  1.23574	0.0390625
  1.23583	0.03125
  1.23592	0.015625
  1.23601	0.0234375
  1.2361	0.0390625
  1.23619	0.0390625
  1.23628	0.0390625
  1.23637	0.046875
  1.23646	0.0234375
  1.23655	0.0234375
  1.23664	0.0390625
  1.23673	0.03125
  1.23683	0.03125
  1.23692	0.03125
  1.23701	0.0390625
  1.2371	0.0234375
  1.23719	0.0234375
  1.23728	0.0234375
  1.23737	0.015625
  1.23746	0.0078125
  1.23755	0.0078125
  1.23764	0.0078125
  1.23773	0.0078125
  1.23782	0
  1.23791	0
  1.238	0
  1.2381	0.0078125
  1.23819	0.015625
  1.23828	0.0234375
  1.23837	0.0234375
  1.23846	0.0234375
  1.23855	0.0234375
  1.23864	0
  1.23873	-0.0078125
  1.23882	0
  1.23891	0
  1.239	0
  1.23909	0.0078125
  1.23918	0.015625
  1.23927	0.0078125
  1.23937	0
  1.23946	-0.0078125
  1.23955	-0.0234375
  1.23964	-0.046875
  1.23973	-0.03125
  1.23982	-0.0234375
  1.23991	-0.0234375
  1.24	-0.0078125
  1.24009	-0.015625
  1.24018	-0.015625
  1.24027	-0.0234375
  1.24036	-0.015625
  1.24045	0.0078125
  1.24054	0.015625
  1.24063	0
  1.24073	-0.03125
  1.24082	-0.0703125
  1.24091	-0.0703125
  1.241	-0.046875
  1.24109	-0.03125
  1.24118	-0.0234375
  1.24127	-0.0234375
  1.24136	-0.015625
  1.24145	-0.0078125
  1.24154	0
  1.24163	0
  1.24172	-0.0078125
  1.24181	0.015625
  1.2419	0.0234375
  1.242	0.0234375
  1.24209	0.0234375
  1.24218	0.046875
  1.24227	0.046875
  1.24236	0.0546875
  1.24245	0.0546875
  1.24254	0.046875
  1.24263	0.0390625
  1.24272	0.046875
  1.24281	0.0546875
  1.2429	0.0625
  1.24299	0.0703125
  1.24308	0.0546875
  1.24317	0.046875
  1.24327	0.046875
  1.24336	0.0546875
  1.24345	0.0546875
  1.24354	0.0546875
  1.24363	0.0625
  1.24372	0.0703125
  1.24381	0.0625
  1.2439	0.0546875
  1.24399	0.046875
  1.24408	0.0390625
  1.24417	0.046875
  1.24426	0.0625
  1.24435	0.0625
  1.24444	0.0390625
  1.24454	0.0234375
  1.24463	0.015625
  1.24472	0.0234375
  1.24481	0.0390625
  1.2449	0.0390625
  1.24499	0.0546875
  1.24508	0.046875
  1.24517	0.0390625
  1.24526	0.046875
  1.24535	0.046875
  1.24544	0.0390625
  1.24553	0.0390625
  1.24562	0.046875
  1.24571	0.046875
  1.24581	0.0546875
  1.2459	0.046875
  1.24599	0.046875
  1.24608	0.03125
  1.24617	0.03125
  1.24626	0.0234375
  1.24635	0.015625
  1.24644	0.0078125
  1.24653	0.03125
  1.24662	0.0390625
  1.24671	0.03125
  1.2468	0.03125
  1.24689	0.03125
  1.24698	0.015625
  1.24707	0.015625
  1.24717	0.015625
  1.24726	0.0078125
  1.24735	-0.0078125
  1.24744	-0.015625
  1.24753	-0.0078125
  1.24762	-0.0078125
  1.24771	0
  1.2478	0.0078125
  1.24789	0.0078125
  1.24798	0.0078125
  1.24807	0
  1.24816	0
  1.24825	0
  1.24834	-0.0078125
  1.24844	-0.0078125
  1.24853	0
  1.24862	-0.015625
  1.24871	-0.0234375
  1.2488	-0.0078125
  1.24889	-0.0234375
  1.24898	-0.03125
  1.24907	-0.0390625
  1.24916	-0.0390625
  1.24925	-0.03125
  1.24934	-0.03125
  1.24943	-0.03125
  1.24952	-0.015625
  1.24961	-0.015625
  1.24971	-0.0078125
  1.2498	-0.0234375
  1.24989	-0.0234375
  1.24998	-0.03125
  1.25007	-0.0390625
  1.25016	-0.0390625
  1.25025	-0.03125
  1.25034	-0.0078125
  1.25043	0.0078125
  1.25052	0
  1.25061	0.015625
  1.2507	0.0078125
  1.25079	0.0078125
  1.25088	0
  1.25098	0.0078125
  1.25107	0.0078125
  1.25116	-0.015625
  1.25125	-0.015625
  1.25134	-0.015625
  1.25143	-0.03125
  1.25152	-0.03125
  1.25161	-0.0078125
  1.2517	0
  1.25179	0.0078125
  1.25188	0.0078125
  1.25197	0.0234375
  1.25206	0.03125
  1.25215	0.03125
  1.25224	0.046875
  1.25234	0.0546875
  1.25243	0.03125
  1.25252	0
  1.25261	-0.015625
  1.2527	-0.015625
  1.25279	-0.0078125
  1.25288	0
  1.25297	0.015625
  1.25306	0.03125
  1.25315	0.0234375
  1.25324	0.0234375
  1.25333	0.0390625
  1.25342	0.0390625
  1.25351	0.0234375
  1.25361	0.0234375
  1.2537	0.046875
  1.25379	0.0703125
  1.25388	0.078125
  1.25397	0.0859375
  1.25406	0.0703125
  1.25415	0.046875
  1.25424	0.046875
  1.25433	0.0390625
  1.25442	0.046875
  1.25451	0.046875
  1.2546	0.046875
  1.25469	0.0546875
  1.25478	0.0546875
  1.25488	0.046875
  1.25497	0.046875
  1.25506	0.046875
  1.25515	0.0546875
  1.25524	0.0390625
  1.25533	0.03125
  1.25542	0.0390625
  1.25551	0.0234375
  1.2556	0.0234375
  1.25569	0.03125
  1.25578	0.0390625
  1.25587	0.046875
  1.25596	0.0390625
  1.25605	0.0390625
  1.25615	0.0390625
  1.25624	0.03125
  1.25633	0.0234375
  1.25642	0.0234375
  1.25651	0.0234375
  1.2566	0.03125
  1.25669	0.0390625
  1.25678	0.0546875
  1.25687	0.0390625
  1.25696	0.015625
  1.25705	0.0234375
  1.25714	0.0234375
  1.25723	0.0078125
  1.25732	0.015625
  1.25741	0.03125
  1.25751	0.0390625
  1.2576	0.046875
  1.25769	0.0390625
  1.25778	0.03125
  1.25787	0.0390625
  1.25796	0.03125
  1.25805	0.03125
  1.25814	0.0390625
  1.25823	0.0234375
  1.25832	0.0234375
  1.25841	0.0234375
  1.2585	0.0234375
  1.25859	0.0234375
  1.25868	0
  1.25878	0
  1.25887	0.0078125
  1.25896	0
  1.25905	0
  1.25914	-0.015625
  1.25923	-0.015625
  1.25932	-0.0078125
  1.25941	0
  1.2595	0
  1.25959	0.015625
  1.25968	0.0234375
  1.25977	0.0234375
  1.25986	0.03125
  1.25995	0.0390625
  1.26005	0.03125
  1.26014	0.0078125
  1.26023	0
  1.26032	-0.015625
  1.26041	-0.015625
  1.2605	0
  1.26059	0.0234375
  1.26068	0.0390625
  1.26077	0.046875
  1.26086	0.0234375
  1.26095	-0.0078125
  1.26104	-0.046875
  1.26113	-0.0703125
  1.26122	-0.078125
  1.26132	-0.0546875
  1.26141	-0.0234375
  1.2615	-0.0078125
  1.26159	0
  1.26168	-0.0078125
  1.26177	-0.0078125
  1.26186	-0.0234375
  1.26195	-0.0390625
  1.26204	-0.0390625
  1.26213	-0.03125
  1.26222	-0.03125
  1.26231	-0.0234375
  1.2624	-0.015625
  1.26249	-0.015625
  1.26259	-0.015625
  1.26268	-0.015625
  1.26277	-0.0234375
  1.26286	-0.046875
  1.26295	-0.046875
  1.26304	-0.03125
  1.26313	-0.0234375
  1.26322	-0.0234375
  1.26331	0.0078125
  1.2634	0.015625
  1.26349	0
  1.26358	0
  1.26367	0.0078125
  1.26376	0.015625
  1.26385	0.0234375
  1.26395	0.03125
  1.26404	0.046875
  1.26413	0.0390625
  1.26422	0.03125
  1.26431	0.046875
  1.2644	0.0390625
  1.26449	0.046875
  1.26458	0.046875
  1.26467	0.0234375
  1.26476	0.015625
  1.26485	0.015625
  1.26494	0.0390625
  1.26503	0.046875
  1.26512	0.046875
  1.26522	0.0390625
  1.26531	0.03125
  1.2654	0.0234375
  1.26549	0.03125
  1.26558	0.046875
  1.26567	0.0546875
  1.26576	0.0546875
  1.26585	0.0546875
  1.26594	0.0234375
  1.26603	0.0234375
  1.26612	0.03125
  1.26621	0.0390625
  1.2663	0.0390625
  1.26639	0.03125
  1.26649	0.0390625
  1.26658	0.0234375
  1.26667	0.03125
  1.26676	0.0390625
  1.26685	0.046875
  1.26694	0.0546875
  1.26703	0.046875
  1.26712	0.03125
  1.26721	0.0234375
  1.2673	0.0234375
  1.26739	0.0234375
  1.26748	0.03125
  1.26757	0.0234375
  1.26766	0.03125
  1.26776	0.046875
  1.26785	0.046875
  1.26794	0.0625
  1.26803	0.0703125
  1.26812	0.0546875
  1.26821	0.046875
  1.2683	0.046875
  1.26839	0.0390625
  1.26848	0.03125
  1.26857	0.0234375
  1.26866	0.03125
  1.26875	0.03125
  1.26884	0.0234375
  1.26893	0.0390625
  1.26902	0.046875
  1.26912	0.0546875
  1.26921	0.046875
  1.2693	0.03125
  1.26939	0.03125
  1.26948	0.03125
  1.26957	0.0390625
  1.26966	0.03125
  1.26975	0.0390625
  1.26984	0.046875
  1.26993	0.0625
  1.27002	0.0625
  1.27011	0.046875
  1.2702	0.0390625
  1.27029	0.0390625
  1.27039	0.0390625
  1.27048	0.046875
  1.27057	0.03125
  1.27066	0.03125
  1.27075	0.0234375
  1.27084	0.0234375
  1.27093	0.015625
  1.27102	0.0078125
  1.27111	-0.0078125
  1.2712	-0.0234375
  1.27129	-0.0234375
  1.27138	-0.015625
  1.27147	-0.0078125
  1.27156	-0.0078125
  1.27166	-0.015625
  1.27175	-0.0234375
  1.27184	-0.03125
  1.27193	-0.0390625
  1.27202	-0.046875
  1.27211	-0.0546875
  1.2722	-0.046875
  1.27229	-0.046875
  1.27238	-0.046875
  1.27247	-0.046875
  1.27256	-0.0390625
  1.27265	-0.03125
  1.27274	-0.03125
  1.27283	-0.0234375
  1.27293	-0.03125
  1.27302	-0.046875
  1.27311	-0.0546875
  1.2732	-0.0546875
  1.27329	-0.0546875
  1.27338	-0.046875
  1.27347	-0.03125
  1.27356	0
  1.27365	0.0078125
  1.27374	0
  1.27383	-0.0234375
  1.27392	-0.03125
  1.27401	-0.0390625
  1.2741	-0.046875
  1.27419	-0.046875
  1.27429	-0.0390625
  1.27438	-0.0390625
  1.27447	-0.0234375
  1.27456	-0.0078125
  1.27465	-0.0078125
  1.27474	0.0078125
  1.27483	0.0078125
  1.27492	0
  1.27501	-0.0078125
  1.2751	-0.0078125
  1.27519	-0.0234375
  1.27528	-0.0234375
  1.27537	-0.0234375
  1.27546	-0.0234375
  1.27556	0.0078125
  1.27565	0.0234375
  1.27574	0.03125
  1.27583	0.03125
  1.27592	0.0390625
  1.27601	0.0390625
  1.2761	0.0234375
  1.27619	0.0234375
  1.27628	0.046875
  1.27637	0.046875
  1.27646	0.0390625
  1.27655	0.046875
  1.27664	0.046875
  1.27673	0.0390625
  1.27683	0.03125
  1.27692	0.0390625
  1.27701	0.046875
  1.2771	0.0390625
  1.27719	0.046875
  1.27728	0.046875
  1.27737	0.0546875
  1.27746	0.0625
  1.27755	0.0625
  1.27764	0.0703125
  1.27773	0.0625
  1.27782	0.0546875
  1.27791	0.0546875
  1.278	0.0625
  1.2781	0.0625
  1.27819	0.0546875
  1.27828	0.0546875
  1.27837	0.0546875
  1.27846	0.0390625
  1.27855	0.0390625
  1.27864	0.03125
  1.27873	0.046875
  1.27882	0.0546875
  1.27891	0.0546875
  1.279	0.0703125
  1.27909	0.078125
  1.27918	0.0859375
  1.27927	0.078125
  1.27937	0.0703125
  1.27946	0.0625
  1.27955	0.046875
  1.27964	0.0546875
  1.27973	0.046875
  1.27982	0.0390625
  1.27991	0.046875
  1.28	0.046875
  1.28009	0.03125
  1.28018	0.0234375
  1.28027	0.015625
  1.28036	0.015625
  1.28045	0.015625
  1.28054	0.0234375
  1.28063	0.0546875
  1.28073	0.0625
  1.28082	0.0625
  1.28091	0.0546875
  1.281	0.046875
  1.28109	0.0390625
  1.28118	0.0390625
  1.28127	0.0234375
  1.28136	0.0078125
  1.28145	0
  1.28154	-0.0078125
  1.28163	0
  1.28172	0.0234375
  1.28181	0.0234375
  1.2819	0.0234375
  1.282	0.0078125
  1.28209	-0.0078125
  1.28218	0
  1.28227	-0.0078125
  1.28236	-0.015625
  1.28245	-0.0234375
  1.28254	-0.0234375
  1.28263	-0.015625
  1.28272	0
  1.28281	0.0234375
  1.2829	0.03125
  1.28299	0.03125
  1.28308	0.03125
  1.28317	0.015625
  1.28327	0
  1.28336	-0.0078125
  1.28345	-0.015625
  1.28354	-0.0234375
  1.28363	-0.0078125
  1.28372	0.015625
  1.28381	0.0078125
  1.2839	-0.015625
  1.28399	-0.015625
  1.28408	-0.0234375
  1.28417	-0.0234375
  1.28426	-0.015625
  1.28435	-0.0234375
  1.28444	-0.03125
  1.28454	-0.0078125
  1.28463	0.0078125
  1.28472	0.0234375
  1.28481	0.0234375
  1.2849	0.015625
  1.28499	0
  1.28508	0
  1.28517	0.015625
  1.28526	0.015625
  1.28535	0.015625
  1.28544	0.015625
  1.28553	0.015625
  1.28562	0.0234375
  1.28571	0.015625
  1.28581	0.0078125
  1.2859	0.0078125
  1.28599	0.0078125
  1.28608	0.015625
  1.28617	0.0234375
  1.28626	0.0234375
  1.28635	0.015625
  1.28644	0.0078125
  1.28653	0
  1.28662	-0.0078125
  1.28671	-0.0234375
  1.2868	-0.0234375
  1.28689	-0.03125
  1.28698	-0.0234375
  1.28707	0
  1.28717	-0.0078125
  1.28726	-0.015625
  1.28735	-0.0234375
  1.28744	-0.0078125
  1.28753	0.0078125
  1.28762	0.0234375
  1.28771	0.0234375
  1.2878	0.0234375
  1.28789	0.03125
  1.28798	0.0234375
  1.28807	0.0078125
  1.28816	0.0078125
  1.28825	0
  1.28834	-0.0078125
  1.28844	0
  1.28853	0.015625
  1.28862	0.015625
  1.28871	0.0078125
  1.2888	0.0078125
  1.28889	0.015625
  1.28898	0
  1.28907	-0.0078125
  1.28916	0
  1.28925	0.0078125
  1.28934	0.015625
  1.28943	0.0234375
  1.28952	0.015625
  1.28961	0.0234375
  1.28971	0.015625
  1.2898	0.0234375
  1.28989	0.0234375
  1.28998	0.0234375
  1.29007	0.03125
  1.29016	0.03125
  1.29025	0.046875
  1.29034	0.0390625
  1.29043	0.03125
  1.29052	0.03125
  1.29061	0.03125
  1.2907	0.0390625
  1.29079	0.046875
  1.29088	0.0390625
  1.29098	0.046875
  1.29107	0.046875
  1.29116	0.046875
  1.29125	0.0390625
  1.29134	0.03125
  1.29143	0.03125
  1.29152	0.0234375
  1.29161	0.0234375
  1.2917	0.0234375
  1.29179	0.0234375
  1.29188	0.046875
  1.29197	0.0546875
  1.29206	0.046875
  1.29215	0.03125
  1.29224	0.0078125
  1.29234	0
  1.29243	-0.015625
  1.29252	-0.015625
  1.29261	0
  1.2927	0.0078125
  1.29279	0.0234375
  1.29288	0.03125
  1.29297	0.0625
  1.29306	0.0703125
  1.29315	0.0546875
  1.29324	0.0703125
  1.29333	0.0703125
  1.29342	0.0546875
  1.29351	0.03125
  1.29361	0.0390625
  1.2937	0.03125
  1.29379	0.0078125
  1.29388	0
  1.29397	0
  1.29406	0.0078125
  1.29415	0.0234375
  1.29424	0.03125
  1.29433	0.03125
  1.29442	0.0234375
  1.29451	0.0390625
  1.2946	0.0546875
  1.29469	0.0390625
  1.29478	0.046875
  1.29488	0.0546875
  1.29497	0.0625
  1.29506	0.0625
  1.29515	0.046875
  1.29524	0.046875
  1.29533	0.0390625
  1.29542	0.03125
  1.29551	0.03125
  1.2956	0.0234375
  1.29569	0.03125
  1.29578	0.0390625
  1.29587	0.0390625
  1.29596	0.0390625
  1.29605	0.0234375
  1.29615	0.0234375
  1.29624	0.015625
  1.29633	0.015625
  1.29642	0.0078125
  1.29651	0.015625
  1.2966	0.0234375
  1.29669	0.0078125
  1.29678	0.0078125
  1.29687	0.0078125
  1.29696	-0.0078125
  1.29705	-0.015625
  1.29714	-0.0078125
  1.29723	-0.0078125
  1.29732	-0.015625
  1.29741	0
  1.29751	-0.0078125
  1.2976	-0.015625
  1.29769	-0.03125
  1.29778	-0.0390625
  1.29787	-0.0625
  1.29796	-0.0625
  1.29805	-0.0546875
  1.29814	-0.0625
  1.29823	-0.046875
  1.29832	-0.0234375
  1.29841	-0.015625
  1.2985	-0.015625
  1.29859	-0.015625
  1.29868	-0.015625
  1.29878	0
  1.29887	0
  1.29896	0
  1.29905	0
  1.29914	-0.0078125
  1.29923	-0.0078125
  1.29932	0.0078125
  1.29941	0.0234375
  1.2995	0.015625
  1.29959	0.0234375
  1.29968	0.0390625
  1.29977	0.03125
  1.29986	0.015625
  1.29995	0.03125
  1.30005	0.0390625
  1.30014	0.015625
  1.30023	0.0078125
  1.30032	0.015625
  1.30041	0.0234375
  1.3005	0.0234375
  1.30059	0.0234375
  1.30068	0.03125
  1.30077	0.03125
  1.30086	0.0234375
  1.30095	0.0234375
  1.30104	0.0234375
  1.30113	0.03125
  1.30122	0.03125
  1.30132	0.03125
  1.30141	0.03125
  1.3015	0
  1.30159	0
  1.30168	0
  1.30177	-0.015625
  1.30186	-0.015625
  1.30195	-0.015625
  1.30204	-0.015625
  1.30213	-0.0234375
  1.30222	-0.0078125
  1.30231	-0.015625
  1.3024	-0.0078125
  1.30249	0.0078125
  1.30259	0.0078125
  1.30268	0.0078125
  1.30277	0
  1.30286	0.0078125
  1.30295	0
  1.30304	0.0078125
  1.30313	0.015625
  1.30322	0.015625
  1.30331	0.03125
  1.3034	0.0390625
  1.30349	0.03125
  1.30358	0.0234375
  1.30367	0.0078125
  1.30376	-0.0078125
  1.30385	-0.0234375
  1.30395	0
  1.30404	0.015625
  1.30413	0.015625
  1.30422	0.0078125
  1.30431	0.015625
  1.3044	0.03125
  1.30449	0.046875
  1.30458	0.046875
  1.30467	0.046875
  1.30476	0.0546875
  1.30485	0.0390625
  1.30494	0.03125
  1.30503	0.015625
  1.30512	0.0078125
  1.30522	0.0078125
  1.30531	0.0078125
  1.3054	0.0234375
  1.30549	0.015625
  1.30558	0.0390625
  1.30567	0.0546875
  1.30576	0.0625
  1.30585	0.078125
  1.30594	0.0859375
  1.30603	0.0859375
  1.30612	0.0859375
  1.30621	0.0703125
  1.3063	0.046875
  1.30639	0.0234375
  1.30649	0.0078125
  1.30658	0.0078125
  1.30667	0.0234375
  1.30676	0.03125
  1.30685	0.0390625
  1.30694	0.03125
  1.30703	0.0234375
  1.30712	0.0234375
  1.30721	0.03125
  1.3073	0.0390625
  1.30739	0.03125
  1.30748	0.046875
  1.30757	0.03125
  1.30766	0.0078125
  1.30776	0
  1.30785	0.015625
  1.30794	0.0390625
  1.30803	0.03125
  1.30812	0.03125
  1.30821	0.03125
  1.3083	0.015625
  1.30839	0.015625
  1.30848	0.0078125
  1.30857	0.015625
  1.30866	0.0234375
  1.30875	0.0234375
  1.30884	0.0234375
  1.30893	0.0390625
  1.30902	0.0546875
  1.30912	0.0546875
  1.30921	0.0625
  1.3093	0.0546875
  1.30939	0.03125
  1.30948	0.03125
  1.30957	0.046875
  1.30966	0.0390625
  1.30975	0.03125
  1.30984	0.0234375
  1.30993	0.03125
  1.31002	0.03125
  1.31011	0.0234375
  1.3102	0.015625
  1.31029	0.0234375
  1.31039	0.015625
  1.31048	0.0078125
  1.31057	0.015625
  1.31066	0.0234375
  1.31075	0.0234375
  1.31084	0.0234375
  1.31093	0.03125
  1.31102	0.0234375
  1.31111	0.0078125
  1.3112	0
  1.31129	-0.0078125
  1.31138	-0.0234375
  1.31147	-0.0390625
  1.31156	-0.0546875
  1.31166	-0.0625
  1.31175	-0.0546875
  1.31184	-0.046875
  1.31193	-0.046875
  1.31202	-0.046875
  1.31211	-0.0390625
  1.3122	-0.03125
  1.31229	-0.0390625
  1.31238	-0.0390625
  1.31247	-0.046875
  1.31256	-0.03125
  1.31265	-0.0234375
  1.31274	-0.03125
  1.31283	-0.015625
  1.31293	0
  1.31302	0.0078125
  1.31311	0
  1.3132	0.0078125
  1.31329	0.03125
  1.31338	0.0234375
  1.31347	0.015625
  1.31356	0.0078125
  1.31365	-0.0078125
  1.31374	-0.03125
  1.31383	-0.015625
  1.31392	0.0078125
  1.31401	0.015625
  1.3141	0.03125
  1.3142	0.0390625
  1.31429	0.0234375
  1.31438	0.0234375
  1.31447	0.015625
  1.31456	0.046875
  1.31465	0.0625
  1.31474	0.0625
  1.31483	0.0625
  1.31492	0.0625
  1.31501	0.0546875
  1.3151	0.046875
  1.31519	0.0234375
  1.31528	0.015625
  1.31537	0.015625
  1.31546	0
  1.31556	0
  1.31565	0.0078125
  1.31574	0.015625
  1.31583	0.03125
  1.31592	0.0390625
  1.31601	0.046875
  1.3161	0.0625
  1.31619	0.0546875
  1.31628	0.0546875
  1.31637	0.046875
  1.31646	0.046875
  1.31655	0.0546875
  1.31664	0.046875
  1.31673	0.046875
  1.31683	0.046875
  1.31692	0.03125
  1.31701	0.03125
  1.3171	0.0234375
  1.31719	0.0234375
  1.31728	0.0234375
  1.31737	0.015625
  1.31746	0.015625
  1.31755	0.0234375
  1.31764	0.0234375
  1.31773	0.0234375
  1.31782	0.046875
  1.31791	0.046875
  1.318	0.0390625
  1.3181	0.0234375
  1.31819	0.0078125
  1.31828	0.015625
  1.31837	0.0234375
  1.31846	0.0390625
  1.31855	0.046875
  1.31864	0.0703125
  1.31873	0.0546875
  1.31882	0.0390625
  1.31891	0.0234375
  1.319	0.03125
  1.31909	0.046875
  1.31918	0.0390625
  1.31927	0.046875
  1.31937	0.0546875
  1.31946	0.0546875
  1.31955	0.0625
  1.31964	0.0625
  1.31973	0.0546875
  1.31982	0.0234375
  1.31991	-0.0078125
  1.32	-0.0234375
  1.32009	-0.015625
  1.32018	0
  1.32027	0.015625
  1.32036	0.03125
  1.32045	0.0546875
  1.32054	0.0546875
  1.32063	0.0390625
  1.32073	0.0234375
  1.32082	0.0234375
  1.32091	-0.0078125
  1.321	-0.0390625
  1.32109	-0.0546875
  1.32118	-0.0390625
  1.32127	-0.03125
  1.32136	-0.015625
  1.32145	-0.015625
  1.32154	-0.015625
  1.32163	-0.0078125
  1.32172	-0.0078125
  1.32181	-0.0234375
  1.3219	-0.0234375
  1.322	-0.015625
  1.32209	-0.03125
  1.32218	-0.0546875
  1.32227	-0.046875
  1.32236	-0.0234375
  1.32245	-0.0390625
  1.32254	-0.03125
  1.32263	-0.015625
  1.32272	-0.0078125
  1.32281	0.0078125
  1.3229	0.015625
  1.32299	0.03125
  1.32308	0.03125
  1.32317	0.03125
  1.32327	0.03125
  1.32336	0.0234375
  1.32345	0.015625
  1.32354	0.0078125
  1.32363	0.0078125
  1.32372	0.0234375
  1.32381	0.0390625
  1.3239	0.046875
  1.32399	0.0390625
  1.32408	0.0234375
  1.32417	0.015625
  1.32426	0.0234375
  1.32435	0.015625
  1.32444	0.015625
  1.32454	0.0234375
  1.32463	0.03125
  1.32472	0.0234375
  1.32481	0.0078125
  1.3249	0.015625
  1.32499	0.0234375
  1.32508	0
  1.32517	-0.0078125
  1.32526	0
  1.32535	0
  1.32544	0
  1.32553	0.0078125
  1.32562	0.015625
  1.32571	0
  1.3258	0
  1.3259	0
  1.32599	0.015625
  1.32608	0.015625
  1.32617	0.0234375
  1.32626	0.03125
  1.32635	0.0234375
  1.32644	0.015625
  1.32653	0.015625
  1.32662	0
  1.32671	0.0078125
  1.3268	0.0078125
  1.32689	0.015625
  1.32698	0.03125
  1.32707	0.046875
  1.32717	0.0390625
  1.32726	0.0234375
  1.32735	0.0234375
  1.32744	0.0078125
  1.32753	0
  1.32762	0.015625
  1.32771	0.03125
  1.3278	0.0234375
  1.32789	0.03125
  1.32798	0.0234375
  1.32807	0.03125
  1.32816	0.03125
  1.32825	0.0234375
  1.32834	0.046875
  1.32844	0.0390625
  1.32853	0.046875
  1.32862	0.0546875
  1.32871	0.0625
  1.3288	0.0703125
  1.32889	0.0546875
  1.32898	0.0546875
  1.32907	0.03125
  1.32916	0.015625
  1.32925	0.015625
  1.32934	0.0078125
  1.32943	0
  1.32952	-0.0078125
  1.32961	-0.0078125
  1.32971	0
  1.3298	-0.0078125
  1.32989	0
  1.32998	-0.0078125
  1.33007	-0.0078125
  1.33016	0.0078125
  1.33025	0.015625
  1.33034	0
  1.33043	-0.0078125
  1.33052	-0.0078125
  1.33061	-0.0078125
  1.3307	-0.0078125
  1.33079	0
  1.33088	0.015625
  1.33098	0.015625
  1.33107	0.015625
  1.33116	0.0078125
  1.33125	-0.0078125
  1.33134	-0.03125
  1.33143	-0.0390625
  1.33152	-0.03125
  1.33161	-0.0390625
  1.3317	-0.03125
  1.33179	-0.0234375
  1.33188	-0.0078125
  1.33197	0.015625
  1.33206	0.015625
  1.33215	0.0078125
  1.33224	0
  1.33234	0
  1.33243	0
  1.33252	0
  1.33261	0.0234375
  1.3327	0.0390625
  1.33279	0.0546875
  1.33288	0.046875
  1.33297	0.0546875
  1.33306	0.0390625
  1.33315	0.03125
  1.33324	0.0390625
  1.33333	0.0390625
  1.33342	0.0390625
  1.33351	0.03125
  1.33361	0.0390625
  1.3337	0.0390625
  1.33379	0.046875
  1.33388	0.0390625
  1.33397	0.046875
  1.33406	0.03125
  1.33415	0.03125
  1.33424	0.0234375
  1.33433	0.03125
  1.33442	0.03125
  1.33451	0.0234375
  1.3346	0.0390625
  1.33469	0.046875
  1.33478	0.0546875
  1.33488	0.046875
  1.33497	0.046875
  1.33506	0.046875
  1.33515	0.0390625
  1.33524	0.03125
  1.33533	0.0234375
  1.33542	0.03125
  1.33551	0.03125
  1.3356	0.0234375
  1.33569	0.015625
  1.33578	0.015625
  1.33587	0.015625
  1.33596	0.0234375
  1.33605	0.0390625
  1.33615	0.0546875
  1.33624	0.0625
  1.33633	0.0234375
  1.33642	0
  1.33651	-0.0234375
  1.3366	-0.015625
  1.33669	-0.015625
  1.33678	-0.0234375
  1.33687	-0.015625
  1.33696	0
  1.33705	0
  1.33714	-0.0078125
  1.33723	-0.015625
  1.33732	-0.015625
  1.33742	-0.015625
  1.33751	0
  1.3376	0.0234375
  1.33769	0.03125
  1.33778	0.0234375
  1.33787	0.0234375
  1.33796	0.03125
  1.33805	0.0234375
  1.33814	0.015625
  1.33823	0.015625
  1.33832	0
  1.33841	-0.0078125
  1.3385	0
  1.33859	0.0078125
  1.33868	0.0078125
  1.33878	0.015625
  1.33887	0.015625
  1.33896	0
  1.33905	-0.015625
  1.33914	-0.0234375
  1.33923	-0.0234375
  1.33932	-0.0234375
  1.33941	-0.015625
  1.3395	-0.0078125
  1.33959	0
  1.33968	0
  1.33977	-0.0078125
  1.33986	-0.015625
  1.33995	-0.0078125
  1.34005	-0.0078125
  1.34014	-0.0234375
  1.34023	-0.03125
  1.34032	-0.03125
  1.34041	-0.0234375
  1.3405	-0.0234375
  1.34059	-0.0234375
  1.34068	-0.0234375
  1.34077	-0.0234375
  1.34086	-0.015625
  1.34095	-0.0078125
  1.34104	0
  1.34113	0.0078125
  1.34122	0.015625
  1.34132	0.0234375
  1.34141	0.015625
  1.3415	0.0078125
  1.34159	0.0234375
  1.34168	0.03125
  1.34177	0.03125
  1.34186	0.0234375
  1.34195	0.0078125
  1.34204	-0.0078125
  1.34213	0
  1.34222	0.0078125
  1.34231	0.015625
  1.3424	0.0234375
  1.34249	0.0234375
  1.34258	0.03125
  1.34268	0.0390625
  1.34277	0.0546875
  1.34286	0.0625
  1.34295	0.0625
  1.34304	0.0625
  1.34313	0.0546875
  1.34322	0.046875
  1.34331	0.0546875
  1.3434	0.046875
  1.34349	0.03125
  1.34358	0.03125
  1.34367	0.0390625
  1.34376	0.0390625
  1.34385	0.03125
  1.34395	0.0390625
  1.34404	0.046875
  1.34413	0.0390625
  1.34422	0.0390625
  1.34431	0.0546875
  1.3444	0.0703125
  1.34449	0.0703125
  1.34458	0.0703125
  1.34467	0.0546875
  1.34476	0.0390625
  1.34485	0.0390625
  1.34494	0.0234375
  1.34503	0.015625
  1.34512	0.0078125
  1.34522	0
  1.34531	-0.0078125
  1.3454	-0.0078125
  1.34549	0
  1.34558	0.015625
  1.34567	0.0234375
  1.34576	0.015625
  1.34585	0.03125
  1.34594	0.03125
  1.34603	0.0234375
  1.34612	0.03125
  1.34621	0.03125
  1.3463	0.0234375
  1.34639	0.0078125
  1.34649	0.0234375
  1.34658	0.03125
  1.34667	0.03125
  1.34676	0.0390625
  1.34685	0.03125
  1.34694	0.0078125
  1.34703	-0.015625
  1.34712	-0.0078125
  1.34721	0.0078125
  1.3473	0.0078125
  1.34739	0
  1.34748	-0.0078125
  1.34757	-0.015625
  1.34766	-0.03125
  1.34776	-0.0234375
  1.34785	-0.0078125
  1.34794	0
  1.34803	0.0234375
  1.34812	0.03125
  1.34821	0.046875
  1.3483	0.0390625
  1.34839	0.015625
  1.34848	0.015625
  1.34857	0.0078125
  1.34866	0
  1.34875	-0.015625
  1.34884	-0.015625
  1.34893	-0.0078125
  1.34902	-0.0078125
  1.34912	-0.0078125
  1.34921	0
  1.3493	0.0078125
  1.34939	0
  1.34948	-0.0078125
  1.34957	-0.03125
  1.34966	-0.0390625
  1.34975	-0.0390625
  1.34984	-0.0234375
  1.34993	-0.015625
  1.35002	-0.0078125
  1.35011	0.015625
  1.3502	0.0234375
  1.35029	0.03125
  1.35039	0.03125
  1.35048	0.03125
  1.35057	0.0234375
  1.35066	0
  1.35075	-0.0078125
  1.35084	-0.015625
  1.35093	-0.015625
  1.35102	-0.0234375
  1.35111	-0.015625
  1.3512	0
  1.35129	0.015625
  1.35138	0.015625
  1.35147	0.0234375
  1.35156	0.03125
  1.35166	0.03125
  1.35175	0.0390625
  1.35184	0.0390625
  1.35193	0.03125
  1.35202	0.0234375
  1.35211	0.015625
  1.3522	0.0234375
  1.35229	0.0234375
  1.35238	0.0234375
  1.35247	0.0234375
  1.35256	0.03125
  1.35265	0.0390625
  1.35274	0.03125
  1.35283	0.03125
  1.35293	0.0390625
  1.35302	0.0234375
  1.35311	0.0234375
  1.3532	0.03125
  1.35329	0.0390625
  1.35338	0.03125
  1.35347	0.015625
  1.35356	0.015625
  1.35365	0.0078125
  1.35374	0
  1.35383	0
  1.35392	0.0078125
  1.35401	0.0078125
  1.3541	0.0078125
  1.3542	0
  1.35429	0.0078125
  1.35438	0.0078125
  1.35447	0.0234375
  1.35456	0.03125
  1.35465	0.0390625
  1.35474	0.0546875
  1.35483	0.046875
  1.35492	0.0390625
  1.35501	0.0234375
  1.3551	0.0078125
  1.35519	0.0078125
  1.35528	0.0078125
  1.35537	0.015625
  1.35546	0.0234375
  1.35556	0.0390625
  1.35565	0.0546875
  1.35574	0.0546875
  1.35583	0.0546875
  1.35592	0.0390625
  1.35601	0.046875
  1.3561	0.0546875
  1.35619	0.0390625
  1.35628	0.0390625
  1.35637	0.0390625
  1.35646	0.0390625
  1.35655	0.046875
  1.35664	0.046875
  1.35673	0.046875
  1.35683	0.03125
  1.35692	0.015625
  1.35701	0.015625
  1.3571	0.0078125
  1.35719	0.015625
  1.35728	0.015625
  1.35737	0.015625
  1.35746	0.0234375
  1.35755	0.0078125
  1.35764	0
  1.35773	0.0078125
  1.35782	0.015625
  1.35791	0.015625
  1.358	0.015625
  1.3581	0.015625
  1.35819	0.0078125
  1.35828	0
  1.35837	-0.015625
  1.35846	-0.015625
  1.35855	-0.0234375
  1.35864	-0.015625
  1.35873	-0.015625
  1.35882	-0.015625
  1.35891	-0.015625
  1.359	-0.0078125
  1.35909	-0.0078125
  1.35918	-0.0078125
  1.35927	-0.0078125
  1.35937	-0.0078125
  1.35946	0
  1.35955	0.0234375
  1.35964	0.03125
  1.35973	0.0234375
  1.35982	0.0078125
  1.35991	-0.0078125
  1.36	-0.0078125
  1.36009	-0.0078125
  1.36018	0
  1.36027	0
  1.36036	0
  1.36045	-0.0078125
  1.36054	-0.0078125
  1.36063	-0.0234375
  1.36073	-0.03125
  1.36082	-0.015625
  1.36091	-0.0078125
  1.361	0.0078125
  1.36109	0.0078125
  1.36118	0.0234375
  1.36127	0.03125
  1.36136	0.03125
  1.36145	0.03125
  1.36154	0.015625
  1.36163	-0.0234375
  1.36172	-0.03125
  1.36181	-0.03125
  1.3619	-0.0234375
  1.362	-0.0078125
  1.36209	0
  1.36218	0
  1.36227	0.015625
  1.36236	0.0234375
  1.36245	0.0234375
  1.36254	0.015625
  1.36263	0.015625
  1.36272	0.0234375
  1.36281	0.0390625
  1.3629	0.0390625
  1.36299	0.0234375
  1.36308	-0.0078125
  1.36317	-0.0078125
  1.36327	0
  1.36336	0
  1.36345	0
  1.36354	-0.0078125
  1.36363	0.0078125
  1.36372	0.015625
  1.36381	0.0234375
  1.3639	0.0390625
  1.36399	0.0546875
  1.36408	0.0546875
  1.36417	0.0390625
  1.36426	0.0234375
  1.36435	0.0078125
  1.36444	0
  1.36454	0
  1.36463	0
  1.36472	0.015625
  1.36481	0.015625
  1.3649	0.0234375
  1.36499	0.015625
  1.36508	0.015625
  1.36517	0.03125
  1.36526	0.0390625
  1.36535	0.0390625
  1.36544	0.046875
  1.36553	0.046875
  1.36562	0.0390625
  1.36571	0.0390625
  1.3658	0.03125
  1.3659	0.03125
  1.36599	0.03125
  1.36608	0.0390625
  1.36617	0.03125
  1.36626	0.015625
  1.36635	0.0078125
  1.36644	0.015625
  1.36653	0
  1.36662	0.015625
  1.36671	0.0078125
  1.3668	0
  1.36689	0.0234375
  1.36698	0.03125
  1.36707	0.03125
  1.36717	0.03125
  1.36726	0.03125
  1.36735	0.015625
  1.36744	0
  1.36753	-0.015625
  1.36762	-0.015625
  1.36771	-0.015625
  1.3678	0.0078125
  1.36789	0.0234375
  1.36798	0.0390625
  1.36807	0.0546875
  1.36816	0.0703125
  1.36825	0.0703125
  1.36834	0.0625
  1.36844	0.0546875
  1.36853	0.0625
  1.36862	0.0625
  1.36871	0.0625
  1.3688	0.0625
  1.36889	0.046875
  1.36898	0.03125
  1.36907	0.03125
  1.36916	0.0390625
  1.36925	0.0390625
  1.36934	0.0546875
  1.36943	0.0546875
  1.36952	0.046875
  1.36961	0.046875
  1.36971	0.046875
  1.3698	0.0390625
  1.36989	0.046875
  1.36998	0.0546875
  1.37007	0.0546875
  1.37016	0.0390625
  1.37025	0.0390625
  1.37034	0.0390625
  1.37043	0.0234375
  1.37052	0.0234375
  1.37061	0.0234375
  1.3707	0.0234375
  1.37079	0.0234375
  1.37088	0.0078125
  1.37098	-0.0234375
  1.37107	-0.03125
  1.37116	-0.015625
  1.37125	0.0078125
  1.37134	0
  1.37143	-0.0078125
  1.37152	-0.015625
  1.37161	-0.0078125
  1.3717	-0.0078125
  1.37179	-0.015625
  1.37188	-0.0234375
  1.37197	-0.0234375
  1.37206	-0.03125
  1.37215	-0.046875
  1.37224	-0.046875
  1.37234	-0.046875
  1.37243	-0.046875
  1.37252	-0.046875
  1.37261	-0.0625
  1.3727	-0.078125
  1.37279	-0.078125
  1.37288	-0.0703125
  1.37297	-0.0546875
  1.37306	-0.03125
  1.37315	-0.0234375
  1.37324	-0.0234375
  1.37333	-0.0078125
  1.37342	0.0078125
  1.37351	0
  1.37361	-0.0234375
  1.3737	-0.03125
  1.37379	-0.015625
  1.37388	-0.03125
  1.37397	-0.015625
  1.37406	0
  1.37415	0.015625
  1.37424	0.03125
  1.37433	0.03125
  1.37442	0.03125
  1.37451	0.03125
  1.3746	0.03125
  1.37469	0.03125
  1.37478	0.0390625
  1.37488	0.03125
  1.37497	0.0234375
  1.37506	0.015625
  1.37515	0.0234375
  1.37524	0.046875
  1.37533	0.0625
  1.37542	0.0546875
  1.37551	0.0546875
  1.3756	0.046875
  1.37569	0.0390625
  1.37578	0.046875
  1.37587	0.046875
  1.37596	0.0546875
  1.37605	0.0703125
  1.37615	0.0625
  1.37624	0.03125
  1.37633	0.0234375
  1.37642	0.0078125
  1.37651	0
  1.3766	0
  1.37669	0.0078125
  1.37678	0.015625
  1.37687	0.0234375
  1.37696	0.03125
  1.37705	0.03125
  1.37714	0.046875
  1.37723	0.046875
  1.37732	0.046875
  1.37742	0.0546875
  1.37751	0.046875
  1.3776	0.0390625
  1.37769	0.0234375
  1.37778	0.03125
  1.37787	0.03125
  1.37796	0.0234375
  1.37805	0.015625
  1.37814	0.015625
  1.37823	0.015625
  1.37832	0.0078125
  1.37841	0.0078125
  1.3785	0.03125
  1.37859	0.0546875
  1.37868	0.0625
  1.37878	0.0546875
  1.37887	0.03125
  1.37896	0.0234375
  1.37905	0.03125
  1.37914	0.03125
  1.37923	0.03125
  1.37932	0.03125
  1.37941	0.0390625
  1.3795	0.046875
  1.37959	0.046875
  1.37968	0.046875
  1.37977	0.03125
  1.37986	0.03125
  1.37995	0.0390625
  1.38005	0.0546875
  1.38014	0.046875
  1.38023	0.0390625
  1.38032	0.0390625
  1.38041	0.046875
  1.3805	0.046875
  1.38059	0.0390625
  1.38068	0.03125
  1.38077	0.03125
  1.38086	0.0390625
  1.38095	0.0390625
  1.38104	0.03125
  1.38113	0.03125
  1.38122	0.0390625
  1.38132	0.046875
  1.38141	0.0546875
  1.3815	0.0546875
  1.38159	0.0390625
  1.38168	0.015625
  1.38177	0.0078125
  1.38186	0.015625
  1.38195	0.0078125
  1.38204	0
  1.38213	0
  1.38222	-0.0078125
  1.38231	-0.0234375
  1.3824	-0.015625
  1.38249	-0.03125
  1.38258	-0.03125
  1.38268	-0.0234375
  1.38277	-0.015625
  1.38286	-0.015625
  1.38295	-0.015625
  1.38304	-0.015625
  1.38313	-0.015625
  1.38322	-0.03125
  1.38331	-0.03125
  1.3834	-0.0390625
  1.38349	-0.0390625
  1.38358	-0.046875
  1.38367	-0.0390625
  1.38376	-0.0078125
  1.38385	0
  1.38395	0.015625
  1.38404	0.03125
  1.38413	0.0234375
  1.38422	0.0078125
  1.38431	-0.0078125
  1.3844	-0.015625
  1.38449	-0.015625
  1.38458	0.0078125
  1.38467	0.0078125
  1.38476	0.0078125
  1.38485	-0.0078125
  1.38494	-0.015625
  1.38503	-0.015625
  1.38512	-0.0078125
  1.38522	0
  1.38531	0.015625
  1.3854	0.0234375
  1.38549	0.015625
  1.38558	0.0234375
  1.38567	0.0234375
  1.38576	0.0234375
  1.38585	0.0234375
  1.38594	0.0234375
  1.38603	0.03125
  1.38612	0.0234375
  1.38621	0.03125
  1.3863	0.0390625
  1.38639	0.0390625
  1.38649	0.0390625
  1.38658	0.03125
  1.38667	0.0234375
  1.38676	0.0234375
  1.38685	0.015625
  1.38694	0
  1.38703	0
  1.38712	0.015625
  1.38721	0.0234375
  1.3873	0.046875
  1.38739	0.0546875
  1.38748	0.0390625
  1.38757	0.0234375
  1.38766	0.0234375
  1.38776	0.03125
  1.38785	0.03125
  1.38794	0.0390625
  1.38803	0.046875
  1.38812	0.0390625
  1.38821	0.03125
  1.3883	0.03125
  1.38839	0.015625
  1.38848	0.0078125
  1.38857	0.015625
  1.38866	0.0234375
  1.38875	0.03125
  1.38884	0.03125
  1.38893	0.03125
  1.38902	0.0234375
  1.38912	0.0234375
  1.38921	0.0078125
  1.3893	0.0078125
  1.38939	0.0234375
  1.38948	0.0234375
  1.38957	0.0234375
  1.38966	0.03125
  1.38975	0.046875
  1.38984	0.046875
  1.38993	0.0546875
  1.39002	0.0546875
  1.39011	0.0390625
  1.3902	0.046875
  1.39029	0.0390625
  1.39039	0.0390625
  1.39048	0.046875
  1.39057	0.046875
  1.39066	0.0390625
  1.39075	0.0390625
  1.39084	0.0390625
  1.39093	0.0390625
  1.39102	0.0390625
  1.39111	0.0390625
  1.3912	0.046875
  1.39129	0.046875
  1.39138	0.03125
  1.39147	0
  1.39156	-0.0078125
  1.39166	0
  1.39175	0.015625
  1.39184	0.0390625
  1.39193	0.0390625
  1.39202	0.0390625
  1.39211	0.0234375
  1.3922	0
  1.39229	0
  1.39238	0.0234375
  1.39247	0.0234375
  1.39256	0.015625
  1.39265	0.0078125
  1.39274	0.0234375
  1.39283	0
  1.39293	-0.015625
  1.39302	0
  1.39311	0.0078125
  1.3932	0
  1.39329	0.015625
  1.39338	0.0234375
  1.39347	0
  1.39356	-0.0078125
  1.39365	0.015625
  1.39374	0.015625
  1.39383	0.015625
  1.39392	0.0078125
  1.39401	-0.015625
  1.3941	-0.03125
  1.3942	-0.015625
  1.39429	0
  1.39438	0.0234375
  1.39447	0.0546875
  1.39456	0.0546875
  1.39465	0.046875
  1.39474	0.0234375
  1.39483	0.0078125
  1.39492	0.0078125
  1.39501	0.03125
  1.3951	0.0546875
  1.39519	0.0390625
  1.39528	0.015625
  1.39537	0.0078125
  1.39546	-0.0234375
  1.39556	-0.0390625
  1.39565	-0.0390625
  1.39574	-0.015625
  1.39583	0
  1.39592	0.0078125
  1.39601	0
  1.3961	-0.015625
  1.39619	-0.0234375
  1.39628	-0.0390625
  1.39637	-0.0390625
  1.39646	-0.0078125
  1.39655	-0.0078125
  1.39664	-0.0078125
  1.39673	-0.0234375
  1.39683	-0.046875
  1.39692	-0.0546875
  1.39701	-0.015625
  1.3971	0.0234375
  1.39719	0.0234375
  1.39728	0.015625
  1.39737	-0.0078125
  1.39746	-0.03125
  1.39755	-0.0390625
  1.39764	-0.0078125
  1.39773	0.0390625
  1.39782	0.078125
  1.39791	0.078125
  1.398	0.0625
  1.3981	0.0390625
  1.39819	0.0078125
  1.39828	0.0078125
  1.39837	0.03125
  1.39846	0.0703125
  1.39855	0.0859375
  1.39864	0.078125
  1.39873	0.0703125
  1.39882	0.0546875
  1.39891	0.03125
  1.399	0.0234375
  1.39909	0.0234375
  1.39918	0.03125
  1.39927	0.046875
  1.39937	0.046875
  1.39946	0.0390625
  1.39955	0.0390625
  1.39964	0.03125
  1.39973	0.0390625
  1.39982	0.0390625
  1.39991	0.0546875
  1.4	0.0390625
  1.40009	0.0234375
  1.40018	0.0234375
  1.40027	0.03125
  1.40036	0.0390625
  1.40045	0.03125
  1.40054	0.0390625
  1.40063	0.015625
  1.40073	0.0078125
  1.40082	-0.0078125
  1.40091	-0.03125
  1.401	-0.015625
  1.40109	0.015625
  1.40118	0.0390625
  1.40127	0.03125
  1.40136	0.0234375
  1.40145	0.0078125
  1.40154	0
  1.40163	0.0078125
  1.40172	0.0234375
  1.40181	0.046875
  1.4019	0.046875
  1.402	0.03125
  1.40209	0.0078125
  1.40218	0.0078125
  1.40227	0.015625
  1.40236	0.0390625
  1.40245	0.0625
  1.40254	0.0625
  1.40263	0.0625
  1.40272	0.046875
  1.40281	0.03125
  1.4029	0.015625
  1.40299	0.0234375
  1.40308	0.0390625
  1.40317	0.0546875
  1.40327	0.0546875
  1.40336	0.0390625
  1.40345	0.015625
  1.40354	0.015625
  1.40363	0.015625
  1.40372	0.015625
  1.40381	0.015625
  1.4039	0.015625
  1.40399	0.0234375
  1.40408	0.015625
  1.40417	0.015625
  1.40426	0.0234375
  1.40435	0.015625
  1.40444	0.0078125
  1.40454	0
  1.40463	-0.0234375
  1.40472	0.0078125
  1.40481	0.0234375
  1.4049	0.0390625
  1.40499	0.0546875
  1.40508	0.0625
  1.40517	0.0625
  1.40526	0.046875
  1.40535	0.0234375
  1.40544	-0.0078125
  1.40553	-0.0234375
  1.40562	-0.015625
  1.40571	0.015625
  1.4058	0.0390625
  1.4059	0.0625
  1.40599	0.0546875
  1.40608	0.0390625
  1.40617	0.0546875
  1.40626	0.0625
  1.40635	0.0625
  1.40644	0.0546875
  1.40653	0.046875
  1.40662	0.0390625
  1.40671	0.0390625
  1.4068	0.0234375
  1.40689	-0.0078125
  1.40698	-0.015625
  1.40707	0
  1.40717	0
  1.40726	-0.0078125
  1.40735	0
  1.40744	0.0078125
  1.40753	0.015625
  1.40762	0.0234375
  1.40771	0.0078125
  1.4078	-0.0234375
  1.40789	-0.0390625
  1.40798	-0.046875
  1.40807	-0.046875
  1.40816	-0.0234375
  1.40825	0
  1.40834	0.0078125
  1.40844	0.0234375
  1.40853	0.0390625
  1.40862	0.0546875
  1.40871	0.0390625
  1.4088	0.0234375
  1.40889	0.0234375
  1.40898	0.0234375
  1.40907	0.0078125
  1.40916	0.015625
  1.40925	0.0078125
  1.40934	0
  1.40943	0
  1.40952	0.0078125
  1.40961	0.0078125
  1.40971	0
  1.4098	-0.0078125
  1.40989	-0.0234375
  1.40998	-0.0390625
  1.41007	-0.0390625
  1.41016	-0.0234375
  1.41025	0
  1.41034	0
  1.41043	0.0078125
  1.41052	0.0078125
  1.41061	-0.0078125
  1.4107	-0.0078125
  1.41079	-0.0078125
  1.41088	0.015625
  1.41098	0.046875
  1.41107	0.046875
  1.41116	0.046875
  1.41125	0.046875
  1.41134	0.0234375
  1.41143	0.0078125
  1.41152	0.015625
  1.41161	0
  1.4117	0
  1.41179	0
  1.41188	0.0078125
  1.41197	0.015625
  1.41206	0.0234375
  1.41215	0.03125
  1.41224	0.046875
  1.41234	0.03125
  1.41243	0.0234375
  1.41252	0.03125
  1.41261	0.015625
  1.4127	0.0078125
  1.41279	-0.0078125
  1.41288	-0.0078125
  1.41297	0.0234375
  1.41306	0.0390625
  1.41315	0.03125
  1.41324	0.03125
  1.41333	0.0234375
  1.41342	0.03125
  1.41351	0.0546875
  1.41361	0.046875
  1.4137	0.046875
  1.41379	0.046875
  1.41388	0.03125
  1.41397	0.015625
  1.41406	0.015625
  1.41415	0.03125
  1.41424	0.03125
  1.41433	0.03125
  1.41442	0.0234375
  1.41451	0.0234375
  1.4146	0.0078125
  1.41469	0.03125
  1.41478	0.0546875
  1.41488	0.0546875
  1.41497	0.0546875
  1.41506	0.015625
  1.41515	0
  1.41524	0.0078125
  1.41533	0.0078125
  1.41542	0.0078125
  1.41551	0.03125
  1.4156	0.0390625
  1.41569	0.046875
  1.41578	0.046875
  1.41587	0.0390625
  1.41596	0.0234375
  1.41605	0.0078125
  1.41615	0.0078125
  1.41624	-0.0078125
  1.41633	-0.015625
  1.41642	-0.0234375
  1.41651	-0.0078125
  1.4166	0.0078125
  1.41669	0.015625
  1.41678	0.015625
  1.41687	0.0234375
  1.41696	0.0234375
  1.41705	0.03125
  1.41714	0.0390625
  1.41723	0.0234375
  1.41732	0.015625
  1.41742	0.0234375
  1.41751	0.03125
  1.4176	0.0390625
  1.41769	0.0234375
  1.41778	0.03125
  1.41787	0.0546875
  1.41796	0.0625
  1.41805	0.0625
  1.41814	0.0859375
  1.41823	0.0859375
  1.41832	0.078125
  1.41841	0.0625
  1.4185	0.0234375
  1.41859	0
  1.41868	-0.0078125
  1.41878	0
  1.41887	0
  1.41896	-0.015625
  1.41905	-0.015625
  1.41914	0.0078125
  1.41923	0.015625
  1.41932	0.0234375
  1.41941	0.0234375
  1.4195	0.0234375
  1.41959	0.0234375
  1.41968	0.0078125
  1.41977	0.0078125
  1.41986	0.0078125
  1.41995	0.0078125
  1.42005	0.0234375
  1.42014	0.015625
  1.42023	0.015625
  1.42032	0.0078125
  1.42041	-0.015625
  1.4205	-0.03125
  1.42059	-0.03125
  1.42068	-0.0234375
  1.42077	-0.015625
  1.42086	0
  1.42095	0.015625
  1.42104	0.0078125
  1.42113	-0.0078125
  1.42122	-0.015625
  1.42132	-0.0234375
  1.42141	-0.0234375
  1.4215	-0.015625
  1.42159	0
  1.42168	0.015625
  1.42177	0.03125
  1.42186	0.0546875
  1.42195	0.0546875
  1.42204	0.0390625
  1.42213	0.03125
  1.42222	0.03125
  1.42231	0.0234375
  1.4224	0.015625
  1.42249	0.03125
  1.42258	0.0390625
  1.42268	0.0234375
  1.42277	0.015625
  1.42286	0.015625
  1.42295	0.0234375
  1.42304	0.0234375
  1.42313	0.03125
  1.42322	0.0390625
  1.42331	0.03125
  1.4234	0.0390625
  1.42349	0.046875
  1.42358	0.046875
  1.42367	0.0390625
  1.42376	0.0390625
  1.42385	0.0390625
  1.42395	0.0390625
  1.42404	0.03125
  1.42413	0.0234375
  1.42422	0.0234375
  1.42431	0.0234375
  1.4244	0.015625
  1.42449	0.015625
  1.42458	-0.0078125
  1.42467	0
  1.42476	0.015625
  1.42485	0.015625
  1.42494	0.0234375
  1.42503	0.046875
  1.42512	0.0625
  1.42522	0.0625
  1.42531	0.03125
  1.4254	0.015625
  1.42549	0.0078125
  1.42558	0.015625
  1.42567	0.0234375
  1.42576	0.015625
  1.42585	0.0078125
  1.42594	0.015625
  1.42603	0.0234375
  1.42612	0.03125
  1.42621	0.03125
  1.4263	0.0078125
  1.42639	-0.0078125
  1.42649	-0.0078125
  1.42658	0.0078125
  1.42667	0.015625
  1.42676	0.03125
  1.42685	0.0234375
  1.42694	0.015625
  1.42703	-0.0078125
  1.42712	-0.0234375
  1.42721	0
  1.4273	0.03125
  1.42739	0.0546875
  1.42748	0.0546875
  1.42757	0.046875
  1.42766	0.03125
  1.42776	0.0234375
  1.42785	0.0234375
  1.42794	0.046875
  1.42803	0.046875
  1.42812	0.0390625
  1.42821	0.046875
  1.4283	0.0390625
  1.42839	0.0390625
  1.42848	0.03125
  1.42857	0.046875
  1.42866	0.046875
  1.42875	0.0390625
  1.42884	0.03125
  1.42893	0.03125
  1.42902	0.03125
  1.42912	0.0390625
  1.42921	0.0390625
  1.4293	0.03125
  1.42939	0.015625
  1.42948	-0.015625
  1.42957	-0.015625
  1.42966	-0.0234375
  1.42975	-0.015625
  1.42984	0.0078125
  1.42993	0.015625
  1.43002	0.015625
  1.43011	0.0078125
  1.4302	0.015625
  1.43029	0.0234375
  1.43039	0.0234375
  1.43048	0.0078125
  1.43057	-0.0234375
  1.43066	-0.015625
  1.43075	0.0078125
  1.43084	0.0390625
  1.43093	0.046875
  1.43102	0.046875
  1.43111	0.046875
  1.4312	0.0234375
  1.43129	0.015625
  1.43138	0.0234375
  1.43147	0.046875
  1.43156	0.0546875
  1.43166	0.0546875
  1.43175	0.0390625
  1.43184	0.03125
  1.43193	0.0390625
  1.43202	0.0234375
  1.43211	0.0234375
  1.4322	0.0234375
  1.43229	0.03125
  1.43238	0.046875
  1.43247	0.046875
  1.43256	0.046875
  1.43265	0.046875
  1.43274	0.03125
  1.43283	0.0234375
  1.43293	0.0234375
  1.43302	0.03125
  1.43311	0.03125
  1.4332	0.0234375
  1.43329	0.0234375
  1.43338	0.03125
  1.43347	0.0234375
  1.43356	0.0078125
  1.43365	0
  1.43374	-0.015625
  1.43383	-0.0390625
  1.43392	-0.046875
  1.43401	-0.0390625
  1.4341	-0.0390625
  1.4342	-0.046875
  1.43429	-0.046875
  1.43438	-0.0234375
  1.43447	0
  1.43456	0.0078125
  1.43465	0.0078125
  1.43474	-0.03125
  1.43483	-0.03125
  1.43492	-0.0234375
  1.43501	-0.0234375
  1.4351	-0.0234375
  1.43519	-0.015625
  1.43528	-0.015625
  1.43537	-0.015625
  1.43546	-0.0234375
  1.43556	-0.015625
  1.43565	-0.0078125
  1.43574	-0.0078125
  1.43583	0
  1.43592	0.0078125
  1.43601	0.0234375
  1.4361	0.015625
  1.43619	0
  1.43628	-0.015625
  1.43637	-0.0234375
  1.43646	-0.0234375
  1.43655	-0.0078125
  1.43664	0.015625
  1.43673	0.0390625
  1.43683	0.046875
  1.43692	0.0234375
  1.43701	0.03125
  1.4371	0.0390625
  1.43719	0.0546875
  1.43728	0.0625
  1.43737	0.046875
  1.43746	0.0390625
  1.43755	0.0390625
  1.43764	0.0390625
  1.43773	0.0546875
  1.43782	0.0546875
  1.43791	0.046875
  1.438	0.0390625
  1.4381	0.03125
  1.43819	0.0234375
  1.43828	0.015625
  1.43837	0.0390625
  1.43846	0.0546875
  1.43855	0.0546875
  1.43864	0.0625
  1.43873	0.0546875
  1.43882	0.046875
  1.43891	0.0390625
  1.439	0.015625
  1.43909	0.0078125
  1.43918	0.03125
  1.43927	0.03125
  1.43937	0.015625
  1.43946	0.0234375
  1.43955	0
  1.43964	0
  1.43973	0.0078125
  1.43982	0
  1.43991	0.0078125
  1.44	0
  1.44009	-0.0078125
  1.44018	-0.0234375
  1.44027	-0.015625
  1.44036	0.0078125
  1.44045	0.015625
  1.44054	0.0234375
  1.44063	0.015625
  1.44073	0
  1.44082	0.015625
  1.44091	0.0546875
  1.441	0.0546875
  1.44109	0.0390625
  1.44118	0.015625
  1.44127	0.015625
  1.44136	0.03125
  1.44145	0.0390625
  1.44154	0.0546875
  1.44163	0.0703125
  1.44172	0.046875
  1.44181	0.015625
  1.4419	0.0234375
  1.442	0.046875
  1.44209	0.0703125
  1.44218	0.0859375
  1.44227	0.078125
  1.44236	0.0859375
  1.44245	0.0703125
  1.44254	0.046875
  1.44263	0.0390625
  1.44272	0.046875
  1.44281	0.0546875
  1.4429	0.0625
  1.44299	0.046875
  1.44308	0.0546875
  1.44317	0.0546875
  1.44327	0.03125
  1.44336	0.03125
  1.44345	0.0390625
  1.44354	0.0546875
  1.44363	0.0546875
  1.44372	0.0546875
  1.44381	0.0546875
  1.4439	0.046875
  1.44399	0.0234375
  1.44408	0.0078125
  1.44417	0.0078125
  1.44426	0.0234375
  1.44435	0.046875
  1.44444	0.046875
  1.44454	0.0234375
  1.44463	0.015625
  1.44472	-0.0078125
  1.44481	-0.0234375
  1.4449	0
  1.44499	0.0234375
  1.44508	0.03125
  1.44517	0.03125
  1.44526	0.0390625
  1.44535	0.0234375
  1.44544	0.0234375
  1.44553	0
  1.44562	-0.015625
  1.44571	-0.015625
  1.44581	-0.015625
  1.4459	-0.015625
  1.44599	-0.015625
  1.44608	0.0078125
  1.44617	0.015625
  1.44626	0.0078125
  1.44635	-0.015625
  1.44644	-0.015625
  1.44653	-0.0078125
  1.44662	-0.015625
  1.44671	-0.0078125
  1.4468	0.0078125
  1.44689	0.0234375
  1.44698	0.0078125
  1.44707	-0.0078125
  1.44717	0
  1.44726	0.015625
  1.44735	0.015625
  1.44744	0.0078125
  1.44753	0.015625
  1.44762	0.0078125
  1.44771	0
  1.4478	-0.0078125
  1.44789	0
  1.44798	0.0078125
  1.44807	0
  1.44816	-0.0078125
  1.44825	0.0234375
  1.44834	0.0390625
  1.44844	0.03125
  1.44853	0.03125
  1.44862	0.046875
  1.44871	0.0390625
  1.4488	0.015625
  1.44889	0.0390625
  1.44898	0.03125
  1.44907	0.0234375
  1.44916	0.03125
  1.44925	0.0390625
  1.44934	0.0390625
  1.44943	0.015625
  1.44952	0
  1.44961	0.0078125
  1.44971	0.015625
  1.4498	0.0234375
  1.44989	0.015625
  1.44998	0.0234375
  1.45007	0.015625
  1.45016	-0.015625
  1.45025	-0.0234375
  1.45034	-0.015625
  1.45043	0.0234375
  1.45052	0.0390625
  1.45061	0.03125
  1.4507	-0.0078125
  1.45079	0
  1.45088	0.015625
  1.45098	0.015625
  1.45107	0.0078125
  1.45116	-0.0078125
  1.45125	-0.0234375
  1.45134	-0.0078125
  1.45143	0
  1.45152	0
  1.45161	0.015625
  1.4517	0.015625
  1.45179	-0.0078125
  1.45188	-0.0078125
  1.45197	0.0078125
  1.45206	0.03125
  1.45215	0.0390625
  1.45224	0.015625
  1.45234	0.0078125
  1.45243	-0.0078125
  1.45252	-0.0078125
  1.45261	-0.0078125
  1.4527	0.0078125
  1.45279	0.0234375
  1.45288	0.0234375
  1.45297	0.0390625
  1.45306	0.0390625
  1.45315	0.046875
  1.45324	0.046875
  1.45333	0.046875
  1.45342	0.0234375
  1.45351	0.03125
  1.45361	0.046875
  1.4537	0.0546875
  1.45379	0.0546875
  1.45388	0.046875
  1.45397	0.03125
  1.45406	0.0234375
  1.45415	0.03125
  1.45424	0.03125
  1.45433	0.0703125
  1.45442	0.0703125
  1.45451	0.0703125
  1.4546	0.0546875
  1.45469	0.046875
  1.45478	0.0390625
  1.45488	0.046875
  1.45497	0.0546875
  1.45506	0.078125
  1.45515	0.09375
  1.45524	0.09375
  1.45533	0.09375
  1.45542	0.078125
  1.45551	0.078125
  1.4556	0.0625
  1.45569	0.0546875
  1.45578	0.0390625
  1.45587	0.03125
  1.45596	0.0390625
  1.45605	0.046875
  1.45615	0.0390625
  1.45624	0.0234375
  1.45633	0.015625
  1.45642	-0.0078125
  1.45651	-0.015625
  1.4566	-0.0234375
  1.45669	-0.015625
  1.45678	-0.0078125
  1.45687	-0.0234375
  1.45696	-0.0078125
  1.45705	0.0234375
  1.45714	0.0390625
  1.45723	0.046875
  1.45732	0.0390625
  1.45741	0.046875
  1.45751	0.046875
  1.4576	0.0390625
  1.45769	0.0234375
  1.45778	0.0078125
  1.45787	0.0078125
  1.45796	0.0078125
  1.45805	-0.015625
  1.45814	-0.0234375
  1.45823	0
  1.45832	0
  1.45841	0.0078125
  1.4585	0
  1.45859	0.0078125
  1.45868	0
  1.45878	-0.0078125
  1.45887	0
  1.45896	-0.015625
  1.45905	-0.015625
  1.45914	-0.0078125
  1.45923	0.0078125
  1.45932	0.015625
  1.45941	0.0234375
  1.4595	0.0234375
  1.45959	0.03125
  1.45968	0.0078125
  1.45977	-0.015625
  1.45986	-0.0234375
  1.45995	-0.0078125
  1.46005	-0.0078125
  1.46014	-0.03125
  1.46023	-0.03125
  1.46032	-0.0234375
  1.46041	0
  1.4605	0.015625
  1.46059	0.015625
  1.46068	0.0234375
  1.46077	0.0390625
  1.46086	0.03125
  1.46095	0.015625
  1.46104	0.0390625
  1.46113	0.046875
  1.46122	0.0234375
  1.46132	-0.0078125
  1.46141	-0.015625
  1.4615	-0.03125
  1.46159	-0.03125
  1.46168	-0.0078125
  1.46177	0.0078125
  1.46186	0
  1.46195	0.015625
  1.46204	0.03125
  1.46213	0.03125
  1.46222	0.015625
  1.46231	-0.0234375
  1.4624	-0.046875
  1.46249	-0.0546875
  1.46259	-0.0625
  1.46268	-0.03125
  1.46277	0.015625
  1.46286	0.0234375
  1.46295	0.015625
  1.46304	0.0234375
  1.46313	-0.0078125
  1.46322	-0.0390625
  1.46331	-0.0390625
  1.4634	-0.015625
  1.46349	-0.03125
  1.46358	-0.03125
  1.46367	-0.0234375
  1.46376	-0.015625
  1.46385	0
  1.46395	-0.015625
  1.46404	-0.0234375
  1.46413	-0.0078125
  1.46422	0.015625
  1.46431	0.015625
  1.4644	0.0234375
  1.46449	0.03125
  1.46458	0.046875
  1.46467	0.0546875
  1.46476	0.046875
  1.46485	0.0078125
  1.46494	-0.0078125
  1.46503	0.0078125
  1.46512	0.03125
  1.46522	0.0546875
  1.46531	0.0625
  1.4654	0.09375
  1.46549	0.117188
  1.46558	0.101562
  1.46567	0.0625
  1.46576	0.0546875
  1.46585	0.0625
  1.46594	0.078125
  1.46603	0.09375
  1.46612	0.0859375
  1.46621	0.09375
  1.4663	0.101562
  1.46639	0.109375
  1.46649	0.101562
  1.46658	0.09375
  1.46667	0.09375
  1.46676	0.101562
  1.46685	0.101562
  1.46694	0.0859375
  1.46703	0.078125
  1.46712	0.09375
  1.46721	0.09375
  1.4673	0.0859375
  1.46739	0.046875
  1.46748	0.0234375
  1.46757	0.0234375
  1.46766	0.03125
  1.46776	0.0390625
  1.46785	0.0234375
  1.46794	0.0078125
  1.46803	-0.015625
  1.46812	-0.0078125
  1.46821	0.015625
  1.4683	0.0234375
  1.46839	0.0234375
  1.46848	0.03125
  1.46857	0.015625
  1.46866	0
  1.46875	0.015625
  1.46884	0.03125
  1.46893	0.0625
  1.46902	0.0703125
  1.46912	0.0625
  1.46921	0.0390625
  1.4693	0.03125
  1.46939	0.0390625
  1.46948	0.0546875
  1.46957	0.046875
  1.46966	0.0390625
  1.46975	-0.0078125
  1.46984	-0.0234375
  1.46993	-0.015625
  1.47002	0.0078125
  1.47011	0.015625
  1.4702	0.0078125
  1.47029	0
  1.47039	0
  1.47048	0.015625
  1.47057	0.015625
  1.47066	0.0078125
  1.47075	0.015625
  1.47084	0.0234375
  1.47093	0.0234375
  1.47102	0.015625
  1.47111	0.0078125
  1.4712	0
  1.47129	0.0078125
  1.47138	-0.0078125
  1.47147	-0.0078125
  1.47156	0
  1.47166	0.015625
  1.47175	0.015625
  1.47184	-0.0234375
  1.47193	-0.03125
  1.47202	-0.0078125
  1.47211	0.0234375
  1.4722	0.046875
  1.47229	0.03125
  1.47238	0.015625
  1.47247	0.0078125
  1.47256	0.0234375
  1.47265	0.0390625
  1.47274	0.0390625
  1.47283	0.015625
  1.47293	0
  1.47302	-0.0078125
  1.47311	-0.0234375
  1.4732	-0.03125
  1.47329	-0.03125
  1.47338	-0.015625
  1.47347	0
  1.47356	0
  1.47365	-0.0234375
  1.47374	-0.03125
  1.47383	-0.015625
  1.47392	-0.0078125
  1.47401	0
  1.4741	0.015625
  1.47419	-0.015625
  1.47429	-0.0234375
  1.47438	-0.0390625
  1.47447	-0.03125
  1.47456	-0.03125
  1.47465	-0.0234375
  1.47474	-0.0234375
  1.47483	-0.03125
  1.47492	-0.015625
  1.47501	-0.015625
  1.4751	-0.0234375
  1.47519	-0.015625
  1.47528	-0.0078125
  1.47537	-0.015625
  1.47546	-0.0234375
  1.47556	-0.03125
  1.47565	-0.0234375
  1.47574	-0.015625
  1.47583	-0.0078125
  1.47592	0
  1.47601	0.015625
  1.4761	0.0390625
  1.47619	0.03125
  1.47628	0.0078125
  1.47637	0
  1.47646	0.015625
  1.47655	0.03125
  1.47664	0.046875
  1.47673	0.0546875
  1.47683	0.0703125
  1.47692	0.078125
  1.47701	0.0703125
  1.4771	0.0625
  1.47719	0.046875
  1.47728	0.0546875
  1.47737	0.0546875
  1.47746	0.0546875
  1.47755	0.0546875
  1.47764	0.0546875
  1.47773	0.0625
  1.47782	0.078125
  1.47791	0.0859375
  1.478	0.0703125
  1.4781	0.0546875
  1.47819	0.0390625
  1.47828	0.0234375
  1.47837	0.0078125
  1.47846	0.0234375
  1.47855	0.0390625
  1.47864	0.078125
  1.47873	0.0859375
  1.47882	0.0703125
  1.47891	0.0390625
  1.479	0.015625
  1.47909	0.0234375
  1.47918	0.0234375
  1.47927	0.0234375
  1.47937	0.0234375
  1.47946	0.0234375
  1.47955	0.0234375
  1.47964	0.0234375
  1.47973	0.03125
  1.47982	0.0546875
  1.47991	0.0703125
  1.48	0.078125
  1.48009	0.0703125
  1.48018	0.0625
  1.48027	0.046875
  1.48036	0.046875
  1.48045	0.0546875
  1.48054	0.046875
  1.48063	0.03125
  1.48073	0.0078125
  1.48082	0.0078125
  1.48091	0.03125
  1.481	0.03125
  1.48109	0.0390625
  1.48118	0.0546875
  1.48127	0.0546875
  1.48136	0.0703125
  1.48145	0.078125
  1.48154	0.078125
  1.48163	0.0703125
  1.48172	0.046875
  1.48181	0.0390625
  1.4819	0.046875
  1.482	0.0546875
  1.48209	0.0703125
  1.48218	0.0703125
  1.48227	0.09375
  1.48236	0.078125
  1.48245	0.0625
  1.48254	0.046875
  1.48263	0.0390625
  1.48272	0.046875
  1.48281	0.0390625
  1.4829	0.0078125
  1.48299	-0.0234375
  1.48308	-0.03125
  1.48317	-0.015625
  1.48327	0.0078125
  1.48336	0.0234375
  1.48345	0.03125
  1.48354	0.015625
  1.48363	-0.015625
  1.48372	-0.0078125
  1.48381	0
  1.4839	0.015625
  1.48399	0.0390625
  1.48408	0.03125
  1.48417	0.0234375
  1.48426	-0.0078125
  1.48435	-0.0390625
  1.48444	-0.046875
  1.48454	-0.015625
  1.48463	0.0078125
  1.48472	0.015625
  1.48481	-0.015625
  1.4849	-0.0390625
  1.48499	-0.03125
  1.48508	0.0078125
  1.48517	0.0234375
  1.48526	0.015625
  1.48535	-0.015625
  1.48544	-0.046875
  1.48553	-0.046875
  1.48562	-0.03125
  1.48571	-0.015625
  1.48581	0
  1.4859	-0.0078125
  1.48599	-0.03125
  1.48608	-0.0390625
  1.48617	-0.0390625
  1.48626	-0.0234375
  1.48635	0.0078125
  1.48644	0.0078125
  1.48653	0
  1.48662	-0.0234375
  1.48671	-0.03125
  1.4868	-0.03125
  1.48689	-0.015625
  1.48698	0
  1.48707	0
  1.48717	-0.015625
  1.48726	-0.0234375
  1.48735	-0.0390625
  1.48744	-0.0234375
  1.48753	0
  1.48762	0.0078125
  1.48771	0.015625
  1.4878	0.015625
  1.48789	0.0078125
  1.48798	0.0234375
  1.48807	0.0078125
  1.48816	-0.0078125
  1.48825	-0.0078125
  1.48834	-0.015625
  1.48844	-0.03125
  1.48853	-0.03125
  1.48862	-0.015625
  1.48871	0.015625
  1.4888	0.03125
  1.48889	0.0625
  1.48898	0.0625
  1.48907	0.0234375
  1.48916	-0.0078125
  1.48925	-0.03125
  1.48934	-0.0078125
  1.48943	0.0234375
  1.48952	0.0390625
  1.48961	0.046875
  1.48971	0.03125
  1.4898	0.015625
  1.48989	0.0234375
  1.48998	0.0234375
  1.49007	0.015625
  1.49016	0.03125
  1.49025	0.0546875
  1.49034	0.0625
  1.49043	0.0703125
  1.49052	0.0703125
  1.49061	0.078125
  1.4907	0.078125
  1.49079	0.0625
  1.49088	0.046875
  1.49098	0.046875
  1.49107	0.0546875
  1.49116	0.046875
  1.49125	0.03125
  1.49134	0.03125
  1.49143	0.046875
  1.49152	0.046875
  1.49161	0.0546875
  1.4917	0.0546875
  1.49179	0.0703125
  1.49188	0.0703125
  1.49197	0.0703125
  1.49206	0.0546875
  1.49215	0.0546875
  1.49224	0.0546875
  1.49234	0.046875
  1.49243	0.03125
  1.49252	0.015625
  1.49261	0.015625
  1.4927	0.0390625
  1.49279	0.0703125
  1.49288	0.0703125
  1.49297	0.0546875
  1.49306	0.03125
  1.49315	0.0234375
  1.49324	0.0234375
  1.49333	0.03125
  1.49342	0.0390625
  1.49351	0.015625
  1.49361	-0.0078125
  1.4937	0
  1.49379	0.0234375
  1.49388	0.046875
  1.49397	0.0703125
  1.49406	0.078125
  1.49415	0.09375
  1.49424	0.0703125
  1.49433	0.0625
  1.49442	0.0625
  1.49451	0.0703125
  1.4946	0.078125
  1.49469	0.0859375
  1.49478	0.0546875
  1.49488	0.0390625
  1.49497	0.046875
  1.49506	0.0546875
  1.49515	0.0625
  1.49524	0.046875
  1.49533	0.0234375
  1.49542	0.0078125
  1.49551	0.015625
  1.4956	0.0234375
  1.49569	0.03125
  1.49578	0.0234375
  1.49587	0
  1.49596	0
  1.49605	0
  1.49615	0.0078125
  1.49624	0.0234375
  1.49633	0.0234375
  1.49642	0.03125
  1.49651	0.0234375
  1.4966	0
  1.49669	-0.03125
  1.49678	-0.046875
  1.49687	-0.046875
  1.49696	-0.0234375
  1.49705	-0.0234375
  1.49714	-0.0234375
  1.49723	-0.03125
  1.49732	-0.03125
  1.49741	-0.03125
  1.49751	-0.0390625
  1.4976	-0.0390625
  1.49769	-0.0546875
  1.49778	-0.046875
  1.49787	-0.0390625
  1.49796	-0.015625
  1.49805	-0.015625
  1.49814	-0.015625
  1.49823	-0.0234375
  1.49832	-0.0390625
  1.49841	-0.0234375
  1.4985	-0.015625
  1.49859	-0.015625
  1.49868	-0.015625
  1.49878	0
  1.49887	-0.015625
  1.49896	-0.03125
  1.49905	-0.03125
  1.49914	-0.0234375
  1.49923	0
  1.49932	0.03125
  1.49941	0.03125
  1.4995	0.0234375
  1.49959	0.0234375
  1.49968	0.0234375
  1.49977	0.0390625
  1.49986	0.0546875
  1.49995	0.0546875
  1.50005	0.0390625
  1.50014	0.0390625
  1.50023	0.03125
  1.50032	0.046875
  1.50041	0.0703125
  1.5005	0.078125
  1.50059	0.101562
  1.50068	0.109375
  1.50077	0.09375
  1.50086	0.0859375
  1.50095	0.0625
  1.50104	0.046875
  1.50113	0.046875
  1.50122	0.0390625
  1.50132	0.0390625
  1.50141	0.046875
  1.5015	0.046875
  1.50159	0.0546875
  1.50168	0.046875
  1.50177	0.0546875
  1.50186	0.0546875
  1.50195	0.0546875
  1.50204	0.046875
  1.50213	0.0234375
  1.50222	0.015625
  1.50231	0.0078125
  1.5024	0.0078125
  1.50249	0.0234375
  1.50259	0.03125
  1.50268	0.03125
  1.50277	0.03125
  1.50286	0.015625
  1.50295	0
  1.50304	0.015625
  1.50313	0.046875
  1.50322	0.0625
  1.50331	0.0390625
  1.5034	0.0078125
  1.50349	-0.0078125
  1.50358	-0.0234375
  1.50367	-0.015625
  1.50376	0
  1.50385	0
  1.50395	-0.0234375
  1.50404	-0.0390625
  1.50413	-0.0390625
  1.50422	-0.03125
  1.50431	0
  1.5044	0.0234375
  1.50449	0.03125
  1.50458	0.0234375
  1.50467	0.015625
  1.50476	0.015625
  1.50485	0.03125
  1.50494	0.03125
  1.50503	0.046875
  1.50512	0.046875
  1.50522	0.0390625
  1.50531	0.0234375
  1.5054	0.015625
  1.50549	0.03125
  1.50558	0.03125
  1.50567	0.0546875
  1.50576	0.0703125
  1.50585	0.0703125
  1.50594	0.078125
  1.50603	0.046875
  1.50612	0.015625
  1.50621	0.0234375
  1.5063	0.0234375
  1.50639	0.03125
  1.50649	0.0546875
  1.50658	0.0859375
  1.50667	0.0859375
  1.50676	0.078125
  1.50685	0.046875
  1.50694	0.046875
  1.50703	0.03125
  1.50712	0.015625
  1.50721	0.015625
  1.5073	0.0078125
  1.50739	-0.0078125
  1.50748	-0.0078125
  1.50757	-0.015625
  1.50766	-0.0078125
  1.50776	-0.0078125
  1.50785	-0.015625
  1.50794	-0.03125
  1.50803	-0.03125
  1.50812	-0.0390625
  1.50821	-0.046875
  1.5083	-0.0390625
  1.50839	-0.0390625
  1.50848	-0.0390625
  1.50857	-0.0390625
  1.50866	-0.03125
  1.50875	-0.0078125
  1.50884	0
  1.50893	-0.0234375
  1.50902	-0.03125
  1.50912	-0.0234375
  1.50921	-0.0078125
  1.5093	0.0234375
  1.50939	0.0390625
  1.50948	0.0390625
  1.50957	-0.0078125
  1.50966	-0.0234375
  1.50975	-0.015625
  1.50984	-0.0234375
  1.50993	-0.015625
  1.51002	-0.0078125
  1.51011	0
  1.5102	0.0078125
  1.51029	0
  1.51039	0.0078125
  1.51048	0.03125
  1.51057	0.046875
  1.51066	0.0390625
  1.51075	0.03125
  1.51084	0.015625
  1.51093	0.015625
  1.51102	0.03125
  1.51111	0.0546875
  1.5112	0.0390625
  1.51129	0.0390625
  1.51138	0.03125
  1.51147	0.0234375
  1.51156	0.0390625
  1.51166	0.046875
  1.51175	0.0390625
  1.51184	0.0546875
  1.51193	0.0703125
  1.51202	0.0859375
  1.51211	0.101562
  1.5122	0.109375
  1.51229	0.0859375
  1.51238	0.078125
  1.51247	0.0703125
  1.51256	0.03125
  1.51265	0.0078125
  1.51274	-0.015625
  1.51283	0
  1.51293	0.03125
  1.51302	0.0546875
  1.51311	0.046875
  1.5132	0.03125
  1.51329	0.0078125
  1.51338	0
  1.51347	0.0078125
  1.51356	0.0078125
  1.51365	0.0078125
  1.51374	0.015625
  1.51383	0
  1.51392	-0.0234375
  1.51401	-0.0390625
  1.5141	-0.03125
  1.51419	-0.0078125
  1.51429	0.015625
  1.51438	0.046875
  1.51447	0.0390625
  1.51456	0.0234375
  1.51465	0.0234375
  1.51474	0.03125
  1.51483	0.0546875
  1.51492	0.078125
  1.51501	0.0625
  1.5151	0.046875
  1.51519	0.0234375
  1.51528	0.015625
  1.51537	0.0234375
  1.51546	0.03125
  1.51556	0.046875
  1.51565	0.0390625
  1.51574	0.03125
  1.51583	0.03125
  1.51592	0.0546875
  1.51601	0.0703125
  1.5161	0.0625
  1.51619	0.0546875
  1.51628	0.046875
  1.51637	0.0546875
  1.51646	0.0625
  1.51655	0.0625
  1.51664	0.03125
  1.51673	0
  1.51683	0
  1.51692	0.03125
  1.51701	0.0625
  1.5171	0.0625
  1.51719	0.0390625
  1.51728	0.0078125
  1.51737	-0.015625
  1.51746	-0.015625
  1.51755	0.0078125
  1.51764	0.015625
  1.51773	0.0078125
  1.51782	0.0078125
  1.51791	-0.015625
  1.518	-0.0234375
  1.5181	-0.015625
  1.51819	-0.0078125
  1.51828	0.0234375
  1.51837	0.0390625
  1.51846	0.015625
  1.51855	-0.015625
  1.51864	-0.03125
  1.51873	-0.03125
  1.51882	-0.0234375
  1.51891	-0.0078125
  1.519	0.0078125
  1.51909	-0.0078125
  1.51918	-0.03125
  1.51927	-0.0234375
  1.51937	0
  1.51946	0.015625
  1.51955	0.015625
  1.51964	0.015625
  1.51973	-0.0078125
  1.51982	-0.0390625
  1.51991	-0.03125
  1.52	0
  1.52009	0.015625
  1.52018	0.0078125
  1.52027	0.0078125
  1.52036	0.0078125
  1.52045	0.0078125
  1.52054	0.015625
  1.52063	0.0234375
  1.52073	0.015625
  1.52082	0.0234375
  1.52091	0.0078125
  1.521	0.0078125
  1.52109	0.015625
  1.52118	0.015625
  1.52127	0.0078125
  1.52136	0
  1.52145	0.0078125
  1.52154	-0.0078125
  1.52163	-0.0078125
  1.52172	-0.0078125
  1.52181	-0.0078125
  1.5219	-0.0078125
  1.522	0
  1.52209	0
  1.52218	0.0078125
  1.52227	0.0078125
  1.52236	0.0390625
  1.52245	0.0390625
  1.52254	0.03125
  1.52263	0.015625
  1.52272	-0.0078125
  1.52281	-0.0234375
  1.5229	-0.03125
  1.52299	-0.0234375
  1.52308	0
  1.52317	0.015625
  1.52327	0.015625
  1.52336	0.0234375
  1.52345	0.015625
  1.52354	0.03125
  1.52363	0.046875
  1.52372	0.046875
  1.52381	0.0625
  1.5239	0.046875
  1.52399	0.0234375
  1.52408	0.0390625
  1.52417	0.03125
  1.52426	0.03125
  1.52435	0.046875
  1.52444	0.0546875
  1.52454	0.0546875
  1.52463	0.0390625
  1.52472	0
  1.52481	-0.0078125
  1.5249	0.03125
  1.52499	0.046875
  1.52508	0.0546875
  1.52517	0.0390625
  1.52526	0.015625
  1.52535	0.0078125
  1.52544	0.015625
  1.52553	0.03125
  1.52562	0.03125
  1.52571	0.0546875
  1.52581	0.0703125
  1.5259	0.0703125
  1.52599	0.0625
  1.52608	0.0546875
  1.52617	0.0390625
  1.52626	0.0625
  1.52635	0.0703125
  1.52644	0.0625
  1.52653	0.046875
  1.52662	0.03125
  1.52671	0.046875
  1.5268	0.0703125
  1.52689	0.0625
  1.52698	0.046875
  1.52707	0.03125
  1.52717	0.0390625
  1.52726	0.046875
  1.52735	0.078125
  1.52744	0.0859375
  1.52753	0.0546875
  1.52762	0.0390625
  1.52771	0.03125
  1.5278	0.0234375
  1.52789	0.0234375
  1.52798	0.03125
  1.52807	0.0546875
  1.52816	0.0546875
  1.52825	0.03125
  1.52834	0
  1.52844	-0.0078125
  1.52853	0.0078125
  1.52862	0.015625
  1.52871	0.0234375
  1.5288	0.0390625
  1.52889	0.03125
  1.52898	0.015625
  1.52907	0
  1.52916	-0.0078125
  1.52925	0
  1.52934	0
  1.52943	0.015625
  1.52952	0.0234375
  1.52961	0.0234375
  1.52971	0.015625
  1.5298	0
  1.52989	-0.03125
  1.52998	-0.03125
  1.53007	0
  1.53016	0.0078125
  1.53025	0.015625
  1.53034	0
  1.53043	0
  1.53052	0
  1.53061	0.015625
  1.5307	0.046875
  1.53079	0.0625
  1.53088	0.046875
  1.53098	0.0078125
  1.53107	-0.0234375
  1.53116	-0.0234375
  1.53125	-0.015625
  1.53134	-0.015625
  1.53143	-0.03125
  1.53152	-0.0546875
  1.53161	-0.046875
  1.5317	-0.046875
  1.53179	-0.0625
  1.53188	-0.046875
  1.53197	-0.0546875
  1.53206	-0.0625
  1.53215	-0.046875
  1.53224	-0.015625
  1.53234	-0.0078125
  1.53243	-0.0078125
  1.53252	-0.015625
  1.53261	-0.03125
  1.5327	-0.0390625
  1.53279	-0.03125
  1.53288	-0.0234375
  1.53297	0.015625
  1.53306	0.0390625
  1.53315	0.0390625
  1.53324	0.03125
  1.53333	0.0234375
  1.53342	0.0390625
  1.53351	0.03125
  1.53361	0.03125
  1.5337	0.046875
  1.53379	0.0546875
  1.53388	0.078125
  1.53397	0.0859375
  1.53406	0.078125
  1.53415	0.0625
  1.53424	0.0703125
  1.53433	0.0859375
  1.53442	0.078125
  1.53451	0.046875
  1.5346	0.0234375
  1.53469	0.015625
  1.53478	0.0234375
  1.53488	0.03125
  1.53497	0.046875
  1.53506	0.0625
  1.53515	0.0546875
  1.53524	0.0390625
  1.53533	0.0390625
  1.53542	0.03125
  1.53551	0.03125
  1.5356	0.0390625
  1.53569	0.046875
  1.53578	0.03125
  1.53587	0.0078125
  1.53596	0.0234375
  1.53605	0.03125
  1.53615	0.03125
  1.53624	0.015625
  1.53633	-0.0078125
  1.53642	-0.015625
  1.53651	0
  1.5366	0.0234375
  1.53669	0.0390625
  1.53678	0.03125
  1.53687	0.0078125
  1.53696	-0.0078125
  1.53705	0
  1.53714	0.0234375
  1.53723	0.03125
  1.53732	0.046875
  1.53741	0.0390625
  1.53751	0.0078125
  1.5376	-0.0078125
  1.53769	-0.0234375
  1.53778	-0.0234375
  1.53787	-0.0078125
  1.53796	0
  1.53805	-0.0078125
  1.53814	-0.0078125
  1.53823	-0.0078125
  1.53832	-0.0078125
  1.53841	0
  1.5385	0.0234375
  1.53859	0.046875
  1.53868	0.0625
  1.53878	0.0703125
  1.53887	0.0625
  1.53896	0.0390625
  1.53905	0.0234375
  1.53914	0
  1.53923	0
  1.53932	0.015625
  1.53941	0.0234375
  1.5395	0.0234375
  1.53959	0.0234375
  1.53968	0.0234375
  1.53977	0.0390625
  1.53986	0.0625
  1.53995	0.078125
  1.54005	0.078125
  1.54014	0.0546875
  1.54023	0.046875
  1.54032	0.0546875
  1.54041	0.0390625
  1.5405	0.0390625
  1.54059	0.0390625
  1.54068	0.03125
  1.54077	0.03125
  1.54086	0.03125
  1.54095	0.03125
  1.54104	0.0234375
  1.54113	0.0234375
  1.54122	0.0234375
  1.54132	0.0234375
  1.54141	0.0234375
  1.5415	0.015625
  1.54159	0.015625
  1.54168	0
  1.54177	0
  1.54186	0
  1.54195	-0.0078125
  1.54204	0
  1.54213	-0.015625
  1.54222	-0.0078125
  1.54231	-0.0078125
  1.5424	-0.03125
  1.54249	-0.0234375
  1.54259	-0.0234375
  1.54268	-0.0234375
  1.54277	-0.015625
  1.54286	-0.0234375
  1.54295	-0.0234375
  1.54304	-0.046875
  1.54313	-0.0390625
  1.54322	0.0078125
  1.54331	0.046875
  1.5434	0.0625
  1.54349	0.0390625
  1.54358	0.015625
  1.54367	-0.0078125
  1.54376	-0.015625
  1.54385	0
  1.54395	0.015625
  1.54404	0.0234375
  1.54413	0.03125
  1.54422	0.0234375
  1.54431	0.0078125
  1.5444	0
  1.54449	0.0078125
  1.54458	0.0390625
  1.54467	0.0546875
  1.54476	0.0546875
  1.54485	0.046875
  1.54494	0.03125
  1.54503	0.03125
  1.54512	0.0390625
  1.54522	0.0390625
  1.54531	0.0234375
  1.5454	0.015625
  1.54549	0.0234375
  1.54558	0.0390625
  1.54567	0.046875
  1.54576	0.0546875
  1.54585	0.0625
  1.54594	0.0625
  1.54603	0.0390625
  1.54612	0.0234375
  1.54621	0.0234375
  1.5463	-0.0078125
  1.54639	0
  1.54649	0.03125
  1.54658	0.046875
  1.54667	0.046875
  1.54676	0.03125
  1.54685	0
  1.54694	-0.0234375
  1.54703	-0.015625
  1.54712	-0.0078125
  1.54721	0.0078125
  1.5473	0.0234375
  1.54739	0.0078125
  1.54748	-0.0234375
  1.54757	-0.03125
  1.54766	-0.03125
  1.54776	-0.03125
  1.54785	-0.0234375
  1.54794	-0.03125
  1.54803	-0.03125
  1.54812	-0.0234375
  1.54821	-0.0234375
  1.5483	-0.03125
  1.54839	-0.015625
  1.54848	0
  1.54857	0.0078125
  1.54866	0.0078125
  1.54875	0
  1.54884	0.0078125
  1.54893	0.015625
  1.54902	0.0078125
  1.54912	0.0234375
  1.54921	0.0390625
  1.5493	0.0390625
  1.54939	0.03125
  1.54948	0.0078125
  1.54957	-0.0078125
  1.54966	0
  1.54975	0.015625
  1.54984	0.0234375
  1.54993	0.0390625
  1.55002	0.0390625
  1.55011	0.0234375
  1.5502	0.0234375
  1.55029	0.015625
  1.55039	0.015625
  1.55048	0.046875
  1.55057	0.0546875
  1.55066	0.0546875
  1.55075	0.046875
  1.55084	0.0234375
  1.55093	0.0078125
  1.55102	0.0078125
  1.55111	0.015625
  1.5512	0.03125
  1.55129	0.0390625
  1.55138	0.03125
  1.55147	0.0234375
  1.55156	0.0234375
  1.55166	0.03125
  1.55175	0.0546875
  1.55184	0.0546875
  1.55193	0.03125
  1.55202	0.015625
  1.55211	0.015625
  1.5522	0.0234375
  1.55229	0.03125
  1.55238	0.0390625
  1.55247	0.03125
  1.55256	0.0234375
  1.55265	0.015625
  1.55274	0.015625
  1.55283	0.0390625
  1.55293	0.03125
  1.55302	0.0078125
  1.55311	0.0078125
  1.5532	0.0078125
  1.55329	0.0078125
  1.55338	0.0390625
  1.55347	0.0546875
  1.55356	0.03125
  1.55365	0.0234375
  1.55374	0.0078125
  1.55383	0.0078125
  1.55392	0.0078125
  1.55401	-0.015625
  1.5541	-0.0078125
  1.55419	0.0078125
  1.55429	0.0078125
  1.55438	0.0078125
  1.55447	-0.0078125
  1.55456	-0.0078125
  1.55465	0.0078125
  1.55474	0.03125
  1.55483	0.0234375
  1.55492	-0.0078125
  1.55501	-0.0234375
  1.5551	-0.0234375
  1.55519	0
  1.55528	0.03125
  1.55537	0.03125
  1.55546	0.03125
  1.55556	0.03125
  1.55565	0.046875
  1.55574	0.0625
  1.55583	0.046875
  1.55592	0.0390625
  1.55601	0.0234375
  1.5561	0.03125
  1.55619	0.0390625
  1.55628	0.046875
  1.55637	0.0546875
  1.55646	0.0546875
  1.55655	0.0390625
  1.55664	0.0078125
  1.55673	-0.0078125
  1.55683	0
  1.55692	0
  1.55701	0.015625
  1.5571	0.0234375
  1.55719	0.015625
  1.55728	0.0234375
  1.55737	0.015625
  1.55746	0.0078125
  1.55755	0.0078125
  1.55764	0
  1.55773	-0.0078125
  1.55782	0
  1.55791	-0.0078125
  1.558	-0.015625
  1.5581	-0.015625
  1.55819	-0.0234375
  1.55828	-0.03125
  1.55837	-0.0390625
  1.55846	-0.0234375
  1.55855	0.0078125
  1.55864	0.0234375
  1.55873	0.015625
  1.55882	0
  1.55891	-0.0234375
  1.559	-0.0390625
  1.55909	-0.015625
  1.55918	-0.0078125
  1.55927	-0.015625
  1.55937	-0.03125
  1.55946	-0.0390625
  1.55955	-0.046875
  1.55964	-0.03125
  1.55973	0.015625
  1.55982	0.03125
  1.55991	0.0234375
  1.56	0.0078125
  1.56009	0
  1.56018	-0.0078125
  1.56027	0
  1.56036	0.015625
  1.56045	0.015625
  1.56054	0.015625
  1.56063	-0.0078125
  1.56073	-0.015625
  1.56082	0
  1.56091	0.0234375
  1.561	0.03125
  1.56109	0.03125
  1.56118	0.046875
  1.56127	0.046875
  1.56136	0.0546875
  1.56145	0.0546875
  1.56154	0.0546875
  1.56163	0.0625
  1.56172	0.0703125
  1.56181	0.0625
  1.5619	0.0546875
  1.562	0.046875
  1.56209	0.0390625
  1.56218	0.046875
  1.56227	0.0546875
  1.56236	0.0859375
  1.56245	0.09375
  1.56254	0.0859375
  1.56263	0.0703125
  1.56272	0.046875
  1.56281	0.046875
  1.5629	0.046875
  1.56299	0.0546875
  1.56308	0.0625
  1.56317	0.0703125
  1.56327	0.046875
  1.56336	0.0390625
  1.56345	0.0546875
  1.56354	0.0703125
  1.56363	0.0546875
  1.56372	0.0390625
  1.56381	0.0234375
  1.5639	0.015625
  1.56399	0.0078125
  1.56408	0.0078125
  1.56417	0.0078125
  1.56426	0.015625
  1.56435	0.0234375
  1.56444	0.0234375
  1.56454	0.03125
  1.56463	0.0390625
  1.56472	0.03125
  1.56481	0.015625
  1.5649	0.0234375
  1.56499	0.0390625
  1.56508	0.046875
  1.56517	0.0390625
  1.56526	0.015625
  1.56535	0
  1.56544	-0.015625
  1.56553	-0.0390625
  1.56562	-0.046875
  1.56571	-0.0078125
  1.5658	0.03125
  1.5659	0.03125
  1.56599	0.03125
  1.56608	0.0078125
  1.56617	0
  1.56626	0.015625
  1.56635	0.015625
  1.56644	0.03125
  1.56653	0.015625
  1.56662	0.015625
  1.56671	0
  1.5668	0
  1.56689	0
  1.56698	0.0078125
  1.56707	-0.0078125
  1.56717	-0.015625
  1.56726	-0.0234375
  1.56735	-0.0234375
  1.56744	0
  1.56753	0.015625
  1.56762	0.03125
  1.56771	0.015625
  1.5678	0.0234375
  1.56789	0.03125
  1.56798	0.015625
  1.56807	0.03125
  1.56816	0.03125
  1.56825	0.015625
  1.56834	0.0234375
  1.56844	0.015625
  1.56853	0.0078125
  1.56862	0.0078125
  1.56871	0.0078125
  1.5688	0.0234375
  1.56889	0.03125
  1.56898	0.0078125
  1.56907	0
  1.56916	0
  1.56925	-0.015625
  1.56934	0.015625
  1.56943	0.0234375
  1.56952	0.0234375
  1.56961	0.015625
  1.56971	0
  1.5698	0.015625
  1.56989	0.015625
  1.56998	0.0234375
  1.57007	0.0234375
  1.57016	0
  1.57025	0.015625
  1.57034	0.0234375
  1.57043	0.0078125
  1.57052	0
  1.57061	0.0078125
  1.5707	0.0078125
  1.57079	0
  1.57088	-0.015625
  1.57098	-0.0234375
  1.57107	-0.0390625
  1.57116	-0.0390625
  1.57125	-0.0390625
  1.57134	-0.015625
  1.57143	0
  1.57152	-0.015625
  1.57161	-0.0078125
  1.5717	-0.0390625
  1.57179	-0.0390625
  1.57188	-0.0234375
  1.57197	-0.0078125
  1.57206	0.015625
  1.57215	0
  1.57224	-0.03125
  1.57234	-0.046875
  1.57243	-0.0546875
  1.57252	-0.046875
  1.57261	-0.015625
  1.5727	-0.0078125
  1.57279	-0.03125
  1.57288	-0.0234375
  1.57297	-0.03125
  1.57306	-0.015625
  1.57315	0.015625
  1.57324	0.015625
  1.57333	0
  1.57342	0.015625
  1.57351	0.0234375
  1.57361	0.0390625
  1.5737	0.0703125
  1.57379	0.046875
  1.57388	0.0390625
  1.57397	0.0546875
  1.57406	0.046875
  1.57415	0.0703125
  1.57424	0.0859375
  1.57433	0.078125
  1.57442	0.0546875
  1.57451	0.0546875
  1.5746	0.0546875
  1.57469	0.0546875
  1.57478	0.046875
  1.57488	0.0546875
  1.57497	0.078125
  1.57506	0.0703125
  1.57515	0.0625
  1.57524	0.0625
  1.57533	0.0625
  1.57542	0.046875
  1.57551	0.0390625
  1.5756	0.0390625
  1.57569	0.0546875
  1.57578	0.0546875
  1.57587	0.0703125
  1.57596	0.0625
  1.57605	0.0546875
  1.57615	0.0703125
  1.57624	0.0703125
  1.57633	0.0703125
  1.57642	0.0625
  1.57651	0.03125
  1.5766	0.0078125
  1.57669	0.0234375
  1.57678	0.046875
  1.57687	0.046875
  1.57696	0.046875
  1.57705	0.015625
  1.57714	0.0078125
  1.57723	0
  1.57732	0
  1.57742	-0.0234375
  1.57751	-0.0234375
  1.5776	-0.0078125
  1.57769	0.0078125
  1.57778	0.0234375
  1.57787	0.03125
  1.57796	0.046875
  1.57805	0.046875
  1.57814	0.046875
  1.57823	0.0390625
  1.57832	0.03125
  1.57841	0.03125
  1.5785	0.0546875
  1.57859	0.0546875
  1.57868	0.0625
  1.57878	0.046875
  1.57887	0.03125
  1.57896	0.0390625
  1.57905	0.0390625
  1.57914	0.0234375
  1.57923	0.0078125
  1.57932	0.03125
  1.57941	0.0625
  1.5795	0.0703125
  1.57959	0.03125
  1.57968	0.03125
  1.57977	0.046875
  1.57986	0.03125
  1.57995	0.03125
  1.58005	0.0390625
  1.58014	0.0234375
  1.58023	0.015625
  1.58032	0
  1.58041	-0.015625
  1.5805	-0.0078125
  1.58059	-0.0078125
  1.58068	0.0078125
  1.58077	0.015625
  1.58086	0
  1.58095	-0.0078125
  1.58104	-0.015625
  1.58113	-0.0234375
  1.58122	-0.0234375
  1.58132	-0.0234375
  1.58141	-0.03125
  1.5815	-0.0390625
  1.58159	-0.0390625
  1.58168	-0.046875
  1.58177	-0.0625
  1.58186	-0.0625
  1.58195	-0.0390625
  1.58204	-0.03125
  1.58213	-0.0234375
  1.58222	-0.03125
  1.58231	-0.0546875
  1.5824	-0.078125
  1.58249	-0.0703125
  1.58258	-0.0390625
  1.58268	-0.0234375
  1.58277	-0.015625
  1.58286	-0.0078125
  1.58295	-0.0078125
  1.58304	0.015625
  1.58313	0.015625
  1.58322	-0.03125
  1.58331	-0.0390625
  1.5834	-0.0234375
  1.58349	0.0078125
  1.58358	0.0234375
  1.58367	-0.0078125
  1.58376	-0.015625
  1.58385	0.0078125
  1.58395	0.015625
  1.58404	0.0234375
  1.58413	0.0234375
  1.58422	0.03125
  1.58431	0.0078125
  1.5844	-0.0234375
  1.58449	-0.015625
  1.58458	-0.015625
  1.58467	-0.0078125
  1.58476	0
  1.58485	0
  1.58494	0.015625
  1.58503	0.0078125
  1.58512	0.0078125
  1.58522	0.0234375
  1.58531	0.046875
  1.5854	0.0625
  1.58549	0.0625
  1.58558	0.046875
  1.58567	0.03125
  1.58576	0.0234375
  1.58585	0.03125
  1.58594	0.0234375
  1.58603	0.0234375
  1.58612	0.0078125
  1.58621	0.0078125
  1.5863	0.0625
  1.58639	0.0703125
  1.58649	0.046875
  1.58658	0.0390625
  1.58667	0.03125
  1.58676	0.0390625
  1.58685	0.03125
  1.58694	0.015625
  1.58703	0.03125
  1.58712	0.0234375
  1.58721	0.0078125
  1.5873	0
  1.58739	0
  1.58748	0.046875
  1.58757	0.0546875
  1.58766	0.03125
  1.58776	0.03125
  1.58785	0.0234375
  1.58794	0.0078125
  1.58803	-0.0078125
  1.58812	-0.015625
  1.58821	0.03125
  1.5883	0.0703125
  1.58839	0.0703125
  1.58848	0.0625
  1.58857	0.046875
  1.58866	0.03125
  1.58875	0.03125
  1.58884	0.0546875
  1.58893	0.0703125
  1.58902	0.0703125
  1.58912	0.0703125
  1.58921	0.0625
  1.5893	0.0390625
  1.58939	0.0234375
  1.58948	0.0078125
  1.58957	0.0234375
  1.58966	0.0390625
  1.58975	0.0625
  1.58984	0.0546875
  1.58993	0.046875
  1.59002	0.03125
  1.59011	0.015625
  1.5902	0.015625
  1.59029	0.015625
  1.59039	0.03125
  1.59048	0.046875
  1.59057	0.03125
  1.59066	0.015625
  1.59075	0.0234375
  1.59084	0.0234375
  1.59093	0.0390625
  1.59102	0.046875
  1.59111	0.0390625
  1.5912	0.03125
  1.59129	0.03125
  1.59138	0.015625
  1.59147	-0.0078125
  1.59156	-0.0078125
  1.59166	0.0078125
  1.59175	0.0234375
  1.59184	0.0390625
  1.59193	0.046875
  1.59202	0.0390625
  1.59211	0.0390625
  1.5922	0.0234375
  1.59229	0.0078125
  1.59238	0.015625
  1.59247	0.046875
  1.59256	0.0703125
  1.59265	0.0625
  1.59274	0.0390625
  1.59283	0.015625
  1.59293	0
  1.59302	0.0078125
  1.59311	0.03125
  1.5932	0.03125
  1.59329	0.03125
  1.59338	0.0390625
  1.59347	0.0390625
  1.59356	0.015625
  1.59365	0.0234375
  1.59374	0.0546875
  1.59383	0.0625
  1.59392	0.0546875
  1.59401	0.03125
  1.5941	-0.0078125
  1.5942	-0.0078125
  1.59429	0
  1.59438	0
  1.59447	0.0234375
  1.59456	0.0390625
  1.59465	0.03125
  1.59474	0.0234375
  1.59483	0.0078125
  1.59492	-0.015625
  1.59501	0
  1.5951	0.0234375
  1.59519	0.03125
  1.59528	0.015625
  1.59537	0
  1.59546	-0.0234375
  1.59556	-0.046875
  1.59565	-0.0390625
  1.59574	-0.015625
  1.59583	0.0078125
  1.59592	0
  1.59601	-0.0078125
  1.5961	-0.046875
  1.59619	-0.078125
  1.59628	-0.0703125
  1.59637	-0.0546875
  1.59646	-0.0390625
  1.59655	0
  1.59664	0.0078125
  1.59673	-0.015625
  1.59683	0
  1.59692	0
  1.59701	0
  1.5971	0.0390625
  1.59719	0.046875
  1.59728	0.0234375
  1.59737	0
  1.59746	-0.0078125
  1.59755	-0.0234375
  1.59764	-0.0078125
  1.59773	0
  1.59782	-0.015625
  1.59791	-0.015625
  1.598	0
  1.5981	0.0078125
  1.59819	0.03125
  1.59828	0.0078125
  1.59837	0
  1.59846	0
  1.59855	-0.015625
  1.59864	0.0078125
  1.59873	0.0234375
  1.59882	0.0078125
  1.59891	0.0234375
  1.599	0.015625
  1.59909	0.015625
  1.59918	0.0234375
  1.59927	0.015625
  1.59937	0.03125
  1.59946	0.0390625
  1.59955	0.0390625
  1.59964	0.046875
  1.59973	0.046875
  1.59982	0.0859375
  1.59991	0.117188
  1.6	0.0859375
  1.60009	0.0703125
  1.60018	0.0234375
  1.60027	0
  1.60036	0
  1.60045	0.015625
  1.60054	0.0390625
  1.60063	0.03125
  1.60073	0.0390625
  1.60082	0.0390625
  1.60091	0.0546875
  1.601	0.0546875
  1.60109	0.03125
  1.60118	0.03125
  1.60127	0
  1.60136	-0.0078125
  1.60145	0.0078125
  1.60154	0.0234375
  1.60163	0.03125
  1.60172	0.0390625
  1.60181	0.0234375
  1.6019	0.0234375
  1.602	0.0234375
  1.60209	-0.0078125
  1.60218	-0.015625
  1.60227	0.0078125
  1.60236	0.0078125
  1.60245	0
  1.60254	0.015625
  1.60263	0.015625
  1.60272	0.046875
  1.60281	0.0703125
  1.6029	0.0390625
  1.60299	0.0390625
  1.60308	0.046875
  1.60317	0.0546875
  1.60327	0.078125
  1.60336	0.109375
  1.60345	0.09375
  1.60354	0.078125
  1.60363	0.0703125
  1.60372	0.0546875
  1.60381	0.046875
  1.6039	0.0625
  1.60399	0.0703125
  1.60408	0.0625
  1.60417	0.0703125
  1.60426	0.0625
  1.60435	0.0546875
  1.60444	0.0546875
  1.60454	0.046875
  1.60463	0.0390625
  1.60472	0.0390625
  1.60481	0.03125
  1.6049	0.015625
  1.60499	0.0078125
  1.60508	0
  1.60517	0.0078125
  1.60526	0
  1.60535	-0.015625
  1.60544	-0.0234375
  1.60553	0.0078125
  1.60562	0.0078125
  1.60571	0.0078125
  1.6058	-0.015625
  1.6059	-0.0546875
  1.60599	-0.0703125
  1.60608	-0.0625
  1.60617	-0.046875
  1.60626	-0.0390625
  1.60635	-0.03125
  1.60644	-0.015625
  1.60653	0.0078125
  1.60662	0.015625
  1.60671	0
  1.6068	-0.0078125
  1.60689	0
  1.60698	0
  1.60707	0.0078125
  1.60717	0
  1.60726	-0.03125
  1.60735	-0.0234375
  1.60744	-0.03125
  1.60753	-0.0390625
  1.60762	-0.03125
  1.60771	-0.015625
  1.6078	-0.0078125
  1.60789	-0.0078125
  1.60798	-0.0078125
  1.60807	-0.0078125
  1.60816	0.015625
  1.60825	0.015625
  1.60834	0.03125
  1.60844	0.03125
  1.60853	0.0234375
  1.60862	0.0078125
  1.60871	0.015625
  1.6088	0
  1.60889	0
  1.60898	0.015625
  1.60907	0.0078125
  1.60916	0.0078125
  1.60925	0.0078125
  1.60934	0.0078125
  1.60943	0.015625
  1.60952	0.03125
  1.60961	0.0234375
  1.60971	0.0078125
  1.6098	0
  1.60989	-0.0078125
  1.60998	-0.015625
  1.61007	-0.0234375
  1.61016	-0.0234375
  1.61025	-0.0078125
  1.61034	0.015625
  1.61043	0.0234375
  1.61052	0.0234375
  1.61061	0.0234375
  1.6107	0.0234375
  1.61079	0.046875
  1.61088	0.046875
  1.61098	0.0390625
  1.61107	0.0546875
  1.61116	0.0546875
  1.61125	0.0625
  1.61134	0.03125
  1.61143	0.0078125
  1.61152	0.0078125
  1.61161	0
  1.6117	0.015625
  1.61179	0.03125
  1.61188	0.03125
  1.61197	0.03125
  1.61206	0.0234375
  1.61215	0.03125
  1.61224	0.046875
  1.61234	0.0546875
  1.61243	0.0703125
  1.61252	0.0625
  1.61261	0.078125
  1.6127	0.09375
  1.61279	0.09375
  1.61288	0.101562
  1.61297	0.078125
  1.61306	0.0546875
  1.61315	0.0546875
  1.61324	0.0625
  1.61333	0.0546875
  1.61342	0.0703125
  1.61351	0.078125
  1.61361	0.0703125
  1.6137	0.078125
  1.61379	0.078125
  1.61388	0.0546875
  1.61397	0.0390625
  1.61406	0.03125
  1.61415	0.0390625
  1.61424	0.046875
  1.61433	0.0234375
  1.61442	0.0078125
  1.61451	0.03125
  1.6146	0.0234375
  1.61469	0.03125
  1.61478	0.046875
  1.61488	0.046875
  1.61497	0.0546875
  1.61506	0.0546875
  1.61515	0.0234375
  1.61524	0.0234375
  1.61533	0.0234375
  1.61542	0.0234375
  1.61551	0.0390625
  1.6156	0.03125
  1.61569	0.0390625
  1.61578	0.03125
  1.61587	0.0234375
  1.61596	0.0390625
  1.61605	0.046875
  1.61615	0.03125
  1.61624	0.046875
  1.61633	0.03125
  1.61642	0.0234375
  1.61651	0.0390625
  1.6166	0.03125
  1.61669	0.0390625
  1.61678	0.0390625
  1.61687	0.0234375
  1.61696	0.015625
  1.61705	0.0234375
  1.61714	0.015625
  1.61723	0.0078125
  1.61732	-0.0078125
  1.61742	-0.03125
  1.61751	-0.046875
  1.6176	-0.0546875
  1.61769	-0.0546875
  1.61778	-0.0546875
  1.61787	-0.0546875
  1.61796	-0.0625
  1.61805	-0.0625
  1.61814	-0.078125
  1.61823	-0.0859375
  1.61832	-0.0703125
  1.61841	-0.0546875
  1.6185	-0.0546875
  1.61859	-0.0703125
  1.61868	-0.078125
  1.61878	-0.0703125
  1.61887	-0.0625
  1.61896	-0.046875
  1.61905	-0.015625
  1.61914	-0.0234375
  1.61923	-0.0078125
  1.61932	0.0078125
  1.61941	0
  1.6195	0.0078125
  1.61959	0.0078125
  1.61968	0
  1.61977	0
  1.61986	0.0078125
  1.61995	0
  1.62005	0
  1.62014	0.0234375
  1.62023	0.0234375
  1.62032	0.0234375
  1.62041	0.0234375
  1.6205	0.015625
  1.62059	0.015625
  1.62068	0.0234375
  1.62077	0.0390625
  1.62086	0.046875
  1.62095	0.046875
  1.62104	0.0390625
  1.62113	0.0390625
  1.62122	0.046875
  1.62132	0.0546875
  1.62141	0.046875
  1.6215	0.046875
  1.62159	0.046875
  1.62168	0.046875
  1.62177	0.0625
  1.62186	0.0703125
  1.62195	0.0703125
  1.62204	0.046875
  1.62213	0.0390625
  1.62222	0.046875
  1.62231	0.0390625
  1.6224	0.0625
  1.62249	0.0625
  1.62258	0.0703125
  1.62268	0.0625
  1.62277	0.0546875
  1.62286	0.0625
  1.62295	0.0390625
  1.62304	0.03125
  1.62313	0.0234375
  1.62322	0.03125
  1.62331	0.0625
  1.6234	0.078125
  1.62349	0.0859375
  1.62358	0.078125
  1.62367	0.0625
  1.62376	0.03125
  1.62385	0.0234375
  1.62395	0.03125
  1.62404	0.03125
  1.62413	0.03125
  1.62422	0.03125
  1.62431	0.0234375
  1.6244	0.0234375
  1.62449	0.0390625
  1.62458	0.03125
  1.62467	0.0390625
  1.62476	0.0546875
  1.62485	0.046875
  1.62494	0.0390625
  1.62503	0.0234375
  1.62512	0.0078125
  1.62522	0.0078125
  1.62531	0.015625
  1.6254	0.015625
  1.62549	0
  1.62558	0.0234375
  1.62567	0.046875
  1.62576	0.03125
  1.62585	0.0078125
  1.62594	0
  1.62603	0.0078125
  1.62612	0.015625
  1.62621	0
  1.6263	-0.0078125
  1.62639	-0.015625
  1.62649	-0.0234375
  1.62658	-0.0078125
  1.62667	0.03125
  1.62676	0.0234375
  1.62685	0.0234375
  1.62694	0.0234375
  1.62703	0.03125
  1.62712	0.0234375
  1.62721	0.015625
  1.6273	0.015625
  1.62739	0.0234375
  1.62748	0.0390625
  1.62757	0.03125
  1.62766	0
  1.62776	-0.015625
  1.62785	-0.015625
  1.62794	-0.015625
  1.62803	-0.0078125
  1.62812	0.0078125
  1.62821	0.015625
  1.6283	0.015625
  1.62839	0.015625
  1.62848	0.0234375
  1.62857	0.015625
  1.62866	0.0234375
  1.62875	0.0390625
  1.62884	0.0234375
  1.62893	0.015625
  1.62902	0
  1.62912	-0.0234375
  1.62921	-0.0234375
  1.6293	-0.0234375
  1.62939	-0.03125
  1.62948	-0.015625
  1.62957	0
  1.62966	-0.0078125
  1.62975	-0.0234375
  1.62984	-0.03125
  1.62993	-0.0390625
  1.63002	-0.0390625
  1.63011	-0.0078125
  1.6302	-0.0078125
  1.63029	-0.0078125
  1.63039	-0.0078125
  1.63048	-0.0078125
  1.63057	-0.015625
  1.63066	-0.0078125
  1.63075	0.0234375
  1.63084	0.03125
  1.63093	0.015625
  1.63102	0
  1.63111	0
  1.6312	0.0078125
  1.63129	0.015625
  1.63138	0.015625
  1.63147	0.0234375
  1.63156	0.015625
  1.63166	0.03125
  1.63175	0.046875
  1.63184	0.0390625
  1.63193	0.0390625
  1.63202	0.0390625
  1.63211	0.046875
  1.6322	0.0703125
  1.63229	0.0703125
  1.63238	0.0703125
  1.63247	0.078125
  1.63256	0.09375
  1.63265	0.09375
  1.63274	0.0859375
  1.63283	0.078125
  1.63293	0.0625
  1.63302	0.0625
  1.63311	0.0625
  1.6332	0.0703125
  1.63329	0.09375
  1.63338	0.09375
  1.63347	0.101562
  1.63356	0.101562
  1.63365	0.0859375
  1.63374	0.0703125
  1.63383	0.046875
  1.63392	0.0546875
  1.63401	0.0546875
  1.6341	0.0625
  1.6342	0.0859375
  1.63429	0.0859375
  1.63438	0.0859375
  1.63447	0.0625
  1.63456	0.0546875
  1.63465	0.0390625
  1.63474	0.015625
  1.63483	-0.0078125
  1.63492	0
  1.63501	0.0234375
  1.6351	0.0234375
  1.63519	0.0390625
  1.63528	0.046875
  1.63537	0.0390625
  1.63546	0.03125
  1.63556	0.0234375
  1.63565	0
  1.63574	-0.015625
  1.63583	0
  1.63592	0.015625
  1.63601	0.015625
  1.6361	-0.0078125
  1.63619	-0.0078125
  1.63628	0
  1.63637	0.0234375
  1.63646	0.0078125
  1.63655	-0.0078125
  1.63664	-0.0078125
  1.63673	0.0078125
  1.63683	0.0234375
  1.63692	0.03125
  1.63701	0.0234375
  1.6371	0.015625
  1.63719	0.0078125
  1.63728	0.0078125
  1.63737	0.03125
  1.63746	0.0234375
  1.63755	0
  1.63764	-0.015625
  1.63773	-0.0234375
  1.63782	-0.0078125
  1.63791	0.0078125
  1.638	0.0078125
  1.6381	0.0078125
  1.63819	-0.0078125
  1.63828	-0.0234375
  1.63837	-0.0078125
  1.63846	0
  1.63855	0.03125
  1.63864	0.015625
  1.63873	0.0078125
  1.63882	0.0078125
  1.63891	-0.015625
  1.639	-0.015625
  1.63909	-0.0390625
  1.63918	-0.046875
  1.63927	-0.0546875
  1.63937	-0.0546875
  1.63946	-0.0546875
  1.63955	-0.046875
  1.63964	-0.0234375
  1.63973	-0.0078125
  1.63982	0.0078125
  1.63991	0
  1.64	-0.0234375
  1.64009	-0.0390625
  1.64018	-0.0234375
  1.64027	-0.0390625
  1.64036	-0.046875
  1.64045	-0.0546875
  1.64054	-0.0625
  1.64063	-0.0546875
  1.64073	-0.03125
  1.64082	-0.03125
  1.64091	-0.03125
  1.641	-0.03125
  1.64109	-0.0390625
  1.64118	-0.0390625
  1.64127	-0.046875
  1.64136	-0.0390625
  1.64145	-0.0234375
  1.64154	-0.0390625
  1.64163	-0.0234375
  1.64172	-0.0234375
  1.64181	-0.03125
  1.6419	-0.03125
  1.642	-0.015625
  1.64209	-0.0078125
  1.64218	-0.0078125
  1.64227	0.0078125
  1.64236	0.0078125
  1.64245	0.015625
  1.64254	0.03125
  1.64263	0.0390625
  1.64272	0.0234375
  1.64281	0
  1.6429	-0.015625
  1.64299	-0.03125
  1.64308	-0.03125
  1.64317	0
  1.64327	0
  1.64336	0.0078125
  1.64345	0.0390625
  1.64354	0.0546875
  1.64363	0.0703125
  1.64372	0.0859375
  1.64381	0.078125
  1.6439	0.078125
  1.64399	0.109375
  1.64408	0.140625
  1.64417	0.140625
  1.64426	0.132812
  1.64435	0.125
  1.64444	0.09375
  1.64454	0.0859375
  1.64463	0.0859375
  1.64472	0.0859375
  1.64481	0.101562
  1.6449	0.101562
  1.64499	0.109375
  1.64508	0.109375
  1.64517	0.09375
  1.64526	0.0859375
  1.64535	0.09375
  1.64544	0.101562
  1.64553	0.109375
  1.64562	0.101562
  1.64571	0.101562
  1.6458	0.109375
  1.6459	0.117188
  1.64599	0.109375
  1.64608	0.109375
  1.64617	0.101562
  1.64626	0.078125
  1.64635	0.0859375
  1.64644	0.101562
  1.64653	0.0859375
  1.64662	0.078125
  1.64671	0.078125
  1.6468	0.0546875
  1.64689	0.046875
  1.64698	0.046875
  1.64707	0.046875
  1.64717	0.0546875
  1.64726	0.046875
  1.64735	0.046875
  1.64744	0.0390625
  1.64753	0.0390625
  1.64762	0.0234375
  1.64771	0.03125
  1.6478	0.0390625
  1.64789	0.0390625
  1.64798	0.046875
  1.64807	0.046875
  1.64816	0.03125
  1.64825	0.015625
  1.64834	0.0078125
  1.64844	-0.0078125
  1.64853	-0.0078125
  1.64862	0
  1.64871	-0.0078125
  1.6488	-0.015625
  1.64889	-0.0234375
  1.64898	-0.03125
  1.64907	0
  1.64916	0.0234375
  1.64925	0.03125
  1.64934	0.0390625
  1.64943	0.0390625
  1.64952	0.0390625
  1.64961	0.0234375
  1.64971	0.0078125
  1.6498	0.0078125
  1.64989	0
  1.64998	-0.015625
  1.65007	-0.0234375
  1.65016	-0.0234375
  1.65025	-0.015625
  1.65034	-0.0234375
  1.65043	-0.03125
  1.65052	-0.03125
  1.65061	-0.015625
  1.6507	-0.0234375
  1.65079	-0.03125
  1.65088	-0.015625
  1.65098	-0.0078125
  1.65107	-0.0234375
  1.65116	-0.015625
  1.65125	-0.015625
  1.65134	-0.03125
  1.65143	-0.03125
  1.65152	-0.0390625
  1.65161	-0.046875
  1.6517	-0.0625
  1.65179	-0.0625
  1.65188	-0.078125
  1.65197	-0.0859375
  1.65206	-0.078125
  1.65215	-0.078125
  1.65224	-0.046875
  1.65234	-0.046875
  1.65243	-0.0625
  1.65252	-0.0625
  1.65261	-0.0703125
  1.6527	-0.0546875
  1.65279	-0.0546875
  1.65288	-0.046875
  1.65297	-0.046875
  1.65306	-0.046875
  1.65315	-0.046875
  1.65324	-0.0625
  1.65333	-0.078125
  1.65342	-0.0859375
  1.65351	-0.0703125
  1.65361	-0.0390625
  1.6537	-0.0390625
  1.65379	-0.03125
  1.65388	-0.0078125
  1.65397	0
  1.65406	0.0234375
  1.65415	0.015625
  1.65424	-0.015625
  1.65433	-0.0078125
  1.65442	0
  1.65451	-0.0234375
  1.6546	-0.015625
  1.65469	0.015625
  1.65478	0.0546875
  1.65488	0.0546875
  1.65497	0.0390625
  1.65506	0.0234375
  1.65515	0.03125
  1.65524	0.0390625
  1.65533	0.0390625
  1.65542	0.0546875
  1.65551	0.0546875
  1.6556	0.0546875
  1.65569	0.078125
  1.65578	0.078125
  1.65587	0.0859375
  1.65596	0.09375
  1.65605	0.09375
  1.65615	0.101562
  1.65624	0.101562
  1.65633	0.101562
  1.65642	0.09375
  1.65651	0.101562
  1.6566	0.101562
  1.65669	0.0859375
  1.65678	0.0859375
  1.65687	0.101562
  1.65696	0.132812
  1.65705	0.125
  1.65714	0.125
  1.65723	0.101562
  1.65732	0.09375
  1.65742	0.09375
  1.65751	0.0859375
  1.6576	0.078125
  1.65769	0.0859375
  1.65778	0.078125
  1.65787	0.0859375
  1.65796	0.101562
  1.65805	0.078125
  1.65814	0.078125
  1.65823	0.0859375
  1.65832	0.0703125
  1.65841	0.0625
  1.6585	0.0390625
  1.65859	0.0546875
  1.65868	0.0625
  1.65878	0.0390625
  1.65887	0.046875
  1.65896	0.03125
  1.65905	0.03125
  1.65914	0.046875
  1.65923	0.046875
  1.65932	0.0546875
  1.65941	0.046875
  1.6595	0.03125
  1.65959	0.03125
  1.65968	0.015625
  1.65977	-0.0078125
  1.65986	-0.0078125
  1.65995	-0.0234375
  1.66005	-0.015625
  1.66014	-0.0078125
  1.66023	0.0078125
  1.66032	0.0078125
  1.66041	0.0390625
  1.6605	0.0546875
  1.66059	0.046875
  1.66068	0.046875
  1.66077	0.0546875
  1.66086	0.0703125
  1.66095	0.0703125
  1.66104	0.0703125
  1.66113	0.0625
  1.66122	0.0546875
  1.66132	0.046875
  1.66141	0.0234375
  1.6615	0.03125
  1.66159	0.03125
  1.66168	0.015625
  1.66177	0.0234375
  1.66186	0.0390625
  1.66195	0.046875
  1.66204	0.0390625
  1.66213	0.03125
  1.66222	0.015625
  1.66231	0.0078125
  1.6624	0.0078125
  1.66249	0.015625
  1.66258	0.015625
  1.66268	0.0234375
  1.66277	0.015625
  1.66286	-0.0078125
  1.66295	-0.0390625
  1.66304	-0.0625
  1.66313	-0.0703125
  1.66322	-0.0625
  1.66331	-0.046875
  1.6634	-0.0390625
  1.66349	-0.0546875
  1.66358	-0.078125
  1.66367	-0.0703125
  1.66376	-0.03125
  1.66385	-0.0234375
  1.66395	-0.03125
  1.66404	-0.03125
  1.66413	-0.0390625
  1.66422	-0.0390625
  1.66431	-0.03125
  1.6644	-0.015625
  1.66449	-0.015625
  1.66458	-0.0234375
  1.66467	-0.015625
  1.66476	-0.0390625
  1.66485	-0.046875
  1.66494	-0.046875
  1.66503	-0.046875
  1.66512	-0.0390625
  1.66522	-0.0390625
  1.66531	-0.046875
  1.6654	-0.0390625
  1.66549	-0.03125
  1.66558	-0.015625
  1.66567	0.015625
  1.66576	0.03125
  1.66585	0.0390625
  1.66594	0.0390625
  1.66603	0.0390625
  1.66612	0.046875
  1.66621	0.046875
  1.6663	0.0390625
  1.66639	0.03125
  1.66649	0.0234375
  1.66658	0.015625
  1.66667	0.015625
  1.66676	0.0234375
  1.66685	0.0234375
  1.66694	0.03125
  1.66703	0.0390625
  1.66712	0.0390625
  1.66721	0.03125
  1.6673	0.03125
  1.66739	0.03125
  1.66748	0.046875
  1.66757	0.0546875
  1.66766	0.0546875
  1.66776	0.0546875
  1.66785	0.046875
  1.66794	0.046875
  1.66803	0.046875
  1.66812	0.0625
  1.66821	0.0546875
  1.6683	0.0546875
  1.66839	0.0625
  1.66848	0.078125
  1.66857	0.0703125
  1.66866	0.0234375
  1.66875	0.015625
  1.66884	0.0078125
  1.66893	0.015625
  1.66902	0.03125
  1.66912	0.03125
  1.66921	0.0390625
  1.6693	0.0390625
  1.66939	0.046875
  1.66948	0.0625
  1.66957	0.0546875
  1.66966	0.046875
  1.66975	0.03125
  1.66984	0.015625
  1.66993	0.0234375
  1.67002	0.0234375
  1.67011	0.0234375
  1.6702	0.03125
  1.67029	0.0234375
  1.67039	0.03125
  1.67048	0.0546875
  1.67057	0.0703125
  1.67066	0.0859375
  1.67075	0.078125
  1.67084	0.0703125
  1.67093	0.078125
  1.67102	0.0625
  1.67111	0.0546875
  1.6712	0.0390625
  1.67129	0.046875
  1.67138	0.0703125
  1.67147	0.0546875
  1.67156	0.0390625
  1.67166	0.015625
  1.67175	0.0234375
  1.67184	0.046875
  1.67193	0.0625
  1.67202	0.0703125
  1.67211	0.0546875
  1.6722	0.046875
  1.67229	0.0703125
  1.67238	0.0859375
  1.67247	0.078125
  1.67256	0.0546875
  1.67265	0.046875
  1.67274	0.0546875
  1.67283	0.0546875
  1.67293	0.0546875
  1.67302	0.0390625
  1.67311	0.0390625
  1.6732	0.0703125
  1.67329	0.0703125
  1.67338	0.0625
  1.67347	0.0390625
  1.67356	0.015625
  1.67365	0.015625
  1.67374	0.0234375
  1.67383	0.015625
  1.67392	0.0078125
  1.67401	0.015625
  1.6741	0
  1.6742	-0.0078125
  1.67429	0.015625
  1.67438	0.0234375
  1.67447	0.0078125
  1.67456	-0.0078125
  1.67465	-0.0390625
  1.67474	-0.0234375
  1.67483	0
  1.67492	0
  1.67501	0
  1.6751	0.015625
  1.67519	0.03125
  1.67528	0.0390625
  1.67537	0.0234375
  1.67546	0.015625
  1.67556	0.0234375
  1.67565	0.0234375
  1.67574	0.0390625
  1.67583	0.03125
  1.67592	0
  1.67601	-0.03125
  1.6761	-0.03125
  1.67619	-0.0234375
  1.67628	-0.0234375
  1.67637	-0.0390625
  1.67646	-0.0703125
  1.67655	-0.0546875
  1.67664	-0.046875
  1.67673	-0.0390625
  1.67683	-0.015625
  1.67692	-0.0078125
  1.67701	-0.015625
  1.6771	-0.0234375
  1.67719	-0.03125
  1.67728	-0.0546875
  1.67737	-0.0546875
  1.67746	-0.046875
  1.67755	-0.03125
  1.67764	0
  1.67773	0.0078125
  1.67782	0.0078125
  1.67791	0.015625
  1.678	0.015625
  1.6781	0.015625
  1.67819	0.015625
  1.67828	0.015625
  1.67837	0.0078125
  1.67846	-0.0078125
  1.67855	-0.015625
  1.67864	0.0234375
  1.67873	0.0234375
  1.67882	0.0078125
  1.67891	-0.0078125
  1.679	0
  1.67909	0.0078125
  1.67918	0.015625
  1.67927	0.015625
  1.67937	0.0078125
  1.67946	-0.0078125
  1.67955	-0.0234375
  1.67964	-0.0078125
  1.67973	0
  1.67982	-0.015625
  1.67991	-0.015625
  1.68	0.015625
  1.68009	0.0234375
  1.68018	0.015625
  1.68027	0.015625
  1.68036	0.0390625
  1.68045	0.0625
  1.68054	0.078125
  1.68063	0.078125
  1.68073	0.0625
  1.68082	0.0546875
  1.68091	0.046875
  1.681	0.046875
  1.68109	0.03125
  1.68118	0.0078125
  1.68127	-0.0078125
  1.68136	0
  1.68145	0.0234375
  1.68154	0.0234375
  1.68163	0.03125
  1.68172	0.03125
  1.68181	0.0390625
  1.6819	0.0703125
  1.682	0.0859375
  1.68209	0.0859375
  1.68218	0.0546875
  1.68227	0.0390625
  1.68236	0.0625
  1.68245	0.0625
  1.68254	0.0625
  1.68263	0.046875
  1.68272	0.03125
  1.68281	0.0546875
  1.6829	0.0546875
  1.68299	0.0546875
  1.68308	0.0625
  1.68317	0.0546875
  1.68327	0.0703125
  1.68336	0.0703125
  1.68345	0.09375
  1.68354	0.109375
  1.68363	0.078125
  1.68372	0.0625
  1.68381	0.0546875
  1.6839	0.046875
  1.68399	0.03125
  1.68408	0.03125
  1.68417	0.0703125
  1.68426	0.101562
  1.68435	0.101562
  1.68444	0.109375
  1.68454	0.0703125
  1.68463	0.0390625
  1.68472	0.046875
  1.68481	0.0390625
  1.6849	0.03125
  1.68499	0.015625
  1.68508	0.0234375
  1.68517	0.03125
  1.68526	0.03125
  1.68535	0.046875
  1.68544	0.0390625
  1.68553	0.03125
  1.68562	0.015625
  1.68571	0.0078125
  1.6858	0
  1.6859	-0.0078125
  1.68599	-0.0078125
  1.68608	0.015625
  1.68617	0.03125
  1.68626	0.03125
  1.68635	0.0078125
  1.68644	-0.0078125
  1.68653	-0.0078125
  1.68662	0
  1.68671	0.015625
  1.6868	0.0234375
  1.68689	0.0234375
  1.68698	0.0078125
  1.68707	0
  1.68717	-0.0234375
  1.68726	-0.0234375
  1.68735	-0.03125
  1.68744	-0.03125
  1.68753	-0.0234375
  1.68762	0
  1.68771	0.015625
  1.6878	0.0234375
  1.68789	0.0234375
  1.68798	0.0234375
  1.68807	0.0234375
  1.68816	0.03125
  1.68825	0.046875
  1.68834	0.0390625
  1.68844	0.015625
  1.68853	-0.0078125
  1.68862	0
  1.68871	0.015625
  1.6888	0.015625
  1.68889	0.015625
  1.68898	0.015625
  1.68907	0.0078125
  1.68916	0
  1.68925	0.0078125
  1.68934	0.0234375
  1.68943	0.015625
  1.68952	0.0078125
  1.68961	0.015625
  1.68971	-0.0078125
  1.6898	-0.0234375
  1.68989	-0.0234375
  1.68998	-0.03125
  1.69007	-0.0390625
  1.69016	-0.046875
  1.69025	-0.03125
  1.69034	-0.03125
  1.69043	-0.0390625
  1.69052	-0.0234375
  1.69061	0
  1.6907	0.0234375
  1.69079	0.0390625
  1.69088	0.0390625
  1.69098	0.015625
  1.69107	-0.0078125
  1.69116	-0.0078125
  1.69125	-0.0078125
  1.69134	0
  1.69143	0
  1.69152	0
  1.69161	-0.0234375
  1.6917	-0.0078125
  1.69179	0.0078125
  1.69188	0.0078125
  1.69197	0.015625
  1.69206	0.03125
  1.69215	0.0390625
  1.69224	0.0390625
  1.69234	0.03125
  1.69243	0.0234375
  1.69252	0.015625
  1.69261	0.0234375
  1.6927	0.0390625
  1.69279	0.0546875
  1.69288	0.0390625
  1.69297	0.03125
  1.69306	0.03125
  1.69315	0.046875
  1.69324	0.0625
  1.69333	0.046875
  1.69342	0.046875
  1.69351	0.0546875
  1.69361	0.0625
  1.6937	0.0703125
  1.69379	0.0859375
  1.69388	0.0546875
  1.69397	0.0546875
  1.69406	0.0625
  1.69415	0.0703125
  1.69424	0.0625
  1.69433	0.0546875
  1.69442	0.0546875
  1.69451	0.0703125
  1.6946	0.078125
  1.69469	0.0703125
  1.69478	0.0625
  1.69488	0.0625
  1.69497	0.0859375
  1.69506	0.0859375
  1.69515	0.0859375
  1.69524	0.0625
  1.69533	0.0390625
  1.69542	0.046875
  1.69551	0.0625
  1.6956	0.0546875
  1.69569	0.03125
  1.69578	0.03125
  1.69587	0.046875
  1.69596	0.046875
  1.69605	0.046875
  1.69615	0.046875
  1.69624	0.0390625
  1.69633	0.03125
  1.69642	0.03125
  1.69651	0.03125
  1.6966	0.0234375
  1.69669	0.015625
  1.69678	0.0078125
  1.69687	0.0078125
  1.69696	0.015625
  1.69705	-0.0078125
  1.69714	-0.015625
  1.69723	-0.0234375
  1.69732	-0.0546875
  1.69741	-0.0390625
  1.69751	-0.0234375
  1.6976	-0.015625
  1.69769	-0.015625
  1.69778	-0.015625
  1.69787	0
  1.69796	0.015625
  1.69805	0.0078125
  1.69814	-0.0234375
  1.69823	-0.0390625
  1.69832	-0.0234375
  1.69841	0.0078125
  1.6985	0.015625
  1.69859	0
  1.69868	0.015625
  1.69878	0.0078125
  1.69887	0.0078125
  1.69896	0.015625
  1.69905	0.015625
  1.69914	0.0078125
  1.69923	0.0234375
  1.69932	0.0390625
  1.69941	0.0390625
  1.6995	0.03125
  1.69959	0.0390625
  1.69968	0.0625
  1.69977	0.0546875
  1.69986	0.0390625
  1.69995	0.0234375
  1.70005	0.015625
  1.70014	0.0078125
  1.70023	0.0078125
  1.70032	0.0234375
  1.70041	0.03125
  1.7005	0.0234375
  1.70059	0
  1.70068	-0.03125
  1.70077	-0.03125
  1.70086	-0.0234375
  1.70095	-0.0234375
  1.70104	-0.0234375
  1.70113	-0.03125
  1.70122	-0.015625
  1.70132	0.0078125
  1.70141	0
  1.7015	-0.03125
  1.70159	-0.0546875
  1.70168	-0.0546875
  1.70177	-0.03125
  1.70186	-0.03125
  1.70195	-0.0390625
  1.70204	-0.0390625
  1.70213	-0.03125
  1.70222	-0.03125
  1.70231	-0.0234375
  1.7024	-0.015625
  1.70249	-0.0234375
  1.70259	-0.0234375
  1.70268	0
  1.70277	0.015625
  1.70286	0
  1.70295	-0.0078125
  1.70304	-0.0078125
  1.70313	0.0234375
  1.70322	0.0234375
  1.70331	0.0078125
  1.7034	0
  1.70349	0
  1.70358	0.0078125
  1.70367	0.0078125
  1.70376	0
  1.70385	0.015625
  1.70395	0.015625
  1.70404	0.015625
  1.70413	0.015625
  1.70422	0.015625
  1.70431	0.015625
  1.7044	0.0078125
  1.70449	0.015625
  1.70458	0.03125
  1.70467	0.0546875
  1.70476	0.0546875
  1.70485	0.0546875
  1.70494	0.078125
  1.70503	0.09375
  1.70512	0.0859375
  1.70522	0.078125
  1.70531	0.0546875
  1.7054	0.046875
  1.70549	0.0625
  1.70558	0.0625
  1.70567	0.0625
  1.70576	0.0546875
  1.70585	0.0546875
  1.70594	0.0546875
  1.70603	0.0546875
  1.70612	0.0703125
  1.70621	0.101562
  1.7063	0.09375
  1.70639	0.0859375
  1.70649	0.09375
  1.70658	0.0703125
  1.70667	0.0625
  1.70676	0.0546875
  1.70685	0.046875
  1.70694	0.0625
  1.70703	0.0703125
  1.70712	0.0546875
  1.70721	0.046875
  1.7073	0.0625
  1.70739	0.0703125
  1.70748	0.0859375
  1.70757	0.0703125
  1.70766	0.0546875
  1.70776	0.0390625
  1.70785	0.0234375
  1.70794	0.0234375
  1.70803	0.015625
  1.70812	-0.015625
  1.70821	0.0078125
  1.7083	0.015625
  1.70839	0
  1.70848	0.015625
  1.70857	0
  1.70866	0
  1.70875	0.015625
  1.70884	0.0234375
  1.70893	0.03125
  1.70902	0.0390625
  1.70912	0.03125
  1.70921	0.015625
  1.7093	0.03125
  1.70939	0.0546875
  1.70948	0.0703125
  1.70957	0.0625
  1.70966	0.0390625
  1.70975	0.0234375
  1.70984	0.0078125
  1.70993	0.0234375
  1.71002	0.0234375
  1.71011	0.03125
  1.7102	0.015625
  1.71029	-0.0078125
  1.71039	-0.0234375
  1.71048	-0.03125
  1.71057	-0.015625
  1.71066	-0.0078125
  1.71075	0
  1.71084	0.015625
  1.71093	0.03125
  1.71102	0.03125
  1.71111	0.03125
  1.7112	0.0234375
  1.71129	0.015625
  1.71138	-0.0234375
  1.71147	-0.046875
  1.71156	-0.0390625
  1.71166	-0.03125
  1.71175	-0.015625
  1.71184	-0.015625
  1.71193	-0.0078125
  1.71202	-0.0078125
  1.71211	-0.0234375
  1.7122	-0.0390625
  1.71229	-0.0078125
  1.71238	-0.015625
  1.71247	-0.015625
  1.71256	-0.015625
  1.71265	-0.0078125
  1.71274	0.0078125
  1.71283	0
  1.71293	0.0078125
  1.71302	0
  1.71311	-0.0078125
  1.7132	0.015625
  1.71329	0.015625
  1.71338	0
  1.71347	-0.0078125
  1.71356	-0.0078125
  1.71365	-0.0234375
  1.71374	-0.0390625
  1.71383	-0.0234375
  1.71392	-0.0234375
  1.71401	-0.0390625
  1.7141	-0.03125
  1.71419	-0.03125
  1.71429	-0.0234375
  1.71438	-0.0234375
  1.71447	-0.0234375
  1.71456	-0.0390625
  1.71465	-0.0390625
  1.71474	-0.015625
  1.71483	0
  1.71492	-0.0078125
  1.71501	-0.03125
  1.7151	-0.046875
  1.71519	-0.0625
  1.71528	-0.0546875
  1.71537	-0.0234375
  1.71546	-0.0078125
  1.71556	0
  1.71565	0.015625
  1.71574	0.015625
  1.71583	0
  1.71592	0
  1.71601	0
  1.7161	0
  1.71619	0.015625
  1.71628	0.03125
  1.71637	0.0234375
  1.71646	0.03125
  1.71655	0.0390625
  1.71664	0.046875
  1.71673	0.0625
  1.71683	0.0703125
  1.71692	0.0625
  1.71701	0.078125
  1.7171	0.0859375
  1.71719	0.09375
  1.71728	0.0859375
  1.71737	0.078125
  1.71746	0.078125
  1.71755	0.09375
  1.71764	0.078125
  1.71773	0.0546875
  1.71782	0.03125
  1.71791	0.0234375
  1.718	0.0234375
  1.7181	0.0390625
  1.71819	0.046875
  1.71828	0.03125
  1.71837	0.0234375
  1.71846	0.03125
  1.71855	0.046875
  1.71864	0.0625
  1.71873	0.0625
  1.71882	0.0390625
  1.71891	0.0234375
  1.719	0.046875
  1.71909	0.078125
  1.71918	0.078125
  1.71927	0.0703125
  1.71937	0.046875
  1.71946	0.03125
  1.71955	0.03125
  1.71964	0.0390625
  1.71973	0.03125
  1.71982	0.0234375
  1.71991	0.0234375
  1.72	0.03125
  1.72009	0.015625
  1.72018	0
  1.72027	-0.0078125
  1.72036	-0.03125
  1.72045	-0.0390625
  1.72054	-0.0078125
  1.72063	0.015625
  1.72073	0.015625
  1.72082	0.0234375
  1.72091	0.046875
  1.721	0.03125
  1.72109	0.015625
  1.72118	0.0234375
  1.72127	0.0234375
  1.72136	0.015625
  1.72145	0.015625
  1.72154	0.015625
  1.72163	0.015625
  1.72172	0.015625
  1.72181	0.015625
  1.7219	0.0234375
  1.722	0.015625
  1.72209	0.015625
  1.72218	0.0078125
  1.72227	0.015625
  1.72236	0.0390625
  1.72245	0.0390625
  1.72254	0.015625
  1.72263	0.015625
  1.72272	0.03125
  1.72281	0.015625
  1.7229	0.0234375
  1.72299	0.03125
  1.72308	0.015625
  1.72317	0.0234375
  1.72327	0.03125
  1.72336	0.015625
  1.72345	0.03125
  1.72354	0.0234375
  1.72363	0.0078125
  1.72372	0.0234375
  1.72381	0.015625
  1.7239	-0.0078125
  1.72399	0.015625
  1.72408	0.015625
  1.72417	0.015625
  1.72426	0.03125
  1.72435	0.0390625
  1.72444	0.03125
  1.72454	-0.0078125
  1.72463	-0.015625
  1.72472	0
  1.72481	0
  1.7249	-0.015625
  1.72499	-0.0234375
  1.72508	-0.03125
  1.72517	-0.03125
  1.72526	-0.015625
  1.72535	0.0078125
  1.72544	-0.0078125
  1.72553	-0.0234375
  1.72562	-0.015625
  1.72571	-0.0078125
  1.72581	-0.015625
  1.7259	-0.0234375
  1.72599	-0.03125
  1.72608	-0.015625
  1.72617	-0.0078125
  1.72626	-0.0078125
  1.72635	-0.015625
  1.72644	0
  1.72653	-0.0078125
  1.72662	-0.015625
  1.72671	-0.015625
  1.7268	-0.03125
  1.72689	-0.03125
  1.72698	-0.046875
  1.72707	-0.03125
  1.72717	-0.0234375
  1.72726	-0.015625
  1.72735	-0.0078125
  1.72744	0.0234375
  1.72753	0.0390625
  1.72762	0.0234375
  1.72771	0.0234375
  1.7278	0.0234375
  1.72789	0.0234375
  1.72798	0.015625
  1.72807	0.0390625
  1.72816	0.0703125
  1.72825	0.0390625
  1.72834	0.0390625
  1.72844	0.046875
  1.72853	0.0390625
  1.72862	0.046875
  1.72871	0.0625
  1.7288	0.0390625
  1.72889	0.046875
  1.72898	0.0546875
  1.72907	0.046875
  1.72916	0.046875
  1.72925	0.0703125
  1.72934	0.0859375
  1.72943	0.101562
  1.72952	0.109375
  1.72961	0.0859375
  1.72971	0.0546875
  1.7298	0.0390625
  1.72989	0.0390625
  1.72998	0.0625
  1.73007	0.0703125
  1.73016	0.0546875
  1.73025	0.0625
  1.73034	0.0625
  1.73043	0.0546875
  1.73052	0.0625
  1.73061	0.046875
  1.7307	0.0234375
  1.73079	0.03125
  1.73088	0.046875
  1.73098	0.046875
  1.73107	0.015625
  1.73116	0
  1.73125	0.015625
  1.73134	0.03125
  1.73143	0.03125
  1.73152	0.0234375
  1.73161	0.0234375
  1.7317	0.015625
  1.73179	0.015625
  1.73188	0.0234375
  1.73197	0.0234375
  1.73206	0.0078125
  1.73215	0
  1.73224	0.015625
  1.73234	0.0234375
  1.73243	0.0390625
  1.73252	0.046875
  1.73261	0.0390625
  1.7327	0.0390625
  1.73279	0.0234375
  1.73288	0.0078125
  1.73297	-0.015625
  1.73306	-0.03125
  1.73315	-0.03125
  1.73324	-0.0078125
  1.73333	0.015625
  1.73342	0.0234375
  1.73351	0
  1.73361	0
  1.7337	0.015625
  1.73379	0.0234375
  1.73388	0.0234375
  1.73397	0.0078125
  1.73406	-0.0078125
  1.73415	-0.015625
  1.73424	0.0078125
  1.73433	0.0078125
  1.73442	-0.0078125
  1.73451	-0.0078125
  1.7346	0
  1.73469	0.015625
  1.73478	0.03125
  1.73488	0.015625
  1.73497	0.0078125
  1.73506	0.015625
  1.73515	0.015625
  1.73524	0.015625
  1.73533	0.015625
  1.73542	0.015625
  1.73551	-0.0078125
  1.7356	-0.03125
  1.73569	-0.0234375
  1.73578	-0.0234375
  1.73587	-0.0234375
  1.73596	-0.03125
  1.73605	-0.03125
  1.73615	-0.0234375
  1.73624	-0.0234375
  1.73633	-0.0234375
  1.73642	-0.03125
  1.73651	-0.046875
  1.7366	-0.03125
  1.73669	-0.03125
  1.73678	-0.03125
  1.73687	-0.03125
  1.73696	-0.046875
  1.73705	-0.03125
  1.73714	-0.046875
  1.73723	-0.0703125
  1.73732	-0.0546875
  1.73741	-0.0546875
  1.73751	-0.0234375
  1.7376	0.0078125
  1.73769	0
  1.73778	-0.015625
  1.73787	-0.0234375
  1.73796	-0.0234375
  1.73805	0.0078125
  1.73814	0
  1.73823	-0.015625
  1.73832	0
  1.73841	-0.0078125
  1.7385	0.0078125
  1.73859	0.03125
  1.73868	0.0234375
  1.73878	0.03125
  1.73887	0.0546875
  1.73896	0.078125
  1.73905	0.09375
  1.73914	0.078125
  1.73923	0.0703125
  1.73932	0.0546875
  1.73941	0.0546875
  1.7395	0.078125
  1.73959	0.0703125
  1.73968	0.0625
  1.73977	0.0546875
  1.73986	0.0390625
  1.73995	0.0625
  1.74005	0.0859375
  1.74014	0.078125
  1.74023	0.0625
  1.74032	0.046875
  1.74041	0.046875
  1.7405	0.046875
  1.74059	0.0625
  1.74068	0.0625
  1.74077	0.046875
  1.74086	0.046875
  1.74095	0.0546875
  1.74104	0.03125
  1.74113	0.0234375
  1.74122	0.03125
  1.74132	0.0390625
  1.74141	0.0625
  1.7415	0.0546875
  1.74159	0.015625
  1.74168	0.015625
  1.74177	0.0234375
  1.74186	0.0234375
  1.74195	0.0234375
  1.74204	0.015625
  1.74213	0.0078125
  1.74222	0.0078125
  1.74231	0.0078125
  1.7424	0.03125
  1.74249	0.015625
  1.74259	0
  1.74268	0.0078125
  1.74277	0
  1.74286	0.0078125
  1.74295	0.015625
  1.74304	-0.0078125
  1.74313	-0.0078125
  1.74322	0.015625
  1.74331	0.03125
  1.7434	0.015625
  1.74349	0.015625
  1.74358	0.015625
  1.74367	-0.0078125
  1.74376	0.0078125
  1.74385	0
  1.74395	-0.0078125
  1.74404	0
  1.74413	0.0078125
  1.74422	0.015625
  1.74431	0.0234375
  1.7444	0.0234375
  1.74449	0.0078125
  1.74458	-0.0234375
  1.74467	-0.03125
  1.74476	0.015625
  1.74485	0.046875
  1.74494	0.0546875
  1.74503	0.046875
  1.74512	0.03125
  1.74522	0.0234375
  1.74531	0.03125
  1.7454	0.0234375
  1.74549	0.0078125
  1.74558	0.0078125
  1.74567	0.015625
  1.74576	0.0390625
  1.74585	0.0390625
  1.74594	0.0390625
  1.74603	0.0390625
  1.74612	0.0546875
  1.74621	0.0703125
  1.7463	0.0703125
  1.74639	0.0546875
  1.74649	0.0390625
  1.74658	0.0390625
  1.74667	0.046875
  1.74676	0.0390625
  1.74685	0.0390625
  1.74694	0.0234375
  1.74703	-0.0078125
  1.74712	-0.015625
  1.74721	-0.0234375
  1.7473	-0.0234375
  1.74739	0.0078125
  1.74748	0.015625
  1.74757	0.0078125
  1.74766	-0.0078125
  1.74776	-0.0078125
  1.74785	0.015625
  1.74794	0
  1.74803	-0.03125
  1.74812	-0.015625
  1.74821	-0.015625
  1.7483	-0.0234375
  1.74839	-0.03125
  1.74848	-0.0390625
  1.74857	-0.0234375
  1.74866	0
  1.74875	0
  1.74884	-0.015625
  1.74893	-0.015625
  1.74902	-0.0078125
  1.74912	-0.0078125
  1.74921	-0.015625
  1.7493	-0.0234375
  1.74939	-0.0390625
  1.74948	-0.0546875
  1.74957	-0.046875
  1.74966	-0.015625
  1.74975	-0.015625
  1.74984	-0.015625
  1.74993	-0.0234375
  1.75002	-0.015625
  1.75011	-0.015625
  1.7502	-0.0078125
  1.75029	-0.0078125
  1.75039	-0.015625
  1.75048	-0.0234375
  1.75057	-0.03125
  1.75066	-0.0390625
  1.75075	-0.0390625
  1.75084	-0.0234375
  1.75093	-0.0078125
  1.75102	0
  1.75111	0.0078125
  1.7512	0.015625
  1.75129	0.0234375
  1.75138	0.0078125
  1.75147	0
  1.75156	0
  1.75166	-0.0078125
  1.75175	-0.0234375
  1.75184	-0.015625
  1.75193	0
  1.75202	0.0078125
  1.75211	0.03125
  1.7522	0.0234375
  1.75229	0.015625
  1.75238	0.0390625
  1.75247	0.0546875
  1.75256	0.0546875
  1.75265	0.0390625
  1.75274	0.015625
  1.75283	0.03125
  1.75293	0.0390625
  1.75302	0.0390625
  1.75311	0.0546875
  1.7532	0.0390625
  1.75329	0.046875
  1.75338	0.0703125
  1.75347	0.0703125
  1.75356	0.0703125
  1.75365	0.0625
  1.75374	0.046875
  1.75383	0.0390625
  1.75392	0.0546875
  1.75401	0.046875
  1.7541	0.0546875
  1.75419	0.0390625
  1.75429	0.015625
  1.75438	0.03125
  1.75447	0.03125
  1.75456	0.015625
  1.75465	0.046875
  1.75474	0.0546875
  1.75483	0.0390625
  1.75492	0.046875
  1.75501	0.046875
  1.7551	0.046875
  1.75519	0.0546875
  1.75528	0.0390625
  1.75537	0.0390625
  1.75546	0.0390625
  1.75556	0.03125
  1.75565	0.046875
  1.75574	0.0625
  1.75583	0.0703125
  1.75592	0.0859375
  1.75601	0.0625
  1.7561	0.0390625
  1.75619	0.0546875
  1.75628	0.0859375
  1.75637	0.0859375
  1.75646	0.078125
  1.75655	0.046875
  1.75664	0.046875
  1.75673	0.0546875
  1.75683	0.0625
  1.75692	0.0546875
  1.75701	0.0234375
  1.7571	0.0234375
  1.75719	0.0546875
  1.75728	0.0546875
  1.75737	0.0546875
  1.75746	0.0625
  1.75755	0.0546875
  1.75764	0.0234375
  1.75773	0.0234375
  1.75782	0.0234375
  1.75791	0.0234375
  1.758	0.046875
  1.7581	0.0625
  1.75819	0.0625
  1.75828	0.0546875
  1.75837	0.046875
  1.75846	0.0390625
  1.75855	0.0234375
  1.75864	-0.015625
  1.75873	-0.015625
  1.75882	0
  1.75891	0.0234375
  1.759	0.0234375
  1.75909	0
  1.75918	-0.015625
  1.75927	-0.0234375
  1.75937	-0.015625
  1.75946	-0.0078125
  1.75955	-0.015625
  1.75964	-0.0234375
  1.75973	-0.015625
  1.75982	-0.015625
  1.75991	-0.0078125
  1.76	0.0078125
  1.76009	0.0078125
  1.76018	0
  1.76027	-0.0390625
  1.76036	-0.046875
  1.76045	-0.046875
  1.76054	-0.046875
  1.76063	-0.03125
  1.76073	-0.046875
  1.76082	-0.078125
  1.76091	-0.0703125
  1.761	-0.0546875
  1.76109	-0.0625
  1.76118	-0.0546875
  1.76127	-0.0390625
  1.76136	-0.03125
  1.76145	-0.03125
  1.76154	0
  1.76163	-0.0078125
  1.76172	-0.0234375
  1.76181	-0.0234375
  1.7619	0
  1.762	-0.0234375
  1.76209	-0.0390625
  1.76218	-0.0390625
  1.76227	-0.0390625
  1.76236	-0.0234375
  1.76245	-0.03125
  1.76254	-0.0390625
  1.76263	-0.03125
  1.76272	-0.015625
  1.76281	-0.0078125
  1.7629	0.0078125
  1.76299	0.015625
  1.76308	0.015625
  1.76317	0.015625
  1.76327	0.0234375
  1.76336	0.0234375
  1.76345	0.0234375
  1.76354	0.015625
  1.76363	0.0078125
  1.76372	0
  1.76381	0.015625
  1.7639	0.0390625
  1.76399	0.0390625
  1.76408	0.0234375
  1.76417	0.0078125
  1.76426	0
  1.76435	0.0078125
  1.76444	0.015625
  1.76454	0.015625
  1.76463	0
  1.76472	-0.0234375
  1.76481	0
  1.7649	0.0234375
  1.76499	0.015625
  1.76508	0.015625
  1.76517	0.0234375
  1.76526	0.0234375
  1.76535	0.0234375
  1.76544	0.015625
  1.76553	0.015625
  1.76562	0.03125
  1.76571	0.03125
  1.76581	0.03125
  1.7659	0.0390625
  1.76599	0.0390625
  1.76608	0.0390625
  1.76617	0.03125
  1.76626	0.0234375
  1.76635	0.015625
  1.76644	0.046875
  1.76653	0.0703125
  1.76662	0.0625
  1.76671	0.0703125
  1.7668	0.0625
  1.76689	0.0625
  1.76698	0.078125
  1.76707	0.109375
  1.76717	0.109375
  1.76726	0.078125
  1.76735	0.078125
  1.76744	0.046875
  1.76753	0.03125
  1.76762	0.0546875
  1.76771	0.0703125
  1.7678	0.0625
  1.76789	0.0625
  1.76798	0.0625
  1.76807	0.046875
  1.76816	0.046875
  1.76825	0.046875
  1.76834	0.046875
  1.76844	0.03125
  1.76853	0.03125
  1.76862	0.03125
  1.76871	0.03125
  1.7688	0.0546875
  1.76889	0.0625
  1.76898	0.046875
  1.76907	0.0546875
  1.76916	0.078125
  1.76925	0.078125
  1.76934	0.078125
  1.76943	0.0859375
  1.76952	0.0703125
  1.76961	0.0625
  1.76971	0.0546875
  1.7698	0.046875
  1.76989	0.03125
  1.76998	0.0546875
  1.77007	0.0546875
  1.77016	0.046875
  1.77025	0.0390625
  1.77034	0.0390625
  1.77043	0.0234375
  1.77052	0.0234375
  1.77061	0.015625
  1.7707	0
  1.77079	0.0078125
  1.77088	0.0234375
  1.77098	0.015625
  1.77107	0
  1.77116	-0.0078125
  1.77125	0
  1.77134	0.015625
  1.77143	0.0078125
  1.77152	-0.0078125
  1.77161	-0.03125
  1.7717	-0.0546875
  1.77179	-0.09375
  1.77188	-0.101562
  1.77197	-0.078125
  1.77206	-0.046875
  1.77215	-0.03125
  1.77224	-0.03125
  1.77234	-0.0234375
  1.77243	-0.03125
  1.77252	-0.015625
  1.77261	0.0078125
  1.7727	-0.0078125
  1.77279	-0.0390625
  1.77288	-0.0546875
  1.77297	-0.046875
  1.77306	-0.0703125
  1.77315	-0.0625
  1.77324	-0.0390625
  1.77333	-0.0234375
  1.77342	-0.015625
  1.77351	0
  1.77361	0
  1.7737	-0.0234375
  1.77379	-0.03125
  1.77388	-0.0234375
  1.77397	-0.015625
  1.77406	0.015625
  1.77415	0.03125
  1.77424	0.046875
  1.77433	0.03125
  1.77442	0.03125
  1.77451	0.0234375
  1.7746	0.015625
  1.77469	0.015625
  1.77478	0
  1.77488	-0.015625
  1.77497	0
  1.77506	0.015625
  1.77515	0.0234375
  1.77524	0.0234375
  1.77533	0.015625
  1.77542	0.0078125
  1.77551	0.015625
  1.7756	0.015625
  1.77569	0.03125
  1.77578	0.0546875
  1.77587	0.046875
  1.77596	0.0390625
  1.77605	0.0390625
  1.77615	0.0390625
  1.77624	0.0390625
  1.77633	0.0234375
  1.77642	0.0234375
  1.77651	0.03125
  1.7766	0.0078125
  1.77669	0
  1.77678	0.0078125
  1.77687	0.015625
  1.77696	0.03125
  1.77705	0.0390625
  1.77714	0.015625
  1.77723	0.03125
  1.77732	0.03125
  1.77741	0.0234375
  1.77751	0.015625
  1.7776	0.0078125
  1.77769	0.0078125
  1.77778	0.0234375
  1.77787	0
  1.77796	0.0078125
  1.77805	0.0078125
  1.77814	0
  1.77823	-0.0078125
  1.77832	-0.0234375
  1.77841	-0.015625
  1.7785	0.0078125
  1.77859	0.015625
  1.77868	0.0078125
  1.77878	0.0078125
  1.77887	0.03125
  1.77896	0.0390625
  1.77905	0.0234375
  1.77914	0.015625
  1.77923	0.015625
  1.77932	0.0234375
  1.77941	0.0390625
  1.7795	0.046875
  1.77959	0.0625
  1.77968	0.0703125
  1.77977	0.0625
  1.77986	0.0703125
  1.77995	0.0546875
  1.78005	0.0234375
  1.78014	0.015625
  1.78023	0.046875
  1.78032	0.0703125
  1.78041	0.078125
  1.7805	0.078125
  1.78059	0.0859375
  1.78068	0.078125
  1.78077	0.0703125
  1.78086	0.0703125
  1.78095	0.0703125
  1.78104	0.0546875
  1.78113	0.0625
  1.78122	0.078125
  1.78132	0.0546875
  1.78141	0.046875
  1.7815	0.0703125
  1.78159	0.0703125
  1.78168	0.046875
  1.78177	0.0390625
  1.78186	0.03125
  1.78195	0.015625
  1.78204	0.0234375
  1.78213	0.0390625
  1.78222	0.0390625
  1.78231	0.0390625
  1.7824	0.046875
  1.78249	0.0390625
  1.78259	0.0390625
  1.78268	0.0546875
  1.78277	0.046875
  1.78286	0.0390625
  1.78295	0.03125
  1.78304	0.0390625
  1.78313	0.015625
  1.78322	0.0078125
  1.78331	0.0078125
  1.7834	-0.0078125
  1.78349	-0.0234375
  1.78358	-0.015625
  1.78367	0
  1.78376	0
  1.78385	0.0078125
  1.78395	0.015625
  1.78404	0.0078125
  1.78413	0.015625
  1.78422	0.0078125
  1.78431	-0.03125
  1.7844	-0.0546875
  1.78449	-0.0546875
  1.78458	-0.0625
  1.78467	-0.046875
  1.78476	-0.046875
  1.78485	-0.046875
  1.78494	-0.03125
  1.78503	0
  1.78512	0.0078125
  1.78522	-0.0078125
  1.78531	-0.0078125
  1.7854	0
  1.78549	-0.0078125
  1.78558	0.0078125
  1.78567	0.0234375
  1.78576	0
  1.78585	-0.0078125
  1.78594	0
  1.78603	0
  1.78612	0.0234375
  1.78621	0.03125
  1.7863	0.015625
  1.78639	0
  1.78649	0.0078125
  1.78658	0.015625
  1.78667	0
  1.78676	-0.0078125
  1.78685	-0.0078125
  1.78694	-0.0078125
  1.78703	0.0078125
  1.78712	0.03125
  1.78721	0.03125
  1.7873	0.0078125
  1.78739	0
  1.78748	0.0234375
  1.78757	0.03125
  1.78766	0.0234375
  1.78776	0.0078125
  1.78785	0.0078125
  1.78794	0.015625
  1.78803	0.0390625
  1.78812	0.0390625
  1.78821	0.0390625
  1.7883	0.0546875
  1.78839	0.0625
  1.78848	0.0625
  1.78857	0.0625
  1.78866	0.0703125
  1.78875	0.0703125
  1.78884	0.0859375
  1.78893	0.0859375
  1.78902	0.0703125
  1.78912	0.09375
  1.78921	0.078125
  1.7893	0.0625
  1.78939	0.0546875
  1.78948	0.0234375
  1.78957	0.0078125
  1.78966	0
  1.78975	-0.0078125
  1.78984	-0.0078125
  1.78993	0.015625
  1.79002	-0.0078125
  1.79011	0
  1.7902	0.0078125
  1.79029	0.03125
  1.79039	0.046875
  1.79048	0.0390625
  1.79057	0.0078125
  1.79066	0.015625
  1.79075	0.0234375
  1.79084	0.0234375
  1.79093	0.0390625
  1.79102	0.0234375
  1.79111	0.015625
  1.7912	0
  1.79129	-0.0078125
  1.79138	0.0234375
  1.79147	0.015625
  1.79156	0
  1.79166	0.015625
  1.79175	0.0390625
  1.79184	0.0625
  1.79193	0.0546875
  1.79202	0.0390625
  1.79211	0.015625
  1.7922	0.015625
  1.79229	0.03125
  1.79238	0.0390625
  1.79247	0.0390625
  1.79256	0.03125
  1.79265	0.015625
  1.79274	0
  1.79283	0.015625
  1.79293	0.0390625
  1.79302	0.0390625
  1.79311	0.015625
  1.7932	0.015625
  1.79329	0.015625
  1.79338	0.0078125
  1.79347	0.015625
  1.79356	0.0078125
  1.79365	-0.0078125
  1.79374	-0.015625
  1.79383	-0.0078125
  1.79392	0.0078125
  1.79401	0.0078125
  1.7941	0.0078125
  1.79419	0.0078125
  1.79429	0
  1.79438	-0.0078125
  1.79447	-0.0078125
  1.79456	-0.015625
  1.79465	-0.0234375
  1.79474	-0.0078125
  1.79483	0.015625
  1.79492	0.0078125
  1.79501	-0.0234375
  1.7951	-0.03125
  1.79519	-0.0234375
  1.79528	-0.0234375
  1.79537	-0.046875
  1.79546	-0.0390625
  1.79556	-0.0078125
  1.79565	0
  1.79574	0.0078125
  1.79583	0.0078125
  1.79592	0.0078125
  1.79601	0.015625
  1.7961	0.0390625
  1.79619	0.0390625
  1.79628	0.0078125
  1.79637	-0.0078125
  1.79646	0
  1.79655	0
  1.79664	0.0078125
  1.79673	0.015625
  1.79683	0.0078125
  1.79692	-0.0078125
  1.79701	-0.015625
  1.7971	0
  1.79719	0.0078125
  1.79728	0.03125
  1.79737	0.0234375
  1.79746	0.0078125
  1.79755	0.0078125
  1.79764	0
  1.79773	-0.015625
  1.79782	-0.0234375
  1.79791	-0.015625
  1.798	-0.0078125
  1.7981	0
  1.79819	-0.0234375
  1.79828	-0.015625
  1.79837	-0.0234375
  1.79846	-0.0078125
  1.79855	0.0078125
  1.79864	0.015625
  1.79873	0.0078125
  1.79882	0.0078125
  1.79891	0.0078125
  1.799	0
  1.79909	0.0390625
  1.79918	0.0390625
  1.79927	0.0234375
  1.79937	0.046875
  1.79946	0.078125
  1.79955	0.0625
  1.79964	0.0390625
  1.79973	0.046875
  1.79982	0.0703125
  1.79991	0.0546875
  1.8	0.0625
  1.80009	0.0703125
  1.80018	0.0625
  1.80027	0.0546875
  1.80036	0.0390625
  1.80045	0.046875
  1.80054	0.046875
  1.80063	0.0703125
  1.80073	0.0859375
  1.80082	0.09375
  1.80091	0.101562
  1.801	0.0859375
  1.80109	0.0625
  1.80118	0.0703125
  1.80127	0.0625
  1.80136	0.0625
  1.80145	0.0703125
  1.80154	0.0703125
  1.80163	0.0625
  1.80172	0.0703125
  1.80181	0.0859375
  1.8019	0.046875
  1.802	0.03125
  1.80209	0.03125
  1.80218	0.015625
  1.80227	0.015625
  1.80236	0.03125
  1.80245	0.0234375
  1.80254	0.0078125
  1.80263	0.015625
  1.80272	0.0234375
  1.80281	0.0390625
  1.8029	0.0390625
  1.80299	0.046875
  1.80308	0.046875
  1.80317	0.03125
  1.80327	0.046875
  1.80336	0.03125
  1.80345	0
  1.80354	-0.0234375
  1.80363	-0.0078125
  1.80372	-0.015625
  1.80381	-0.015625
  1.8039	-0.0078125
  1.80399	-0.0078125
  1.80408	0
  1.80417	0
  1.80426	0.0078125
  1.80435	0.015625
  1.80444	0.0078125
  1.80454	0
  1.80463	0
  1.80472	-0.0078125
  1.80481	-0.0234375
  1.8049	-0.0078125
  1.80499	0.0078125
  1.80508	0.0078125
  1.80517	0.0078125
  1.80526	0.015625
  1.80535	0.015625
  1.80544	0.0078125
  1.80553	0.0078125
  1.80562	0.0234375
  1.80571	0.0234375
  1.80581	0.015625
  1.8059	0.0234375
  1.80599	0.0234375
  1.80608	-0.0078125
  1.80617	-0.015625
  1.80626	0.0078125
  1.80635	0.015625
  1.80644	0.03125
  1.80653	0.0234375
  1.80662	0.015625
  1.80671	0.0234375
  1.8068	0.0234375
  1.80689	0
  1.80698	0
  1.80707	0.015625
  1.80717	-0.015625
  1.80726	-0.0234375
  1.80735	-0.0234375
  1.80744	-0.0390625
  1.80753	-0.0234375
  1.80762	0.0078125
  1.80771	0
  1.8078	-0.03125
  1.80789	-0.0234375
  1.80798	-0.0234375
  1.80807	-0.0234375
  1.80816	-0.0234375
  1.80825	-0.0234375
  1.80834	0
  1.80844	0
  1.80853	-0.0078125
  1.80862	-0.015625
  1.80871	-0.015625
  1.8088	-0.0234375
  1.80889	-0.0234375
  1.80898	-0.0078125
  1.80907	-0.0078125
  1.80916	-0.015625
  1.80925	-0.0078125
  1.80934	0.0234375
  1.80943	0.015625
  1.80952	0.015625
  1.80961	0
  1.80971	0.0078125
  1.8098	0.0078125
  1.80989	0.015625
  1.80998	0.046875
  1.81007	0.046875
  1.81016	0.03125
  1.81025	0.015625
  1.81034	0.0234375
  1.81043	0.015625
  1.81052	0.0234375
  1.81061	0.0390625
  1.8107	0.0546875
  1.81079	0.046875
  1.81088	0.046875
  1.81098	0.0546875
  1.81107	0.0546875
  1.81116	0.0234375
  1.81125	-0.0078125
  1.81134	0
  1.81143	0.0390625
  1.81152	0.03125
  1.81161	0.0078125
  1.8117	0.015625
  1.81179	0.0234375
  1.81188	0.0390625
  1.81197	0.0390625
  1.81206	0.0390625
  1.81215	0.0390625
  1.81224	0.03125
  1.81234	0.03125
  1.81243	0.03125
  1.81252	0.03125
  1.81261	0.0390625
  1.8127	0.0390625
  1.81279	0.0234375
  1.81288	0.0234375
  1.81297	0.03125
  1.81306	0.0390625
  1.81315	0.0546875
  1.81324	0.0703125
  1.81333	0.0703125
  1.81342	0.078125
  1.81351	0.0859375
  1.81361	0.0859375
  1.8137	0.078125
  1.81379	0.0625
  1.81388	0.0390625
  1.81397	0.0390625
  1.81406	0.0390625
  1.81415	0.0546875
  1.81424	0.0625
  1.81433	0.046875
  1.81442	0.0390625
  1.81451	0.03125
  1.8146	0.03125
  1.81469	0.046875
  1.81478	0.03125
  1.81488	0.015625
  1.81497	0
  1.81506	-0.015625
  1.81515	0.0078125
  1.81524	0.0234375
  1.81533	0.0078125
  1.81542	0
  1.81551	0.0078125
  1.8156	0.0234375
  1.81569	0.03125
  1.81578	0.0234375
  1.81587	0.0234375
  1.81596	0.0234375
  1.81605	0
  1.81615	-0.0078125
  1.81624	-0.015625
  1.81633	-0.0390625
  1.81642	-0.03125
  1.81651	-0.0078125
  1.8166	0.0078125
  1.81669	0.015625
  1.81678	0.015625
  1.81687	0.015625
  1.81696	0.03125
  1.81705	0.03125
  1.81714	0.0234375
  1.81723	0.0078125
  1.81732	0
  1.81742	-0.015625
  1.81751	-0.0234375
  1.8176	-0.0078125
  1.81769	-0.0078125
  1.81778	0.0078125
  1.81787	0.0234375
  1.81796	0.03125
  1.81805	0.03125
  1.81814	0.03125
  1.81823	0.0234375
  1.81832	0
  1.81841	-0.0234375
  1.8185	-0.015625
  1.81859	0.0078125
  1.81868	0.0078125
  1.81878	0
  1.81887	0
  1.81896	0.015625
  1.81905	0.015625
  1.81914	0
  1.81923	-0.0078125
  1.81932	0.0078125
  1.81941	0.03125
  1.8195	0.03125
  1.81959	0.03125
  1.81968	0.03125
  1.81977	0.0234375
  1.81986	0.015625
  1.81995	0.015625
  1.82005	0.015625
  1.82014	0
  1.82023	-0.015625
  1.82032	-0.0234375
  1.82041	-0.0390625
  1.8205	-0.046875
  1.82059	-0.03125
  1.82068	-0.0078125
  1.82077	0
  1.82086	-0.015625
  1.82095	-0.015625
  1.82104	-0.0078125
  1.82113	0.0078125
  1.82122	-0.0078125
  1.82132	-0.0078125
  1.82141	0
  1.8215	-0.015625
  1.82159	-0.015625
  1.82168	-0.015625
  1.82177	-0.0390625
  1.82186	-0.0546875
  1.82195	-0.046875
  1.82204	-0.0390625
  1.82213	-0.0390625
  1.82222	0
  1.82231	0.03125
  1.8224	0.03125
  1.82249	0.0078125
  1.82258	-0.0078125
  1.82268	0.015625
  1.82277	0.046875
  1.82286	0.0625
  1.82295	0.046875
  1.82304	0.046875
  1.82313	0.046875
  1.82322	0.0625
  1.82331	0.0703125
  1.8234	0.078125
  1.82349	0.0859375
  1.82358	0.09375
  1.82367	0.125
  1.82376	0.125
  1.82385	0.101562
  1.82395	0.0703125
  1.82404	0.0625
  1.82413	0.078125
  1.82422	0.0859375
  1.82431	0.078125
  1.8244	0.0703125
  1.82449	0.078125
  1.82458	0.09375
  1.82467	0.078125
  1.82476	0.046875
  1.82485	0.03125
  1.82494	0.0234375
  1.82503	0
  1.82512	0.0078125
  1.82522	0.03125
  1.82531	0.03125
  1.8254	0.0234375
  1.82549	0.015625
  1.82558	0.0078125
  1.82567	-0.0078125
  1.82576	0
  1.82585	0
  1.82594	-0.0078125
  1.82603	-0.0078125
  1.82612	0
  1.82621	0.0078125
  1.8263	0.0234375
  1.82639	0.0234375
  1.82649	0.0078125
  1.82658	0
  1.82667	-0.0078125
  1.82676	0
  1.82685	0
  1.82694	0.015625
  1.82703	0.015625
  1.82712	-0.0078125
  1.82721	-0.015625
  1.8273	-0.0078125
  1.82739	-0.0078125
  1.82748	-0.0078125
  1.82757	-0.015625
  1.82766	-0.015625
  1.82776	-0.015625
  1.82785	0
  1.82794	0
  1.82803	0
  1.82812	-0.0078125
  1.82821	-0.0234375
  1.8283	-0.0078125
  1.82839	0.0078125
  1.82848	0.0078125
  1.82857	0
  1.82866	0
  1.82875	0
  1.82884	-0.0078125
  1.82893	0.0078125
  1.82902	0.0234375
  1.82912	0.03125
  1.82921	0.03125
  1.8293	0.0234375
  1.82939	0.0078125
  1.82948	-0.015625
  1.82957	-0.0234375
  1.82966	-0.0078125
  1.82975	-0.015625
  1.82984	-0.015625
  1.82993	-0.0234375
  1.83002	-0.0078125
  1.83011	0.015625
  1.8302	0.0234375
  1.83029	0.0234375
  1.83039	0.03125
  1.83048	0.046875
  1.83057	0.0390625
  1.83066	0.0390625
  1.83075	0.015625
  1.83084	0.015625
  1.83093	0.03125
  1.83102	0.0546875
  1.83111	0.078125
  1.8312	0.0546875
  1.83129	0.0234375
  1.83138	0
  1.83147	-0.0078125
  1.83156	0.0234375
  1.83166	0.0390625
  1.83175	0.0390625
  1.83184	0.0234375
  1.83193	-0.0078125
  1.83202	-0.0234375
  1.83211	-0.0078125
  1.8322	-0.0078125
  1.83229	-0.0078125
  1.83238	-0.015625
  1.83247	-0.0234375
  1.83256	-0.03125
  1.83265	-0.0234375
  1.83274	-0.0234375
  1.83283	-0.015625
  1.83293	0
  1.83302	0.0078125
  1.83311	0.015625
  1.8332	0
  1.83329	-0.0234375
  1.83338	-0.0234375
  1.83347	-0.015625
  1.83356	-0.0078125
  1.83365	0.0078125
  1.83374	-0.0078125
  1.83383	-0.03125
  1.83392	-0.015625
  1.83401	0
  1.8341	0
  1.8342	0.0078125
  1.83429	0.0078125
  1.83438	0.015625
  1.83447	0.03125
  1.83456	0.0234375
  1.83465	0.0078125
  1.83474	0.0234375
  1.83483	0.046875
  1.83492	0.0625
  1.83501	0.0703125
  1.8351	0.0546875
  1.83519	0.03125
  1.83528	0.015625
  1.83537	0.0078125
  1.83546	0.03125
  1.83556	0.0546875
  1.83565	0.0546875
  1.83574	0.0546875
  1.83583	0.0390625
  1.83592	0.03125
  1.83601	0.0234375
  1.8361	0.03125
  1.83619	0.03125
  1.83628	0.0234375
  1.83637	0.015625
  1.83646	0.015625
  1.83655	0.0234375
  1.83664	0.015625
  1.83673	0.0234375
  1.83683	0.046875
  1.83692	0.0625
  1.83701	0.0625
  1.8371	0.0546875
  1.83719	0.046875
  1.83728	0.015625
  1.83737	0.0234375
  1.83746	0.046875
  1.83755	0.046875
  1.83764	0.0390625
  1.83773	0.0234375
  1.83782	0.03125
  1.83791	0.03125
  1.838	0.0234375
  1.8381	0.03125
  1.83819	0.046875
  1.83828	0.0703125
  1.83837	0.0625
  1.83846	0.046875
  1.83855	0.03125
  1.83864	0.03125
  1.83873	0.0625
  1.83882	0.0703125
  1.83891	0.078125
  1.839	0.0703125
  1.83909	0.0546875
  1.83918	0.0546875
  1.83927	0.046875
  1.83937	0.0546875
  1.83946	0.0546875
  1.83955	0.03125
  1.83964	0.03125
  1.83973	0.0234375
  1.83982	0.0234375
  1.83991	0.03125
  1.84	0.0234375
  1.84009	0.046875
  1.84018	0.0546875
  1.84027	0.046875
  1.84036	0.03125
  1.84045	0.0234375
  1.84054	0.0234375
  1.84063	0.0390625
  1.84073	0.046875
  1.84082	0.046875
  1.84091	0.03125
  1.841	0
  1.84109	-0.0234375
  1.84118	-0.03125
  1.84127	-0.0234375
  1.84136	-0.0234375
  1.84145	-0.0078125
  1.84154	-0.015625
  1.84163	-0.0078125
  1.84172	0
  1.84181	-0.0078125
  1.8419	0
  1.842	0.0078125
  1.84209	0.0234375
  1.84218	0.03125
  1.84227	0.03125
  1.84236	0.0078125
  1.84245	0.0078125
  1.84254	0.03125
  1.84263	0.0234375
  1.84272	0
  1.84281	-0.0234375
  1.8429	-0.046875
  1.84299	-0.0625
  1.84308	-0.0625
  1.84317	-0.0625
  1.84327	-0.0625
  1.84336	-0.0546875
  1.84345	-0.046875
  1.84354	-0.046875
  1.84363	-0.03125
  1.84372	-0.03125
  1.84381	-0.015625
  1.8439	-0.015625
  1.84399	-0.0390625
  1.84408	-0.046875
  1.84417	-0.046875
  1.84426	-0.0234375
  1.84435	-0.0078125
  1.84444	-0.0234375
  1.84454	-0.03125
  1.84463	-0.0390625
  1.84472	-0.0546875
  1.84481	-0.0546875
  1.8449	-0.03125
  1.84499	-0.03125
  1.84508	-0.015625
  1.84517	0.015625
  1.84526	0.0234375
  1.84535	0.0390625
  1.84544	0.0390625
  1.84553	0.03125
  1.84562	0.046875
  1.84571	0.0390625
  1.8458	0.0234375
  1.8459	0.0390625
  1.84599	0.0390625
  1.84608	0.046875
  1.84617	0.03125
  1.84626	0.015625
  1.84635	0
  1.84644	-0.0078125
  1.84653	0.015625
  1.84662	0.0390625
  1.84671	0.046875
  1.8468	0.0625
  1.84689	0.101562
  1.84698	0.0859375
  1.84707	0.0859375
  1.84717	0.0859375
  1.84726	0.078125
  1.84735	0.078125
  1.84744	0.0703125
  1.84753	0.046875
  1.84762	0.03125
  1.84771	0.015625
  1.8478	0.03125
  1.84789	0.046875
  1.84798	0.0546875
  1.84807	0.0859375
  1.84816	0.09375
  1.84825	0.078125
  1.84834	0.0625
  1.84844	0.0703125
  1.84853	0.0703125
  1.84862	0.046875
  1.84871	0.0234375
  1.8488	0.0234375
  1.84889	0.0546875
  1.84898	0.0546875
  1.84907	0.0390625
  1.84916	0.03125
  1.84925	0
  1.84934	0
  1.84943	-0.0078125
  1.84952	-0.015625
  1.84961	-0.0078125
  1.84971	0
  1.8498	0.03125
  1.84989	0.0234375
  1.84998	0.015625
  1.85007	0.0234375
  1.85016	0.0390625
  1.85025	0.0390625
  1.85034	0.03125
  1.85043	0.03125
  1.85052	0.046875
  1.85061	0.046875
  1.8507	0.03125
  1.85079	0.015625
  1.85088	0.0234375
  1.85098	0.015625
  1.85107	0.0078125
  1.85116	0.015625
  1.85125	0
  1.85134	0.015625
  1.85143	0.0234375
  1.85152	0.03125
  1.85161	0.03125
  1.8517	0.015625
  1.85179	0.0078125
  1.85188	0.015625
  1.85197	0.015625
  1.85206	0.0078125
  1.85215	0
  1.85224	0.015625
  1.85234	0.0234375
  1.85243	0
  1.85252	-0.015625
  1.85261	-0.015625
  1.8527	0
  1.85279	0.0078125
  1.85288	0.015625
  1.85297	-0.0234375
  1.85306	-0.03125
  1.85315	-0.015625
  1.85324	0.0078125
  1.85333	0.015625
  1.85342	-0.015625
  1.85351	-0.0078125
  1.85361	-0.0234375
  1.8537	-0.0234375
  1.85379	-0.03125
  1.85388	-0.0234375
  1.85397	-0.0078125
  1.85406	-0.03125
  1.85415	-0.046875
  1.85424	-0.046875
  1.85433	-0.03125
  1.85442	-0.015625
  1.85451	-0.0234375
  1.8546	-0.0234375
  1.85469	0.0078125
  1.85478	0.0078125
  1.85488	0.0234375
  1.85497	0.015625
  1.85506	0.0078125
  1.85515	0.0234375
  1.85524	0.015625
  1.85533	0.03125
  1.85542	0
  1.85551	-0.015625
  1.8556	0
  1.85569	0.0234375
  1.85578	0.03125
  1.85587	0.015625
  1.85596	0
  1.85605	-0.0078125
  1.85615	-0.015625
  1.85624	0.0078125
  1.85633	0.0234375
  1.85642	0.0234375
  1.85651	0.03125
  1.8566	0.03125
  1.85669	0.015625
  1.85678	0.0078125
  1.85687	0.0078125
  1.85696	0.015625
  1.85705	0.0234375
  1.85714	0.03125
  1.85723	0.0390625
  1.85732	0.0390625
  1.85742	0.046875
  1.85751	0.0390625
  1.8576	0.03125
  1.85769	0.0234375
  1.85778	0
  1.85787	0.0078125
  1.85796	0.0234375
  1.85805	0.0390625
  1.85814	0.0703125
  1.85823	0.078125
  1.85832	0.0703125
  1.85841	0.0625
  1.8585	0.0625
  1.85859	0.078125
  1.85868	0.09375
  1.85878	0.0859375
  1.85887	0.046875
  1.85896	0.015625
  1.85905	0.0234375
  1.85914	0.0390625
  1.85923	0.03125
  1.85932	0.0390625
  1.85941	0.0546875
  1.8595	0.0390625
  1.85959	0.03125
  1.85968	0.046875
  1.85977	0.0625
  1.85986	0.046875
  1.85995	0.0234375
  1.86005	0.0234375
  1.86014	0
  1.86023	-0.015625
  1.86032	0.0078125
  1.86041	0.03125
  1.8605	0.0390625
  1.86059	0.03125
  1.86068	0.0234375
  1.86077	0.015625
  1.86086	0.015625
  1.86095	0.0390625
  1.86104	0.0546875
  1.86113	0.046875
  1.86122	0.0234375
  1.86132	0.0078125
  1.86141	0
  1.8615	0
  1.86159	0.015625
  1.86168	0.0234375
  1.86177	0.0078125
  1.86186	0.0078125
  1.86195	0.015625
  1.86204	0.0234375
  1.86213	0.0546875
  1.86222	0.0625
  1.86231	0.046875
  1.8624	0.046875
  1.86249	0.0390625
  1.86258	0.0234375
  1.86268	0.0234375
  1.86277	-0.0078125
  1.86286	-0.0234375
  1.86295	-0.0234375
  1.86304	-0.03125
  1.86313	-0.03125
  1.86322	-0.0234375
  1.86331	-0.015625
  1.8634	-0.015625
  1.86349	0
  1.86358	-0.0078125
  1.86367	-0.015625
  1.86376	-0.015625
  1.86385	0.0078125
  1.86395	0.015625
  1.86404	0.03125
  1.86413	0.015625
  1.86422	-0.015625
  1.86431	-0.015625
  1.8644	-0.0234375
  1.86449	-0.0234375
  1.86458	-0.0078125
  1.86467	-0.0078125
  1.86476	0
  1.86485	0.015625
  1.86494	0.0078125
  1.86503	-0.0078125
  1.86512	0.0078125
  1.86522	0.015625
  1.86531	0
  1.8654	-0.015625
  1.86549	-0.03125
  1.86558	-0.03125
  1.86567	-0.0234375
  1.86576	-0.0234375
  1.86585	-0.03125
  1.86594	-0.03125
  1.86603	-0.0234375
  1.86612	-0.03125
  1.86621	-0.0078125
  1.8663	0
  1.86639	-0.015625
  1.86649	-0.015625
  1.86658	-0.03125
  1.86667	-0.03125
  1.86676	0.0078125
  1.86685	0.03125
  1.86694	0.0234375
  1.86703	0.015625
  1.86712	0.015625
  1.86721	0.03125
  1.8673	0.03125
  1.86739	0.015625
  1.86748	-0.015625
  1.86757	-0.015625
  1.86766	-0.0078125
  1.86776	0.0078125
  1.86785	0.015625
  1.86794	0.015625
  1.86803	0
  1.86812	0.0078125
  1.86821	0.0234375
  1.8683	0.0234375
  1.86839	0.0546875
  1.86848	0.0625
  1.86857	0.046875
  1.86866	0.0390625
  1.86875	0.0546875
  1.86884	0.0546875
  1.86893	0.0390625
  1.86902	0.015625
  1.86912	0.015625
  1.86921	0.0234375
  1.8693	0.03125
  1.86939	0.046875
  1.86948	0.046875
  1.86957	0.046875
  1.86966	0.046875
  1.86975	0.0546875
  1.86984	0.0703125
  1.86993	0.0625
  1.87002	0.0625
  1.87011	0.0546875
  1.8702	0.0546875
  1.87029	0.046875
  1.87039	0.046875
  1.87048	0.0703125
  1.87057	0.0859375
  1.87066	0.0859375
  1.87075	0.0625
  1.87084	0.0390625
  1.87093	0.015625
  1.87102	0.015625
  1.87111	0.0234375
  1.8712	0.0234375
  1.87129	0.0078125
  1.87138	0.0078125
  1.87147	0.03125
  1.87156	0.015625
  1.87166	0.0078125
  1.87175	0.015625
  1.87184	0.046875
  1.87193	0.046875
  1.87202	0.0234375
  1.87211	0.015625
  1.8722	0.0234375
  1.87229	0.046875
  1.87238	0.0625
  1.87247	0.0703125
  1.87256	0.046875
  1.87265	0.015625
  1.87274	0.0078125
  1.87283	0.0234375
  1.87293	0.046875
  1.87302	0.046875
  1.87311	0.078125
  1.8732	0.0703125
  1.87329	0.046875
  1.87338	0.0390625
  1.87347	0.0546875
  1.87356	0.0546875
  1.87365	0.0546875
  1.87374	0.0390625
  1.87383	0.046875
  1.87392	0.046875
  1.87401	0.015625
  1.8741	0.015625
  1.8742	0.015625
  1.87429	0
  1.87438	-0.0234375
  1.87447	0.015625
  1.87456	0.03125
  1.87465	0.03125
  1.87474	0.03125
  1.87483	0.0078125
  1.87492	0.015625
  1.87501	0.0234375
  1.8751	0.0390625
  1.87519	0.0546875
  1.87528	0.03125
  1.87537	0
  1.87546	-0.0078125
  1.87556	-0.015625
  1.87565	-0.0234375
  1.87574	-0.0234375
  1.87583	-0.0390625
  1.87592	-0.046875
  1.87601	-0.0234375
  1.8761	-0.03125
  1.87619	-0.0625
  1.87628	-0.0703125
  1.87637	-0.0625
  1.87646	-0.0703125
  1.87655	-0.0625
  1.87664	-0.0703125
  1.87673	-0.0625
  1.87683	-0.0703125
  1.87692	-0.0546875
  1.87701	-0.03125
  1.8771	0.0078125
  1.87719	0.0234375
  1.87728	0.0078125
  1.87737	-0.0078125
  1.87746	-0.015625
  1.87755	-0.015625
  1.87764	-0.0078125
  1.87773	0
  1.87782	-0.015625
  1.87791	-0.0234375
  1.878	-0.0390625
  1.8781	-0.03125
  1.87819	-0.03125
  1.87828	-0.0234375
  1.87837	-0.015625
  1.87846	0
  1.87855	0.015625
  1.87864	0.0078125
  1.87873	0.015625
  1.87882	0.015625
  1.87891	0.03125
  1.879	0.03125
  1.87909	0.015625
  1.87918	0.0078125
  1.87927	0.015625
  1.87937	0.0234375
  1.87946	0.03125
  1.87955	0.0390625
  1.87964	0.03125
  1.87973	0.03125
  1.87982	0.0390625
  1.87991	0.0546875
  1.88	0.03125
  1.88009	0.0390625
  1.88018	0.046875
  1.88027	0.0625
  1.88036	0.078125
  1.88045	0.078125
  1.88054	0.078125
  1.88063	0.09375
  1.88073	0.09375
  1.88082	0.101562
  1.88091	0.101562
  1.881	0.0859375
  1.88109	0.0625
  1.88118	0.0703125
  1.88127	0.0859375
  1.88136	0.0703125
  1.88145	0.0546875
  1.88154	0.0625
  1.88163	0.0625
  1.88172	0.078125
  1.88181	0.09375
  1.8819	0.078125
  1.882	0.0859375
  1.88209	0.09375
  1.88218	0.101562
  1.88227	0.101562
  1.88236	0.0859375
  1.88245	0.046875
  1.88254	0.03125
  1.88263	0.03125
  1.88272	0.0234375
  1.88281	0.0234375
  1.8829	0.0390625
  1.88299	0.03125
  1.88308	0.015625
  1.88317	0.0234375
  1.88327	0.0390625
  1.88336	0.0546875
  1.88345	0.0703125
  1.88354	0.0625
  1.88363	0.078125
  1.88372	0.09375
  1.88381	0.0625
  1.8839	0.03125
  1.88399	0.0078125
  1.88408	-0.0078125
  1.88417	-0.0078125
  1.88426	0.0078125
  1.88435	0.0234375
  1.88444	-0.015625
  1.88454	-0.03125
  1.88463	-0.0234375
  1.88472	-0.0390625
  1.88481	-0.0234375
  1.8849	0
  1.88499	-0.0078125
  1.88508	-0.015625
  1.88517	0
  1.88526	0.0078125
  1.88535	0
  1.88544	-0.0234375
  1.88553	-0.0234375
  1.88562	-0.0234375
  1.88571	-0.0390625
  1.8858	-0.046875
  1.8859	-0.046875
  1.88599	-0.0390625
  1.88608	-0.0546875
  1.88617	-0.0625
  1.88626	-0.0703125
  1.88635	-0.0546875
  1.88644	-0.0390625
  1.88653	-0.0625
  1.88662	-0.078125
  1.88671	-0.0546875
  1.8868	-0.0234375
  1.88689	-0.015625
  1.88698	-0.015625
  1.88707	-0.03125
  1.88717	-0.0546875
  1.88726	-0.0625
  1.88735	-0.0703125
  1.88744	-0.0546875
  1.88753	-0.0390625
  1.88762	-0.0390625
  1.88771	-0.046875
  1.8878	-0.0390625
  1.88789	-0.03125
  1.88798	-0.0078125
  1.88807	-0.0078125
  1.88816	-0.046875
  1.88825	-0.0703125
  1.88834	-0.0390625
  1.88844	0
  1.88853	0
  1.88862	-0.0078125
  1.88871	-0.015625
  1.8888	-0.0234375
  1.88889	-0.0234375
  1.88898	-0.0234375
  1.88907	0.015625
  1.88916	0.046875
  1.88925	0.0390625
  1.88934	0.046875
  1.88943	0.046875
  1.88952	0.015625
  1.88961	0.015625
  1.88971	0.0234375
  1.8898	0.03125
  1.88989	0.03125
  1.88998	0.03125
  1.89007	0.046875
  1.89016	0.0703125
  1.89025	0.0703125
  1.89034	0.0625
  1.89043	0.046875
  1.89052	0.03125
  1.89061	0.015625
  1.8907	0.03125
  1.89079	0.0546875
  1.89088	0.0703125
  1.89098	0.0625
  1.89107	0.0546875
  1.89116	0.0625
  1.89125	0.0703125
  1.89134	0.0703125
  1.89143	0.0625
  1.89152	0.046875
  1.89161	0.03125
  1.8917	0.0078125
  1.89179	0.0390625
  1.89188	0.0859375
  1.89197	0.101562
  1.89206	0.0859375
  1.89215	0.0625
  1.89224	0.0546875
  1.89234	0.0546875
  1.89243	0.0546875
  1.89252	0.0625
  1.89261	0.078125
  1.8927	0.09375
  1.89279	0.078125
  1.89288	0.03125
  1.89297	0.0234375
  1.89306	0.0390625
  1.89315	0.046875
  1.89324	0.0546875
  1.89333	0.0234375
  1.89342	0.015625
  1.89351	0.046875
  1.89361	0.101562
  1.8937	0.117188
  1.89379	0.09375
  1.89388	0.078125
  1.89397	0.0859375
  1.89406	0.0859375
  1.89415	0.0625
  1.89424	0.0703125
  1.89433	0.0625
  1.89442	0.0546875
  1.89451	0.046875
  1.8946	0.0546875
  1.89469	0.0703125
  1.89478	0.078125
  1.89488	0.078125
  1.89497	0.0625
  1.89506	0.0546875
  1.89515	0.0546875
  1.89524	0.0703125
  1.89533	0.0859375
  1.89542	0.0859375
  1.89551	0.0859375
  1.8956	0.0625
  1.89569	0.03125
  1.89578	0.03125
  1.89587	0.0390625
  1.89596	0.03125
  1.89605	0.0234375
  1.89615	0.03125
  1.89624	0.0625
  1.89633	0.0546875
  1.89642	0.0390625
  1.89651	0.03125
  1.8966	0.015625
  1.89669	0.015625
  1.89678	0.0078125
  1.89687	0.0078125
  1.89696	0.0234375
  1.89705	0.015625
  1.89714	-0.0234375
  1.89723	-0.0390625
  1.89732	-0.03125
  1.89742	-0.0078125
  1.89751	-0.0078125
  1.8976	-0.0078125
  1.89769	-0.03125
  1.89778	-0.03125
  1.89787	-0.015625
  1.89796	-0.0234375
  1.89805	-0.0390625
  1.89814	-0.0625
  1.89823	-0.0703125
  1.89832	-0.0390625
  1.89841	0
  1.8985	-0.015625
  1.89859	-0.0390625
  1.89868	-0.0546875
  1.89878	-0.046875
  1.89887	-0.0234375
  1.89896	-0.0078125
  1.89905	-0.015625
  1.89914	-0.0390625
  1.89923	-0.0390625
  1.89932	-0.0390625
  1.89941	-0.0390625
  1.8995	-0.0234375
  1.89959	-0.0234375
  1.89968	-0.015625
  1.89977	-0.03125
  1.89986	-0.0390625
  1.89995	-0.046875
  1.90005	-0.03125
  1.90014	-0.0390625
  1.90023	-0.0390625
  1.90032	-0.015625
  1.90041	-0.015625
  1.9005	0
  1.90059	0.015625
  1.90068	0
  1.90077	0.0078125
  1.90086	0.0078125
  1.90095	-0.0234375
  1.90104	-0.03125
  1.90113	-0.0078125
  1.90122	0.015625
  1.90132	0.0234375
  1.90141	0.015625
  1.9015	-0.0234375
  1.90159	-0.0390625
  1.90168	0
  1.90177	0.03125
  1.90186	0.0390625
  1.90195	0.0546875
  1.90204	0.03125
  1.90213	0.0078125
  1.90222	0.015625
  1.90231	0.03125
  1.9024	0.015625
  1.90249	0.0390625
  1.90258	0.0390625
  1.90268	0.0234375
  1.90277	0.0546875
  1.90286	0.0390625
  1.90295	0.03125
  1.90304	0.03125
  1.90313	0.03125
  1.90322	0.03125
  1.90331	0.03125
  1.9034	0.015625
  1.90349	0.0078125
  1.90358	0.0390625
  1.90367	0.046875
  1.90376	0.03125
  1.90385	0.0234375
  1.90395	0.015625
  1.90404	-0.0078125
  1.90413	0.015625
  1.90422	0.03125
  1.90431	0.0234375
  1.9044	0.015625
  1.90449	0.0234375
  1.90458	0.03125
  1.90467	0.046875
  1.90476	0.0546875
  1.90485	0.046875
  1.90494	0.0546875
  1.90503	0.078125
  1.90512	0.078125
  1.90522	0.0546875
  1.90531	0.046875
  1.9054	0.0625
  1.90549	0.0703125
  1.90558	0.0703125
  1.90567	0.0625
  1.90576	0.0625
  1.90585	0.0625
  1.90594	0.078125
  1.90603	0.078125
  1.90612	0.0625
  1.90621	0.078125
  1.9063	0.101562
  1.90639	0.117188
  1.90649	0.109375
  1.90658	0.0859375
  1.90667	0.0625
  1.90676	0.0703125
  1.90685	0.09375
  1.90694	0.101562
  1.90703	0.09375
  1.90712	0.078125
  1.90721	0.078125
  1.9073	0.046875
  1.90739	0.0546875
  1.90748	0.0703125
  1.90757	0.0703125
  1.90766	0.0546875
  1.90776	0.0390625
  1.90785	0.015625
  1.90794	-0.015625
  1.90803	0.015625
  1.90812	0.046875
  1.90821	0.0390625
  1.9083	0.0234375
  1.90839	0.0078125
  1.90848	0.015625
  1.90857	0.03125
  1.90866	0.0390625
  1.90875	0.0390625
  1.90884	0.0234375
  1.90893	0.0234375
  1.90902	0.015625
  1.90912	0
  1.90921	-0.015625
  1.9093	-0.015625
  1.90939	0.0078125
  1.90948	0.0078125
  1.90957	0
  1.90966	-0.015625
  1.90975	-0.03125
  1.90984	-0.046875
  1.90993	-0.0546875
  1.91002	-0.0625
  1.91011	-0.046875
  1.9102	-0.0390625
  1.91029	-0.0625
  1.91039	-0.078125
  1.91048	-0.078125
  1.91057	-0.078125
  1.91066	-0.0390625
  1.91075	-0.0078125
  1.91084	0.0078125
  1.91093	-0.0078125
  1.91102	-0.0546875
  1.91111	-0.0546875
  1.9112	-0.03125
  1.91129	-0.015625
  1.91138	-0.0078125
  1.91147	-0.03125
  1.91156	-0.0546875
  1.91166	-0.0625
  1.91175	-0.0625
  1.91184	-0.0625
  1.91193	-0.0546875
  1.91202	-0.03125
  1.91211	-0.03125
  1.9122	-0.0234375
  1.91229	0
  1.91238	0.0078125
  1.91247	0.0234375
  1.91256	0.03125
  1.91265	0.0078125
  1.91274	0
  1.91283	0
  1.91293	0
  1.91302	0
  1.91311	0.0234375
  1.9132	0.03125
  1.91329	0.0390625
  1.91338	0.0390625
  1.91347	0.015625
  1.91356	-0.0078125
  1.91365	-0.015625
  1.91374	0.0078125
  1.91383	0.03125
  1.91392	0.046875
  1.91401	0.0546875
  1.9141	0.0625
  1.9142	0.0546875
  1.91429	0.0546875
  1.91438	0.0703125
  1.91447	0.0546875
  1.91456	0.0390625
  1.91465	0.03125
  1.91474	0.03125
  1.91483	0.0078125
  1.91492	0.0234375
  1.91501	0.046875
  1.9151	0.0546875
  1.91519	0.0546875
  1.91528	0.046875
  1.91537	0.0625
  1.91546	0.0703125
  1.91556	0.046875
  1.91565	0.0234375
  1.91574	0.03125
  1.91583	0.0234375
  1.91592	0.0390625
  1.91601	0.0625
  1.9161	0.0546875
  1.91619	0.0703125
  1.91628	0.0546875
  1.91637	0.0546875
  1.91646	0.0625
  1.91655	0.0625
  1.91664	0.0625
  1.91673	0.0546875
  1.91683	0.03125
  1.91692	0.0078125
  1.91701	0
  1.9171	0.015625
  1.91719	0.0390625
  1.91728	0.046875
  1.91737	0.03125
  1.91746	0.0234375
  1.91755	0.046875
  1.91764	0.0625
  1.91773	0.09375
  1.91782	0.117188
  1.91791	0.09375
  1.918	0.078125
  1.9181	0.0703125
  1.91819	0.046875
  1.91828	0.0390625
  1.91837	0.0703125
  1.91846	0.09375
  1.91855	0.0703125
  1.91864	0.046875
  1.91873	0.0390625
  1.91882	0.0546875
  1.91891	0.0859375
  1.919	0.09375
  1.91909	0.0546875
  1.91918	0.03125
  1.91927	0.0390625
  1.91937	0.0625
  1.91946	0.078125
  1.91955	0.0625
  1.91964	0.0390625
  1.91973	0.0234375
  1.91982	0.015625
  1.91991	0.015625
  1.92	0.0234375
  1.92009	0.015625
  1.92018	0
  1.92027	0
  1.92036	-0.0078125
  1.92045	0
  1.92054	0
  1.92063	0
  1.92073	-0.015625
  1.92082	-0.0234375
  1.92091	-0.0546875
  1.921	-0.0625
  1.92109	-0.0625
  1.92118	-0.046875
  1.92127	-0.0234375
  1.92136	-0.046875
  1.92145	-0.046875
  1.92154	-0.046875
  1.92163	-0.0234375
  1.92172	-0.0234375
  1.92181	-0.0234375
  1.9219	-0.046875
  1.922	-0.0625
  1.92209	-0.046875
  1.92218	-0.0546875
  1.92227	-0.046875
  1.92236	-0.046875
  1.92245	-0.03125
  1.92254	-0.0078125
  1.92263	-0.015625
  1.92272	-0.03125
  1.92281	-0.03125
  1.9229	-0.015625
  1.92299	0.0234375
  1.92308	0.046875
  1.92317	0.03125
  1.92327	0
  1.92336	-0.015625
  1.92345	0.0078125
  1.92354	0.046875
  1.92363	0.0546875
  1.92372	0.03125
  1.92381	0.0078125
  1.9239	-0.0078125
  1.92399	0
  1.92408	0.0078125
  1.92417	0.015625
  1.92426	0.03125
  1.92435	0.0390625
  1.92444	0.03125
  1.92454	0.0390625
  1.92463	0.0546875
  1.92472	0.0546875
  1.92481	0.046875
  1.9249	0.0234375
  1.92499	0.0234375
  1.92508	0.0390625
  1.92517	0.046875
  1.92526	0.046875
  1.92535	0.046875
  1.92544	0.03125
  1.92553	0.0234375
  1.92562	0.015625
  1.92571	0.015625
  1.9258	0.0078125
  1.9259	0.015625
  1.92599	0.0078125
  1.92608	0.015625
  1.92617	0.015625
  1.92626	0.0078125
  1.92635	0.0078125
  1.92644	-0.0078125
  1.92653	-0.015625
  1.92662	0.015625
  1.92671	0.03125
  1.9268	0.0390625
  1.92689	0.0390625
  1.92698	0.015625
  1.92707	0.0234375
  1.92717	0.0234375
  1.92726	0.0234375
  1.92735	0.0078125
  1.92744	0.0078125
  1.92753	0.0234375
  1.92762	0.046875
  1.92771	0.0546875
  1.9278	0.046875
  1.92789	0.046875
  1.92798	0.046875
  1.92807	0.03125
  1.92816	0.03125
  1.92825	0.0234375
  1.92834	0.046875
  1.92844	0.0625
  1.92853	0.0546875
  1.92862	0.0546875
  1.92871	0.046875
  1.9288	0.0546875
  1.92889	0.0703125
  1.92898	0.0625
  1.92907	0.0703125
  1.92916	0.0859375
  1.92925	0.09375
  1.92934	0.101562
  1.92943	0.0859375
  1.92952	0.0625
  1.92961	0.0546875
  1.92971	0.0625
  1.9298	0.0546875
  1.92989	0.046875
  1.92998	0.0625
  1.93007	0.0625
  1.93016	0.0625
  1.93025	0.0546875
  1.93034	0.0546875
  1.93043	0.03125
  1.93052	0.015625
  1.93061	0.0078125
  1.9307	0
  1.93079	0.015625
  1.93088	0.0390625
  1.93098	0.046875
  1.93107	0.046875
  1.93116	0.03125
  1.93125	0.0234375
  1.93134	0.03125
  1.93143	0.046875
  1.93152	0.03125
  1.93161	0.0234375
  1.9317	0.0234375
  1.93179	0.0078125
  1.93188	0.0234375
  1.93197	0.0546875
  1.93206	0.0625
  1.93215	0.046875
  1.93224	0.015625
  1.93234	-0.0078125
  1.93243	-0.0234375
  1.93252	-0.0234375
  1.93261	0
  1.9327	0.0390625
  1.93279	0.0625
  1.93288	0.0546875
  1.93297	0.015625
  1.93306	-0.015625
  1.93315	0
  1.93324	-0.0078125
  1.93333	-0.0078125
  1.93342	-0.0234375
  1.93351	-0.0234375
  1.93361	-0.03125
  1.9337	-0.03125
  1.93379	-0.0078125
  1.93388	-0.0234375
  1.93397	-0.0234375
  1.93406	0
  1.93415	0
  1.93424	0
  1.93433	0.0078125
  1.93442	0
  1.93451	0
  1.9346	0
  1.93469	0.0078125
  1.93478	0
  1.93488	-0.0078125
  1.93497	-0.015625
  1.93506	-0.0234375
  1.93515	-0.0078125
  1.93524	0.0078125
  1.93533	0.015625
  1.93542	0.0078125
  1.93551	-0.015625
  1.9356	0
  1.93569	0.015625
  1.93578	0.03125
  1.93587	0.046875
  1.93596	0.0546875
  1.93605	0.0390625
  1.93615	0.0234375
  1.93624	0
  1.93633	-0.015625
  1.93642	0
  1.93651	0
  1.9366	-0.0078125
  1.93669	-0.0234375
  1.93678	-0.046875
  1.93687	-0.0390625
  1.93696	-0.0078125
  1.93705	0.0078125
  1.93714	0.0078125
  1.93723	-0.015625
  1.93732	0
  1.93742	0.0078125
  1.93751	0.015625
  1.9376	0.015625
  1.93769	0.03125
  1.93778	0.046875
  1.93787	0.0390625
  1.93796	0.015625
  1.93805	-0.015625
  1.93814	-0.015625
  1.93823	-0.0078125
  1.93832	0.015625
  1.93841	0.0390625
  1.9385	0.03125
  1.93859	0.0078125
  1.93868	-0.015625
  1.93878	-0.015625
  1.93887	0
  1.93896	0.015625
  1.93905	0.015625
  1.93914	0
  1.93923	-0.0234375
  1.93932	-0.0078125
  1.93941	0.015625
  1.9395	0.03125
  1.93959	0.0390625
  1.93968	0.03125
  1.93977	0.0234375
  1.93986	0.0234375
  1.93995	0.03125
  1.94005	0.0546875
  1.94014	0.0625
  1.94023	0.078125
  1.94032	0.078125
  1.94041	0.046875
  1.9405	0.03125
  1.94059	0.03125
  1.94068	0.0390625
  1.94077	0.03125
  1.94086	0.0234375
  1.94095	0.0234375
  1.94104	0.0390625
  1.94113	0.0390625
  1.94122	0.046875
  1.94132	0.0546875
  1.94141	0.046875
  1.9415	0.0390625
  1.94159	0.0390625
  1.94168	0.0703125
  1.94177	0.0859375
  1.94186	0.078125
  1.94195	0.0546875
  1.94204	0.03125
  1.94213	0.0078125
  1.94222	0.03125
  1.94231	0.046875
  1.9424	0.03125
  1.94249	0.0234375
  1.94259	0.0078125
  1.94268	0.0078125
  1.94277	0.0234375
  1.94286	0.015625
  1.94295	0.0234375
  1.94304	0.03125
  1.94313	0.03125
  1.94322	0.015625
  1.94331	0
  1.9434	-0.0078125
  1.94349	0
  1.94358	0.03125
  1.94367	0.0390625
  1.94376	0.0234375
  1.94385	0
  1.94395	0.0078125
  1.94404	0.015625
  1.94413	0.046875
  1.94422	0.046875
  1.94431	0.046875
  1.9444	0.0546875
  1.94449	0.0390625
  1.94458	0.0234375
  1.94467	-0.0078125
  1.94476	-0.0078125
  1.94485	0.0234375
  1.94494	0.0234375
  1.94503	0.0078125
  1.94512	-0.0234375
  1.94522	-0.046875
  1.94531	-0.0390625
  1.9454	-0.0078125
  1.94549	0.015625
  1.94558	0.03125
  1.94567	0.015625
  1.94576	-0.015625
  1.94585	0.0078125
  1.94594	0.015625
  1.94603	0.0078125
  1.94612	-0.015625
  1.94621	-0.015625
  1.9463	-0.015625
  1.94639	0
  1.94649	0.0078125
  1.94658	0.015625
  1.94667	0.015625
  1.94676	0
  1.94685	0
  1.94694	0.0078125
  1.94703	0.015625
  1.94712	0.03125
  1.94721	0.03125
  1.9473	0.015625
  1.94739	0
  1.94748	0.03125
  1.94757	0.046875
  1.94766	0.046875
  1.94776	0.0546875
  1.94785	0.046875
  1.94794	0.0703125
  1.94803	0.0625
  1.94812	0.046875
  1.94821	0.0390625
  1.9483	0.0390625
  1.94839	0.046875
  1.94848	0.0546875
  1.94857	0.046875
  1.94866	0.03125
  1.94875	0.0234375
  1.94884	0.046875
  1.94893	0.0546875
  1.94902	0.0625
  1.94912	0.0546875
  1.94921	0.0390625
  1.9493	0.0390625
  1.94939	0.03125
  1.94948	0.03125
  1.94957	0.0234375
  1.94966	0.0234375
  1.94975	0.0234375
  1.94984	0.0078125
  1.94993	0
  1.95002	-0.0078125
  1.95011	0.0078125
  1.9502	0.03125
  1.95029	0.015625
  1.95039	0.015625
  1.95048	0.015625
  1.95057	0.015625
  1.95066	0.015625
  1.95075	0.0234375
  1.95084	0.046875
  1.95093	0.0234375
  1.95102	0.0078125
  1.95111	-0.015625
  1.9512	-0.0078125
  1.95129	0.0234375
  1.95138	0.03125
  1.95147	0.0234375
  1.95156	0
  1.95166	0.0078125
  1.95175	0.015625
  1.95184	0.015625
  1.95193	0.015625
  1.95202	0
  1.95211	-0.015625
  1.9522	-0.015625
  1.95229	0.015625
  1.95238	0.015625
  1.95247	0
  1.95256	-0.0078125
  1.95265	0.0234375
  1.95274	-0.0078125
  1.95283	-0.015625
  1.95293	-0.015625
  1.95302	-0.0234375
  1.95311	-0.015625
  1.9532	-0.015625
  1.95329	0
  1.95338	0.0078125
  1.95347	0.015625
  1.95356	0.03125
  1.95365	0.015625
  1.95374	-0.0078125
  1.95383	0
  1.95392	0.015625
  1.95401	0.046875
  1.9541	0.046875
  1.95419	0.046875
  1.95429	0.03125
  1.95438	-0.015625
  1.95447	-0.03125
  1.95456	-0.0078125
  1.95465	0.015625
  1.95474	0.0078125
  1.95483	0.015625
  1.95492	0
  1.95501	-0.015625
  1.9551	-0.0234375
  1.95519	-0.0234375
  1.95528	-0.03125
  1.95537	-0.03125
  1.95546	-0.03125
  1.95556	-0.015625
  1.95565	0
  1.95574	-0.015625
  1.95583	-0.015625
  1.95592	-0.0078125
  1.95601	-0.0078125
  1.9561	0
  1.95619	0
  1.95628	-0.015625
  1.95637	-0.046875
  1.95646	-0.0703125
  1.95655	-0.0390625
  1.95664	-0.0234375
  1.95673	0
  1.95683	0
  1.95692	-0.015625
  1.95701	-0.015625
  1.9571	0
  1.95719	0.0234375
  1.95728	0.0390625
  1.95737	0.046875
  1.95746	0.03125
  1.95755	0.0234375
  1.95764	0
  1.95773	-0.0078125
  1.95782	0.015625
  1.95791	0.0703125
  1.958	0.0859375
  1.9581	0.046875
  1.95819	0.0078125
  1.95828	0
  1.95837	0.0234375
  1.95846	0.03125
  1.95855	0.03125
  1.95864	0.0390625
  1.95873	0.0390625
  1.95882	0.03125
  1.95891	0.0546875
  1.959	0.0859375
  1.95909	0.078125
  1.95918	0.0546875
  1.95927	0.046875
  1.95937	0.0234375
  1.95946	0.0078125
  1.95955	0
  1.95964	0.015625
  1.95973	0.0234375
  1.95982	0.0234375
  1.95991	0.0390625
  1.96	0.046875
  1.96009	0.0546875
  1.96018	0.0546875
  1.96027	0.0625
  1.96036	0.046875
  1.96045	0.0234375
  1.96054	0.015625
  1.96063	0.03125
  1.96073	0.046875
  1.96082	0.0390625
  1.96091	0.0234375
  1.961	-0.015625
  1.96109	-0.0234375
  1.96118	0.0234375
  1.96127	0.046875
  1.96136	0.0546875
  1.96145	0.0625
  1.96154	0.0234375
  1.96163	0.0078125
  1.96172	0.015625
  1.96181	0.03125
  1.9619	0.046875
  1.962	0.046875
  1.96209	0.03125
  1.96218	0.0234375
  1.96227	0.0078125
  1.96236	-0.015625
  1.96245	0
  1.96254	0.0078125
  1.96263	0
  1.96272	0
  1.96281	-0.0078125
  1.9629	0
  1.96299	0.0234375
  1.96308	0.0078125
  1.96317	0.015625
  1.96327	0.03125
  1.96336	0.0234375
  1.96345	0.015625
  1.96354	0.0078125
  1.96363	-0.0078125
  1.96372	-0.0078125
  1.96381	0.015625
  1.9639	0.03125
  1.96399	0.0234375
  1.96408	0
  1.96417	-0.03125
  1.96426	-0.015625
  1.96435	0.03125
  1.96444	0.03125
  1.96454	0.03125
  1.96463	0.015625
  1.96472	0
  1.96481	0.0078125
  1.9649	0.015625
  1.96499	0.0078125
  1.96508	0.0234375
  1.96517	0.03125
  1.96526	0.03125
  1.96535	0.03125
  1.96544	0.03125
  1.96553	0.03125
  1.96562	0.0390625
  1.96571	0.0234375
  1.96581	0.0078125
  1.9659	0
  1.96599	-0.0078125
  1.96608	-0.0078125
  1.96617	0.015625
  1.96626	0.0390625
  1.96635	0.015625
  1.96644	-0.015625
  1.96653	-0.03125
  1.96662	-0.0390625
  1.96671	-0.03125
  1.9668	-0.0078125
  1.96689	0.0234375
  1.96698	0.0234375
  1.96707	0.0078125
  1.96717	-0.03125
  1.96726	-0.046875
  1.96735	-0.046875
  1.96744	-0.03125
  1.96753	-0.0390625
  1.96762	-0.03125
  1.96771	-0.0234375
  1.9678	-0.0234375
  1.96789	-0.015625
  1.96798	0.0078125
  1.96807	0.0234375
  1.96816	0.0390625
  1.96825	0.03125
  1.96834	0.0078125
  1.96844	0
  1.96853	-0.0234375
  1.96862	-0.015625
  1.96871	-0.0078125
  1.9688	0
  1.96889	-0.0234375
  1.96898	-0.0390625
  1.96907	-0.03125
  1.96916	-0.0390625
  1.96925	-0.0390625
  1.96934	-0.0390625
  1.96943	-0.015625
  1.96952	0.0078125
  1.96961	0.0234375
  1.96971	0.0234375
  1.9698	0.0078125
  1.96989	-0.0078125
  1.96998	-0.0078125
  1.97007	0.0234375
  1.97016	0.0546875
  1.97025	0.0546875
  1.97034	0.046875
  1.97043	0.046875
  1.97052	0.03125
  1.97061	0.046875
  1.9707	0.0390625
  1.97079	0.0234375
  1.97088	0.046875
  1.97098	0.046875
  1.97107	0.0390625
  1.97116	0.0390625
  1.97125	0.03125
  1.97134	0.03125
  1.97143	0.078125
  1.97152	0.101562
  1.97161	0.0859375
  1.9717	0.0546875
  1.97179	0.0234375
  1.97188	0.0234375
  1.97197	0.03125
  1.97206	0.046875
  1.97215	0.0625
  1.97224	0.09375
  1.97234	0.0859375
  1.97243	0.078125
  1.97252	0.0546875
  1.97261	0.0234375
  1.9727	0.0234375
  1.97279	0.03125
  1.97288	0.046875
  1.97297	0.046875
  1.97306	0.046875
  1.97315	0.03125
  1.97324	0.0234375
  1.97333	0.03125
  1.97342	0.0390625
  1.97351	0.046875
  1.97361	0.03125
  1.9737	0.0234375
  1.97379	0.0390625
  1.97388	0.046875
  1.97397	0.0390625
  1.97406	0.0234375
  1.97415	0.0234375
  1.97424	0.03125
  1.97433	0.0546875
  1.97442	0.0625
  1.97451	0.0546875
  1.9746	0.046875
  1.97469	0.0390625
  1.97478	0.03125
  1.97488	0.03125
  1.97497	0.0234375
  1.97506	0.03125
  1.97515	0.0625
  1.97524	0.0546875
  1.97533	0.0234375
  1.97542	0.0234375
  1.97551	0.015625
  1.9756	0.0234375
  1.97569	0.0390625
  1.97578	0.0390625
  1.97587	0.015625
  1.97596	0.0078125
  1.97605	0
  1.97615	0.0078125
  1.97624	-0.0078125
  1.97633	-0.0234375
  1.97642	-0.015625
  1.97651	-0.0390625
  1.9766	-0.046875
  1.97669	-0.03125
  1.97678	-0.0234375
  1.97687	-0.015625
  1.97696	0
  1.97705	-0.015625
  1.97714	-0.0390625
  1.97723	-0.03125
  1.97732	-0.015625
  1.97741	-0.0078125
  1.97751	0
  1.9776	-0.0078125
  1.97769	-0.015625
  1.97778	-0.0078125
  1.97787	-0.0078125
  1.97796	-0.015625
  1.97805	-0.03125
  1.97814	-0.046875
  1.97823	-0.046875
  1.97832	-0.046875
  1.97841	-0.0390625
  1.9785	-0.015625
  1.97859	-0.0078125
  1.97868	-0.015625
  1.97878	-0.0234375
  1.97887	-0.0234375
  1.97896	-0.0390625
  1.97905	-0.0390625
  1.97914	0.0078125
  1.97923	0
  1.97932	-0.0234375
  1.97941	-0.0390625
  1.9795	-0.078125
  1.97959	-0.078125
  1.97968	-0.03125
  1.97977	-0.0234375
  1.97986	-0.046875
  1.97995	-0.0625
  1.98005	-0.0625
  1.98014	-0.0625
  1.98023	-0.0390625
  1.98032	-0.0078125
  1.98041	0
  1.9805	0.0078125
  1.98059	-0.015625
  1.98068	-0.046875
  1.98077	-0.0625
  1.98086	-0.046875
  1.98095	0
  1.98104	0.0234375
  1.98113	0.015625
  1.98122	0
  1.98132	0
  1.98141	0.015625
  1.9815	0.015625
  1.98159	0.0390625
  1.98168	0.0625
  1.98177	0.0546875
  1.98186	0.0703125
  1.98195	0.0703125
  1.98204	0.0625
  1.98213	0.03125
  1.98222	0.0234375
  1.98231	0.0390625
  1.9824	0.0546875
  1.98249	0.0625
  1.98259	0.0703125
  1.98268	0.0625
  1.98277	0.046875
  1.98286	0.078125
  1.98295	0.09375
  1.98304	0.109375
  1.98313	0.109375
  1.98322	0.0703125
  1.98331	0.0703125
  1.9834	0.0625
  1.98349	0.0703125
  1.98358	0.0625
  1.98367	0.0625
  1.98376	0.0625
  1.98385	0.0703125
  1.98395	0.078125
  1.98404	0.0625
  1.98413	0.046875
  1.98422	0.046875
  1.98431	0.046875
  1.9844	0.046875
  1.98449	0.0625
  1.98458	0.0625
  1.98467	0.0546875
  1.98476	0.0390625
  1.98485	0.015625
  1.98494	0
  1.98503	0.03125
  1.98512	0.0625
  1.98522	0.0703125
  1.98531	0.078125
  1.9854	0.0703125
  1.98549	0.078125
  1.98558	0.0625
  1.98567	0.046875
  1.98576	0.046875
  1.98585	0.046875
  1.98594	0.03125
  1.98603	0.03125
  1.98612	0.0390625
  1.98621	0.0390625
  1.9863	0.0625
  1.98639	0.0703125
  1.98649	0.0859375
  1.98658	0.0546875
  1.98667	0.0234375
  1.98676	0.015625
  1.98685	0.0234375
  1.98694	0.0546875
  1.98703	0.0546875
  1.98712	0.0390625
  1.98721	0.0234375
  1.9873	0.0078125
  1.98739	0.0078125
  1.98748	0.0078125
  1.98757	0.0078125
  1.98766	0.0078125
  1.98776	0
  1.98785	-0.0234375
  1.98794	-0.03125
  1.98803	-0.03125
  1.98812	-0.0234375
  1.98821	0
  1.9883	-0.0078125
  1.98839	0
  1.98848	0.015625
  1.98857	0.0234375
  1.98866	0.0234375
  1.98875	0.0234375
  1.98884	0.015625
  1.98893	0.015625
  1.98902	0.03125
  1.98912	0.0078125
  1.98921	-0.0078125
  1.9893	-0.015625
  1.98939	-0.0234375
  1.98948	-0.015625
  1.98957	0
  1.98966	-0.0078125
  1.98975	-0.0078125
  1.98984	-0.015625
  1.98993	-0.0390625
  1.99002	-0.03125
  1.99011	-0.015625
  1.9902	-0.015625
  1.99029	-0.0390625
  1.99039	-0.046875
  1.99048	-0.0390625
  1.99057	-0.03125
  1.99066	-0.015625
  1.99075	-0.0234375
  1.99084	-0.015625
  1.99093	-0.0234375
  1.99102	-0.046875
  1.99111	-0.0390625
  1.9912	-0.0625
  1.99129	-0.046875
  1.99138	-0.0234375
  1.99147	-0.0390625
  1.99156	-0.0546875
  1.99166	-0.0703125
  1.99175	-0.0625
  1.99184	-0.03125
  1.99193	-0.0078125
  1.99202	-0.015625
  1.99211	-0.0390625
  1.9922	-0.046875
  1.99229	-0.0390625
  1.99238	-0.0390625
  1.99247	-0.015625
  1.99256	-0.0234375
  1.99265	-0.015625
  1.99274	0.0234375
  1.99283	0.0390625
  1.99293	0.046875
  1.99302	0.0390625
  1.99311	0.0390625
  1.9932	0.03125
  1.99329	0.0390625
  1.99338	0.03125
  1.99347	0.03125
  1.99356	0.0625
  1.99365	0.078125
  1.99374	0.0625
  1.99383	0.046875
  1.99392	0.0390625
  1.99401	0.0546875
  1.9941	0.09375
  1.99419	0.0859375
  1.99429	0.0625
  1.99438	0.0390625
  1.99447	0.0390625
  1.99456	0.0625
  1.99465	0.0625
  1.99474	0.046875
  1.99483	0.0390625
  1.99492	0.03125
  1.99501	0.0390625
  1.9951	0.046875
  1.99519	0.0390625
  1.99528	0.046875
  1.99537	0.0390625
  1.99546	0.03125
  1.99556	0.0390625
  1.99565	0.03125
  1.99574	0.03125
  1.99583	0.0390625
  1.99592	0.0390625
  1.99601	0.015625
  1.9961	0.0234375
  1.99619	0.0390625
  1.99628	0.015625
  1.99637	0.0078125
  1.99646	-0.0078125
  1.99655	-0.0078125
  1.99664	-0.015625
  1.99673	-0.015625
  1.99683	0.0078125
  1.99692	0.0234375
  1.99701	0.0234375
  1.9971	0.015625
  1.99719	0
  1.99728	0.0078125
  1.99737	0.015625
  1.99746	0.015625
  1.99755	0.0078125
  1.99764	0.0078125
  1.99773	0.0234375
  1.99782	0.0390625
  1.99791	0.0546875
  1.998	0.046875
  1.9981	0.0390625
  1.99819	0.0390625
  1.99828	0.03125
  1.99837	0.0234375
  1.99846	0.03125
  1.99855	0.0546875
  1.99864	0.0859375
  1.99873	0.078125
  1.99882	0.0546875
  1.99891	0.03125
  1.999	0.0234375
  1.99909	0.03125
  1.99918	0.03125
  1.99927	0.03125
  1.99937	0.03125
  1.99946	0.03125
  1.99955	0.0234375
  1.99964	0.03125
  1.99973	0.0234375
  1.99982	0.0390625
  1.99991	0.0390625
  2	0.03125
  2.00009	0.03125
  2.00018	0.03125
  2.00027	0.0390625
  2.00036	0.0390625
  2.00045	0.046875
  2.00054	0.0390625
  2.00063	0.0390625
  2.00073	0.0234375
  2.00082	0.0078125
  2.00091	0.0078125
  2.001	0.015625
  2.00109	0
  2.00118	0.0078125
  2.00127	0.015625
  2.00136	0.015625
  2.00145	0
  2.00154	-0.0078125
  2.00163	-0.0078125
  2.00172	0.015625
  2.00181	0.0234375
  2.0019	0.0078125
  2.002	0.015625
  2.00209	0
  2.00218	-0.0078125
  2.00227	0.0078125
  2.00236	0.0078125
  2.00245	-0.0078125
  2.00254	-0.0234375
  2.00263	-0.0390625
  2.00272	-0.0234375
  2.00281	0
  2.0029	0.0234375
  2.00299	0.03125
  2.00308	0.015625
  2.00317	0
  2.00327	-0.0234375
  2.00336	-0.0234375
  2.00345	0.0078125
  2.00354	0.0234375
  2.00363	0.0234375
  2.00372	0.0078125
  2.00381	-0.0078125
  2.0039	0
  2.00399	0.015625
  2.00408	0.0546875
  2.00417	0.0390625
  2.00426	0.0390625
  2.00435	0.0390625
  2.00444	0.0546875
  2.00454	0.046875
  2.00463	0.03125
  2.00472	0.03125
  2.00481	0.03125
  2.0049	0.03125
  2.00499	0.03125
  2.00508	0.0546875
  2.00517	0.078125
  2.00526	0.078125
  2.00535	0.0625
  2.00544	0.0625
  2.00553	0.046875
  2.00562	0.0390625
  2.00571	0.0546875
  2.00581	0.0546875
  2.0059	0.0390625
  2.00599	0.03125
  2.00608	0.0703125
  2.00617	0.078125
  2.00626	0.0703125
  2.00635	0.0625
  2.00644	0.0546875
  2.00653	0.0625
  2.00662	0.0703125
  2.00671	0.0625
  2.0068	0.0625
  2.00689	0.0390625
  2.00698	0.0234375
  2.00707	0.0234375
  2.00717	0.015625
  2.00726	0.015625
  2.00735	0.0234375
  2.00744	0.03125
  2.00753	0.0234375
  2.00762	0.0234375
  2.00771	0.0390625
  2.0078	0.0625
  2.00789	0.046875
  2.00798	0.015625
  2.00807	0
  2.00816	0.0078125
  2.00825	0.0078125
  2.00834	0.015625
  2.00844	0.015625
  2.00853	-0.0078125
  2.00862	-0.015625
  2.00871	-0.0390625
  2.0088	-0.0625
  2.00889	-0.046875
  2.00898	-0.0234375
  2.00907	0
  2.00916	0.0078125
  2.00925	-0.0078125
  2.00934	-0.015625
  2.00943	-0.03125
  2.00952	-0.046875
  2.00961	-0.046875
  2.00971	-0.03125
  2.0098	-0.015625
  2.00989	-0.015625
  2.00998	-0.015625
  2.01007	-0.0078125
  2.01016	0
  2.01025	-0.015625
  2.01034	-0.015625
  2.01043	-0.0078125
  2.01052	0.0078125
  2.01061	0.0078125
  2.0107	-0.0078125
  2.01079	-0.0234375
  2.01088	-0.0390625
  2.01098	-0.0234375
  2.01107	0
  2.01116	0.0078125
  2.01125	-0.0078125
  2.01134	-0.03125
  2.01143	-0.0390625
  2.01152	-0.03125
  2.01161	0.0078125
  2.0117	0.0234375
  2.01179	0.015625
  2.01188	0
  2.01197	-0.015625
  2.01206	-0.0078125
  2.01215	0.0078125
  2.01224	0
  2.01234	0
  2.01243	0.015625
  2.01252	0.015625
  2.01261	0.015625
  2.0127	0.03125
  2.01279	0.0390625
  2.01288	0.046875
  2.01297	0.0546875
  2.01306	0.0625
  2.01315	0.0390625
  2.01324	0.015625
  2.01333	0.015625
  2.01342	0.015625
  2.01351	0.0078125
  2.01361	0
  2.0137	0.015625
  2.01379	0.015625
  2.01388	0.015625
  2.01397	0.015625
  2.01406	0.046875
  2.01415	0.0625
  2.01424	0.0390625
  2.01433	0.0078125
  2.01442	0
  2.01451	0
  2.0146	0
  2.01469	0.0234375
  2.01478	0.0390625
  2.01488	0.0546875
  2.01497	0.046875
  2.01506	0.0390625
  2.01515	0.03125
  2.01524	0.0390625
  2.01533	0.0390625
  2.01542	0.046875
  2.01551	0.046875
  2.0156	0.03125
  2.01569	0.0234375
  2.01578	0.0390625
  2.01587	0.0546875
  2.01596	0.0625
  2.01605	0.046875
  2.01615	0.0390625
  2.01624	0.046875
  2.01633	0.0625
  2.01642	0.0625
  2.01651	0.0546875
  2.0166	0.0390625
  2.01669	0.0546875
  2.01678	0.0625
  2.01687	0.0546875
  2.01696	0.0390625
  2.01705	0.0390625
  2.01714	0.046875
  2.01723	0.0546875
  2.01732	0.0625
  2.01742	0.0703125
  2.01751	0.0625
  2.0176	0.0546875
  2.01769	0.0625
  2.01778	0.0546875
  2.01787	0.046875
  2.01796	0.0546875
  2.01805	0.03125
  2.01814	0.0390625
  2.01823	0.0390625
  2.01832	0.03125
  2.01841	0.0390625
  2.0185	0.0390625
  2.01859	0.0234375
  2.01868	0.0234375
  2.01878	0.0234375
  2.01887	0.03125
  2.01896	0.0234375
  2.01905	0.0234375
  2.01914	0.0078125
  2.01923	0
  2.01932	-0.015625
  2.01941	-0.0234375
  2.0195	-0.015625
  2.01959	-0.015625
  2.01968	0
  2.01977	0.0078125
  2.01986	-0.0078125
  2.01995	-0.0234375
  2.02005	-0.03125
  2.02014	-0.0234375
  2.02023	-0.03125
  2.02032	-0.0234375
  2.02041	-0.0078125
  2.0205	-0.0078125
  2.02059	-0.0078125
  2.02068	-0.03125
  2.02077	-0.0234375
  2.02086	-0.015625
  2.02095	-0.0078125
  2.02104	0.015625
  2.02113	0.0078125
  2.02122	0.0234375
  2.02132	0.03125
  2.02141	-0.0078125
  2.0215	-0.015625
  2.02159	-0.015625
  2.02168	0
  2.02177	0.0078125
  2.02186	0
  2.02195	0
  2.02204	0.015625
  2.02213	0.03125
  2.02222	0.0546875
  2.02231	0.0546875
  2.0224	0.0390625
  2.02249	0.046875
  2.02258	0.0546875
  2.02268	0.03125
  2.02277	0.015625
  2.02286	-0.0078125
  2.02295	-0.03125
  2.02304	-0.015625
  2.02313	-0.0078125
  2.02322	-0.0234375
  2.02331	-0.0078125
  2.0234	0.0078125
  2.02349	0.0234375
  2.02358	0.03125
  2.02367	0.0078125
  2.02376	0
  2.02385	0
  2.02395	0
  2.02404	0.015625
  2.02413	0.0234375
  2.02422	0.015625
  2.02431	-0.015625
  2.0244	-0.015625
  2.02449	-0.015625
  2.02458	0
  2.02467	0.015625
  2.02476	0.0234375
  2.02485	0.015625
  2.02494	0.0078125
  2.02503	0.0078125
  2.02512	-0.015625
  2.02522	0
  2.02531	0.0234375
  2.0254	0.03125
  2.02549	0.015625
  2.02558	0
  2.02567	0.0078125
  2.02576	-0.0078125
  2.02585	-0.0078125
  2.02594	0.0078125
  2.02603	0.03125
  2.02612	0.0390625
  2.02621	0.046875
  2.0263	0.0390625
  2.02639	0.0234375
  2.02649	0.0234375
  2.02658	0.0234375
  2.02667	0.046875
  2.02676	0.0546875
  2.02685	0.0546875
  2.02694	0.0703125
  2.02703	0.0546875
  2.02712	0.0546875
  2.02721	0.0625
  2.0273	0.078125
  2.02739	0.0859375
  2.02748	0.09375
  2.02757	0.09375
  2.02766	0.078125
  2.02776	0.0859375
  2.02785	0.0703125
  2.02794	0.0625
  2.02803	0.0390625
  2.02812	0.03125
  2.02821	0.0546875
  2.0283	0.078125
  2.02839	0.078125
  2.02848	0.0703125
  2.02857	0.046875
  2.02866	0.0546875
  2.02875	0.0625
  2.02884	0.0625
  2.02893	0.0703125
  2.02902	0.0625
  2.02912	0.0546875
  2.02921	0.0390625
  2.0293	0.0390625
  2.02939	0.0390625
  2.02948	0.0234375
  2.02957	0.0078125
  2.02966	0
  2.02975	0.0078125
  2.02984	0.03125
  2.02993	0.046875
  2.03002	0.0390625
  2.03011	0.03125
  2.0302	0.03125
  2.03029	0.03125
  2.03039	0.0390625
  2.03048	0.0390625
  2.03057	0.03125
  2.03066	0.0078125
  2.03075	0
  2.03084	0
  2.03093	0
  2.03102	0.0078125
  2.03111	0.0078125
  2.0312	0.015625
  2.03129	0.015625
  2.03138	0
  2.03147	0.0078125
  2.03156	0.015625
  2.03166	0.0078125
  2.03175	0.03125
  2.03184	0.0234375
  2.03193	0.0078125
  2.03202	-0.015625
  2.03211	-0.0234375
  2.0322	0
  2.03229	0.03125
  2.03238	0.0546875
  2.03247	0.0390625
  2.03256	0.0078125
  2.03265	-0.0234375
  2.03274	-0.0234375
  2.03283	-0.0234375
  2.03293	-0.03125
  2.03302	-0.015625
  2.03311	-0.0078125
  2.0332	-0.0078125
  2.03329	-0.0234375
  2.03338	-0.03125
  2.03347	-0.0390625
  2.03356	-0.0234375
  2.03365	-0.0078125
  2.03374	0
  2.03383	-0.015625
  2.03392	-0.03125
  2.03401	-0.015625
  2.0341	-0.015625
  2.03419	-0.015625
  2.03429	-0.0078125
  2.03438	-0.0078125
  2.03447	-0.0234375
  2.03456	-0.03125
  2.03465	-0.0234375
  2.03474	-0.0234375
  2.03483	-0.0234375
  2.03492	-0.0078125
  2.03501	-0.0078125
  2.0351	-0.015625
  2.03519	-0.0234375
  2.03528	-0.0234375
  2.03537	-0.0234375
  2.03546	-0.03125
  2.03556	-0.0234375
  2.03565	-0.0234375
  2.03574	-0.0625
  2.03583	-0.078125
  2.03592	-0.0703125
  2.03601	-0.0546875
  2.0361	-0.0546875
  2.03619	-0.0546875
  2.03628	-0.0390625
  2.03637	-0.0390625
  2.03646	-0.015625
  2.03655	-0.0078125
  2.03664	0.015625
  2.03673	0.0234375
  2.03683	0.0234375
  2.03692	0.015625
  2.03701	0.015625
  2.0371	0.0390625
  2.03719	0.0390625
  2.03728	0.0234375
  2.03737	0.0390625
  2.03746	0.0234375
  2.03755	0.015625
  2.03764	0.015625
  2.03773	0.0390625
  2.03782	0.0546875
  2.03791	0.0625
  2.038	0.078125
  2.0381	0.078125
  2.03819	0.078125
  2.03828	0.0859375
  2.03837	0.0859375
  2.03846	0.078125
  2.03855	0.09375
  2.03864	0.0703125
  2.03873	0.0546875
  2.03882	0.0390625
  2.03891	0.015625
  2.039	0.015625
  2.03909	0.0546875
  2.03918	0.0546875
  2.03927	0.0703125
  2.03937	0.09375
  2.03946	0.0859375
  2.03955	0.09375
  2.03964	0.078125
  2.03973	0.078125
  2.03982	0.0859375
  2.03991	0.0859375
  2.04	0.0625
  2.04009	0.0390625
  2.04018	0.03125
  2.04027	0.03125
  2.04036	0.015625
  2.04045	0.03125
  2.04054	0.0546875
  2.04063	0.0703125
  2.04073	0.0859375
  2.04082	0.0703125
  2.04091	0.0703125
  2.041	0.0625
  2.04109	0.0546875
  2.04118	0.0625
  2.04127	0.0703125
  2.04136	0.0703125
  2.04145	0.0703125
  2.04154	0.0390625
  2.04163	0.015625
  2.04172	0.0078125
  2.04181	0
  2.0419	0.015625
  2.042	0.03125
  2.04209	0.046875
  2.04218	0.046875
  2.04227	0.0234375
  2.04236	0.0078125
  2.04245	0.0078125
  2.04254	0.0078125
  2.04263	0
  2.04272	0
  2.04281	0.015625
  2.0429	0.0234375
  2.04299	0.0234375
  2.04308	0
  2.04317	0
  2.04327	0.015625
  2.04336	0.0546875
  2.04345	0.0625
  2.04354	0.03125
  2.04363	0
  2.04372	0.0078125
  2.04381	0.0234375
  2.0439	0.0234375
  2.04399	0.015625
  2.04408	-0.015625
  2.04417	-0.0234375
  2.04426	-0.0078125
  2.04435	0
  2.04444	0.0078125
  2.04454	0.0078125
  2.04463	0.015625
  2.04472	0.0234375
  2.04481	0.0234375
  2.0449	0.03125
  2.04499	0.0234375
  2.04508	-0.0078125
  2.04517	-0.046875
  2.04526	-0.0546875
  2.04535	-0.0625
  2.04544	-0.0703125
  2.04553	-0.0546875
  2.04562	-0.03125
  2.04571	-0.03125
  2.04581	-0.0234375
  2.0459	-0.03125
  2.04599	-0.046875
  2.04608	-0.03125
  2.04617	-0.0234375
  2.04626	-0.0234375
  2.04635	-0.0234375
  2.04644	-0.0390625
  2.04653	-0.0546875
  2.04662	-0.0234375
  2.04671	-0.03125
  2.0468	-0.03125
  2.04689	-0.03125
  2.04698	-0.0390625
  2.04707	-0.03125
  2.04717	-0.046875
  2.04726	-0.0390625
  2.04735	-0.0390625
  2.04744	-0.03125
  2.04753	0.0078125
  2.04762	0.0078125
  2.04771	-0.015625
  2.0478	-0.03125
  2.04789	-0.0234375
  2.04798	-0.0234375
  2.04807	0
  2.04816	0.0234375
  2.04825	0.03125
  2.04834	0.0390625
  2.04844	0.046875
  2.04853	0.046875
  2.04862	0.0625
  2.04871	0.0859375
  2.0488	0.0859375
  2.04889	0.0625
  2.04898	0.0625
  2.04907	0.0625
  2.04916	0.046875
  2.04925	0.03125
  2.04934	0.0234375
  2.04943	0.0234375
  2.04952	0.015625
  2.04961	0
  2.04971	0
  2.0498	0.015625
  2.04989	0.03125
  2.04998	0.03125
  2.05007	0.015625
  2.05016	0.015625
  2.05025	0.0078125
  2.05034	0.0234375
  2.05043	0.0390625
  2.05052	0.046875
  2.05061	0.046875
  2.0507	0
  2.05079	0
  2.05088	0.015625
  2.05098	0.0078125
  2.05107	0.015625
  2.05116	0.046875
  2.05125	0.046875
  2.05134	0.03125
  2.05143	0.015625
  2.05152	0.015625
  2.05161	0.0234375
  2.0517	0.015625
  2.05179	0.0234375
  2.05188	0.0390625
  2.05197	0.0546875
  2.05206	0.046875
  2.05215	0
  2.05224	-0.0078125
  2.05234	0
  2.05243	0.0390625
  2.05252	0.078125
  2.05261	0.0703125
  2.0527	0.078125
  2.05279	0.0859375
  2.05288	0.09375
  2.05297	0.101562
  2.05306	0.109375
  2.05315	0.117188
  2.05324	0.09375
  2.05333	0.09375
  2.05342	0.0859375
  2.05351	0.0703125
  2.05361	0.0625
  2.0537	0.0625
  2.05379	0.046875
  2.05388	0.03125
  2.05397	0.03125
  2.05406	0.0390625
  2.05415	0.03125
  2.05424	0.0390625
  2.05433	0.0546875
  2.05442	0.0625
  2.05451	0.0703125
  2.0546	0.078125
  2.05469	0.0625
  2.05478	0.046875
  2.05488	0.0546875
  2.05497	0.03125
  2.05506	0.0234375
  2.05515	0.0078125
  2.05524	-0.0234375
  2.05533	0.0078125
  2.05542	0.03125
  2.05551	0.0078125
  2.0556	-0.015625
  2.05569	-0.015625
  2.05578	0
  2.05587	0.0078125
  2.05596	0.0078125
  2.05605	0
  2.05615	-0.0078125
  2.05624	0.0078125
  2.05633	0.0078125
  2.05642	0.015625
  2.05651	0.0078125
  2.0566	0
  2.05669	0
  2.05678	0.0078125
  2.05687	0.0234375
  2.05696	0.0078125
  2.05705	-0.0234375
  2.05714	-0.015625
  2.05723	-0.0078125
  2.05732	-0.0078125
  2.05742	-0.015625
  2.05751	-0.015625
  2.0576	-0.0078125
  2.05769	-0.0078125
  2.05778	-0.0078125
  2.05787	0
  2.05796	0.015625
  2.05805	0.0234375
  2.05814	0.015625
  2.05823	0.015625
  2.05832	0.015625
  2.05841	-0.0078125
  2.0585	-0.03125
  2.05859	-0.0390625
  2.05868	-0.03125
  2.05878	-0.0234375
  2.05887	-0.015625
  2.05896	-0.0234375
  2.05905	-0.0234375
  2.05914	-0.0234375
  2.05923	-0.015625
  2.05932	-0.0078125
  2.05941	0.015625
  2.0595	0.015625
  2.05959	0.0078125
  2.05968	0.0078125
  2.05977	0
  2.05986	-0.015625
  2.05995	0
  2.06005	0.0078125
  2.06014	0.0234375
  2.06023	0.0390625
  2.06032	0.015625
  2.06041	0.0078125
  2.0605	0
  2.06059	-0.0078125
  2.06068	0.0078125
  2.06077	0.0234375
  2.06086	0.0390625
  2.06095	0.0390625
  2.06104	0.03125
  2.06113	0.0234375
  2.06122	0.015625
  2.06132	0.0234375
  2.06141	0.0234375
  2.0615	0.03125
  2.06159	0.046875
  2.06168	0.0546875
  2.06177	0.03125
  2.06186	0.015625
  2.06195	0.0234375
  2.06204	0.03125
  2.06213	0.0390625
  2.06222	0.0390625
  2.06231	0.046875
  2.0624	0.046875
  2.06249	0.0390625
  2.06258	0.0390625
  2.06268	0.0234375
  2.06277	0.0234375
  2.06286	0.0234375
  2.06295	0.046875
  2.06304	0.0546875
  2.06313	0.03125
  2.06322	0
  2.06331	-0.0234375
  2.0634	-0.0234375
  2.06349	0.0078125
  2.06358	0.0546875
  2.06367	0.0625
  2.06376	0.046875
  2.06385	0.03125
  2.06395	0.03125
  2.06404	0.015625
  2.06413	0.015625
  2.06422	0.015625
  2.06431	0.0234375
  2.0644	0.0234375
  2.06449	0.015625
  2.06458	0.015625
  2.06467	0.0078125
  2.06476	0.0078125
  2.06485	0
  2.06494	0.03125
  2.06503	0.0546875
  2.06512	0.0546875
  2.06522	0.046875
  2.06531	0.0546875
  2.0654	0.0625
  2.06549	0.0546875
  2.06558	0.0546875
  2.06567	0.0703125
  2.06576	0.0703125
  2.06585	0.0703125
  2.06594	0.078125
  2.06603	0.0703125
  2.06612	0.046875
  2.06621	0.015625
  2.0663	0.03125
  2.06639	0.0390625
  2.06649	0.0625
  2.06658	0.0625
  2.06667	0.0546875
  2.06676	0.0234375
  2.06685	0
  2.06694	0.0078125
  2.06703	0.0234375
  2.06712	0.046875
  2.06721	0.0625
  2.0673	0.0625
  2.06739	0.0234375
  2.06748	0.0078125
  2.06757	-0.0078125
  2.06766	-0.0078125
  2.06776	0
  2.06785	0.015625
  2.06794	0.03125
  2.06803	0.0078125
  2.06812	-0.015625
  2.06821	0.015625
  2.0683	0.03125
  2.06839	0.03125
  2.06848	0.015625
  2.06857	-0.015625
  2.06866	-0.0234375
  2.06875	0.0078125
  2.06884	0.015625
  2.06893	0.0078125
  2.06902	0.015625
  2.06912	0.015625
  2.06921	-0.0078125
  2.0693	0
  2.06939	0.0078125
  2.06948	0.015625
  2.06957	0.0390625
  2.06966	0.03125
  2.06975	0.03125
  2.06984	0.015625
  2.06993	0
  2.07002	0
  2.07011	-0.015625
  2.0702	-0.015625
  2.07029	0.0078125
  2.07039	0
  2.07048	-0.015625
  2.07057	-0.0234375
  2.07066	-0.0390625
  2.07075	-0.0234375
  2.07084	0.0078125
  2.07093	0.0078125
  2.07102	0.015625
  2.07111	0.0390625
  2.0712	0.0234375
  2.07129	0.0234375
  2.07138	0.0234375
  2.07147	0.015625
  2.07156	0.0234375
  2.07166	0.015625
  2.07175	0
  2.07184	0.015625
  2.07193	0.0078125
  2.07202	0.0078125
  2.07211	0.015625
  2.0722	0.015625
  2.07229	0.03125
  2.07238	0.046875
  2.07247	0.046875
  2.07256	0.0625
  2.07265	0.0703125
  2.07274	0.046875
  2.07283	0.046875
  2.07293	0.0390625
  2.07302	0.0546875
  2.07311	0.0390625
  2.0732	0.0078125
  2.07329	0
  2.07338	-0.0078125
  2.07347	0
  2.07356	0.0234375
  2.07365	0.0234375
  2.07374	0.015625
  2.07383	0.0078125
  2.07392	0.0234375
  2.07401	0.03125
  2.0741	0.03125
  2.0742	0.0390625
  2.07429	0.046875
  2.07438	0.03125
  2.07447	0.0078125
  2.07456	-0.0078125
  2.07465	-0.0234375
  2.07474	-0.015625
  2.07483	0.0078125
  2.07492	0.0078125
  2.07501	0
  2.0751	0
  2.07519	0.0078125
  2.07528	0
  2.07537	0
  2.07546	0.0078125
  2.07556	0.015625
  2.07565	0.0078125
  2.07574	-0.0078125
  2.07583	-0.015625
  2.07592	0
  2.07601	0.0234375
  2.0761	0.0390625
  2.07619	0.0546875
  2.07628	0.0546875
  2.07637	0.078125
  2.07646	0.0859375
  2.07655	0.0859375
  2.07664	0.078125
  2.07673	0.0703125
  2.07683	0.0859375
  2.07692	0.09375
  2.07701	0.078125
  2.0771	0.078125
  2.07719	0.0625
  2.07728	0.0546875
  2.07737	0.046875
  2.07746	0.0390625
  2.07755	0.0390625
  2.07764	0.046875
  2.07773	0.0625
  2.07782	0.0546875
  2.07791	0.046875
  2.078	0.03125
  2.0781	0.0390625
  2.07819	0.03125
  2.07828	0.03125
  2.07837	0.0234375
  2.07846	0.015625
  2.07855	0.0078125
  2.07864	0
  2.07873	0.015625
  2.07882	0.0078125
  2.07891	0.015625
  2.079	0.0234375
  2.07909	0
  2.07918	-0.015625
  2.07927	-0.0078125
  2.07937	-0.015625
  2.07946	-0.015625
  2.07955	-0.015625
  2.07964	-0.0078125
  2.07973	0
  2.07982	-0.015625
  2.07991	-0.0078125
  2.08	-0.0078125
  2.08009	-0.0078125
  2.08018	-0.03125
  2.08027	-0.0234375
  2.08036	-0.0234375
  2.08045	-0.03125
  2.08054	-0.0234375
  2.08063	-0.015625
  2.08073	-0.015625
  2.08082	0
  2.08091	0.0234375
  2.081	0.0234375
  2.08109	0.015625
  2.08118	0.015625
  2.08127	0.03125
  2.08136	0.03125
  2.08145	0.0234375
  2.08154	0.0078125
  2.08163	0
  2.08172	-0.0078125
  2.08181	-0.0078125
  2.0819	-0.015625
  2.082	-0.015625
  2.08209	-0.0078125
  2.08218	0.0078125
  2.08227	0.0234375
  2.08236	0.015625
  2.08245	0.015625
  2.08254	0.015625
  2.08263	0.0234375
  2.08272	0.015625
  2.08281	0
  2.0829	0.0078125
  2.08299	0.015625
  2.08308	0.0234375
  2.08317	0.0390625
  2.08327	0.046875
  2.08336	0.015625
  2.08345	0.0078125
  2.08354	0.015625
  2.08363	0.0234375
  2.08372	0.0390625
  2.08381	0.0390625
  2.0839	0.03125
  2.08399	0.015625
  2.08408	0.015625
  2.08417	0.015625
  2.08426	0.0234375
  2.08435	0.0078125
  2.08444	0.0078125
  2.08454	0.0234375
  2.08463	0.03125
  2.08472	0.015625
  2.08481	0.015625
  2.0849	0.0234375
  2.08499	0.015625
  2.08508	0
  2.08517	0
  2.08526	0
  2.08535	0.015625
  2.08544	0.0234375
  2.08553	0.0234375
  2.08562	0.015625
  2.08571	0.0078125
  2.08581	0
  2.0859	0
  2.08599	0.0078125
  2.08608	0.03125
  2.08617	0.0546875
  2.08626	0.0546875
  2.08635	0.0546875
  2.08644	0.0390625
  2.08653	0.0234375
  2.08662	0.0234375
  2.08671	0.0234375
  2.0868	0.0078125
  2.08689	-0.0078125
  2.08698	0
  2.08707	0
  2.08717	-0.0078125
  2.08726	-0.0078125
  2.08735	-0.015625
  2.08744	0
  2.08753	0.0234375
  2.08762	0.03125
  2.08771	0.0390625
  2.0878	0.03125
  2.08789	0.0234375
  2.08798	0.0234375
  2.08807	0.015625
  2.08816	0.0078125
  2.08825	-0.0078125
  2.08834	-0.015625
  2.08844	-0.0078125
  2.08853	0
  2.08862	-0.0078125
  2.08871	-0.0078125
  2.0888	-0.0078125
  2.08889	-0.0078125
  2.08898	0.03125
  2.08907	0.03125
  2.08916	0.03125
  2.08925	0.03125
  2.08934	0.015625
  2.08943	0.0390625
  2.08952	0.078125
  2.08961	0.0546875
  2.08971	0.0390625
  2.0898	0.03125
  2.08989	0.015625
  2.08998	0.015625
  2.09007	0.015625
  2.09016	0.015625
  2.09025	0.03125
  2.09034	0.0234375
  2.09043	0.03125
  2.09052	0.0390625
  2.09061	0.046875
  2.0907	0.046875
  2.09079	0.0546875
  2.09088	0.046875
  2.09098	0.0390625
  2.09107	0.03125
  2.09116	0.0078125
  2.09125	0
  2.09134	0.015625
  2.09143	0.015625
  2.09152	0.0234375
  2.09161	0.03125
  2.0917	0.0234375
  2.09179	0.0234375
  2.09188	0.03125
  2.09197	0.03125
  2.09206	0.0234375
  2.09215	0.0078125
  2.09224	-0.0078125
  2.09234	0
  2.09243	0
  2.09252	-0.0078125
  2.09261	0
  2.0927	0.0234375
  2.09279	0.015625
  2.09288	0.0234375
  2.09297	0.0390625
  2.09306	0.0546875
  2.09315	0.0625
  2.09324	0.046875
  2.09333	0.015625
  2.09342	-0.0078125
  2.09351	0.0078125
  2.09361	0.0234375
  2.0937	0.0234375
  2.09379	0.0078125
  2.09388	0.0234375
  2.09397	0.046875
  2.09406	0.03125
  2.09415	0.03125
  2.09424	0.03125
  2.09433	0.03125
  2.09442	0.046875
  2.09451	0.046875
  2.0946	0.0234375
  2.09469	0.0234375
  2.09478	0.03125
  2.09488	0.015625
  2.09497	0.0078125
  2.09506	0.0078125
  2.09515	0.0234375
  2.09524	0.03125
  2.09533	0.0234375
  2.09542	0.0234375
  2.09551	0.03125
  2.0956	0.0390625
  2.09569	0.0390625
  2.09578	0.03125
  2.09587	0.0234375
  2.09596	0.03125
  2.09605	0.046875
  2.09615	0.046875
  2.09624	0.0390625
  2.09633	0.0390625
  2.09642	0.0234375
  2.09651	0.015625
  2.0966	0.0234375
  2.09669	0.015625
  2.09678	-0.0078125
  2.09687	0.0078125
  2.09696	0
  2.09705	-0.0078125
  2.09714	-0.0078125
  2.09723	0
  2.09732	0.0078125
  2.09741	-0.0078125
  2.09751	0.0078125
  2.0976	0.0234375
  2.09769	0.0234375
  2.09778	0.0234375
  2.09787	0.03125
  2.09796	0.03125
  2.09805	0.0234375
  2.09814	0.015625
  2.09823	0.0078125
  2.09832	-0.0078125
  2.09841	-0.015625
  2.0985	-0.015625
  2.09859	-0.0078125
  2.09868	0.015625
  2.09878	0.0078125
  2.09887	-0.0078125
  2.09896	-0.0078125
  2.09905	0.0078125
  2.09914	0.0078125
  2.09923	0.015625
  2.09932	0.0234375
  2.09941	0.015625
  2.0995	-0.0078125
  2.09959	-0.015625
  2.09968	-0.0078125
  2.09977	-0.0234375
  2.09986	-0.015625
  2.09995	-0.0078125
  2.10005	-0.015625
  2.10014	-0.0234375
  2.10023	-0.03125
  2.10032	-0.03125
  2.10041	-0.0234375
  2.1005	0.0078125
  2.10059	0.0078125
  2.10068	0.0078125
  2.10077	0.0078125
  2.10086	0.0078125
  2.10095	0.0078125
  2.10104	0
  2.10113	0
  2.10122	-0.0234375
  2.10132	-0.0390625
  2.10141	-0.03125
  2.1015	-0.03125
  2.10159	-0.046875
  2.10168	-0.03125
  2.10177	-0.03125
  2.10186	-0.03125
  2.10195	-0.015625
  2.10204	-0.0078125
  2.10213	-0.0078125
  2.10222	0.0078125
  2.10231	0.0078125
  2.1024	-0.015625
  2.10249	-0.0234375
  2.10258	-0.0078125
  2.10268	0.0078125
  2.10277	0.0234375
  2.10286	0.0390625
  2.10295	0.0234375
  2.10304	-0.0078125
  2.10313	0.0078125
  2.10322	0.03125
  2.10331	0.0390625
  2.1034	0.0546875
  2.10349	0.0703125
  2.10358	0.0703125
  2.10367	0.046875
  2.10376	0.0390625
  2.10385	0.0234375
  2.10395	0.0234375
  2.10404	0.03125
  2.10413	0.015625
  2.10422	0.0078125
  2.10431	-0.0078125
  2.1044	-0.015625
  2.10449	-0.0078125
  2.10458	0.0078125
  2.10467	0
  2.10476	0
  2.10485	-0.015625
  2.10494	-0.015625
  2.10503	-0.015625
  2.10512	-0.0078125
  2.10522	0
  2.10531	0.015625
  2.1054	-0.0078125
  2.10549	0.0078125
  2.10558	0.015625
  2.10567	0.0078125
  2.10576	0.0234375
  2.10585	0.0546875
  2.10594	0.0703125
  2.10603	0.0546875
  2.10612	0.078125
  2.10621	0.09375
  2.1063	0.101562
  2.10639	0.078125
  2.10649	0.0703125
  2.10658	0.0625
  2.10667	0.0546875
  2.10676	0.0625
  2.10685	0.0625
  2.10694	0.0546875
  2.10703	0.0625
  2.10712	0.0546875
  2.10721	0.0625
  2.1073	0.078125
  2.10739	0.0703125
  2.10748	0.0390625
  2.10757	0.046875
  2.10766	0.0546875
  2.10776	0.046875
  2.10785	0.0546875
  2.10794	0.0625
  2.10803	0.0546875
  2.10812	0.03125
  2.10821	0.015625
  2.1083	0.0078125
  2.10839	-0.0078125
  2.10848	-0.0078125
  2.10857	0.0078125
  2.10866	0
  2.10875	0.0234375
  2.10884	0.0234375
  2.10893	0.0234375
  2.10902	0.015625
  2.10912	0
  2.10921	-0.015625
  2.1093	-0.0078125
  2.10939	0
  2.10948	0
  2.10957	0.0078125
  2.10966	0.0078125
  2.10975	0.0078125
  2.10984	0
  2.10993	0.015625
  2.11002	0.046875
  2.11011	0.0390625
  2.1102	0.0234375
  2.11029	0.0234375
  2.11039	0.046875
  2.11048	0.0625
  2.11057	0.0546875
  2.11066	0.046875
  2.11075	0.0234375
  2.11084	0.0078125
  2.11093	0.015625
  2.11102	0.0078125
  2.11111	0.0234375
  2.1112	0.0234375
  2.11129	0.0234375
  2.11138	0.0390625
  2.11147	0.0390625
  2.11156	0.03125
  2.11166	0.015625
  2.11175	0.0234375
  2.11184	0.0390625
  2.11193	0.015625
  2.11202	0.0078125
  2.11211	0.015625
  2.1122	-0.0078125
  2.11229	-0.03125
  2.11238	-0.03125
  2.11247	-0.046875
  2.11256	-0.0234375
  2.11265	0
  2.11274	0.0234375
  2.11283	0.03125
  2.11293	0.046875
  2.11302	0.0546875
  2.11311	0.03125
  2.1132	0.0390625
  2.11329	0.03125
  2.11338	0.0078125
  2.11347	0
  2.11356	0.0078125
  2.11365	-0.015625
  2.11374	-0.03125
  2.11383	-0.03125
  2.11392	-0.0546875
  2.11401	-0.0625
  2.1141	-0.046875
  2.1142	-0.03125
  2.11429	-0.0390625
  2.11438	-0.0390625
  2.11447	-0.0078125
  2.11456	-0.0078125
  2.11465	-0.0078125
  2.11474	0.015625
  2.11483	0
  2.11492	0
  2.11501	0
  2.1151	-0.0078125
  2.11519	-0.015625
  2.11528	-0.015625
  2.11537	-0.0078125
  2.11546	-0.0234375
  2.11556	-0.0390625
  2.11565	-0.0390625
  2.11574	-0.0390625
  2.11583	-0.0390625
  2.11592	-0.0234375
  2.11601	-0.0234375
  2.1161	0
  2.11619	0.015625
  2.11628	0.03125
  2.11637	0.0234375
  2.11646	0.0234375
  2.11655	0.03125
  2.11664	0.0234375
  2.11673	0.0234375
  2.11683	0.03125
  2.11692	0.03125
  2.11701	0.03125
  2.1171	0.046875
  2.11719	0.046875
  2.11728	0.0546875
  2.11737	0.0625
  2.11746	0.0546875
  2.11755	0.0703125
  2.11764	0.0859375
  2.11773	0.0703125
  2.11782	0.0625
  2.11791	0.0703125
  2.118	0.0703125
  2.1181	0.0625
  2.11819	0.0625
  2.11828	0.0546875
  2.11837	0.015625
  2.11846	0.0625
  2.11855	0.078125
  2.11864	0.0703125
  2.11873	0.0703125
  2.11882	0.0625
  2.11891	0.046875
  2.119	0.015625
  2.11909	0.015625
  2.11918	0.0234375
  2.11927	0.0078125
  2.11937	0.0390625
  2.11946	0.03125
  2.11955	0.0078125
  2.11964	-0.0078125
  2.11973	-0.0078125
  2.11982	-0.0078125
  2.11991	-0.015625
  2.12	0
  2.12009	-0.0078125
  2.12018	0.0078125
  2.12027	0.0234375
  2.12036	0.015625
  2.12045	-0.0078125
  2.12054	0.015625
  2.12063	0.015625
  2.12073	0
  2.12082	0.0234375
  2.12091	0.0234375
  2.121	0.0078125
  2.12109	0.0078125
  2.12118	0
  2.12127	-0.015625
  2.12136	-0.015625
  2.12145	-0.03125
  2.12154	-0.0390625
  2.12163	-0.0234375
  2.12172	-0.0078125
  2.12181	-0.0078125
  2.1219	0.0078125
  2.122	0.0078125
  2.12209	0.0078125
  2.12218	-0.0078125
  2.12227	0.0078125
  2.12236	0.0078125
  2.12245	0
  2.12254	0.03125
  2.12263	0.046875
  2.12272	0.0390625
  2.12281	0.0390625
  2.1229	0.03125
  2.12299	0.0078125
  2.12308	0.0234375
  2.12317	0.0234375
  2.12327	0.015625
  2.12336	0.0234375
  2.12345	0.0234375
  2.12354	0.0078125
  2.12363	0.0078125
  2.12372	0.0234375
  2.12381	0.0234375
  2.1239	0.0234375
  2.12399	0.03125
  2.12408	0.0234375
  2.12417	0.015625
  2.12426	0.0234375
  2.12435	0.03125
  2.12444	0.046875
  2.12454	0.0390625
  2.12463	0.0078125
  2.12472	0
  2.12481	0.0078125
  2.1249	0
  2.12499	0
  2.12508	0
  2.12517	0.0234375
  2.12526	0.03125
  2.12535	0.0390625
  2.12544	0.0390625
  2.12553	0.0234375
  2.12562	0.03125
  2.12571	0.03125
  2.12581	0.03125
  2.1259	0.0234375
  2.12599	0.015625
  2.12608	0.015625
  2.12617	0.03125
  2.12626	0.03125
  2.12635	0.0234375
  2.12644	0.015625
  2.12653	0.0390625
  2.12662	0.0390625
  2.12671	0.015625
  2.1268	0.015625
  2.12689	0.015625
  2.12698	0.015625
  2.12707	0.0078125
  2.12717	0.03125
  2.12726	0.015625
  2.12735	0.0234375
  2.12744	0.03125
  2.12753	0.0234375
  2.12762	0.0234375
  2.12771	0.0234375
  2.1278	0.0078125
  2.12789	-0.015625
  2.12798	-0.0234375
  2.12807	-0.0234375
  2.12816	-0.03125
  2.12825	-0.0546875
  2.12834	-0.0390625
  2.12844	-0.0234375
  2.12853	0.0078125
  2.12862	0.015625
  2.12871	-0.0078125
  2.1288	-0.015625
  2.12889	0
  2.12898	0.0078125
  2.12907	0.015625
  2.12916	0.015625
  2.12925	0.03125
  2.12934	0.0546875
  2.12943	0.046875
  2.12952	0.0390625
  2.12961	0.0390625
  2.12971	0.046875
  2.1298	0.046875
  2.12989	0.0546875
  2.12998	0.0546875
  2.13007	0.0625
  2.13016	0.0546875
  2.13025	0.0546875
  2.13034	0.0625
  2.13043	0.0625
  2.13052	0.046875
  2.13061	0.046875
  2.1307	0.0703125
  2.13079	0.0703125
  2.13088	0.0625
  2.13098	0.0703125
  2.13107	0.0703125
  2.13116	0.0546875
  2.13125	0.0546875
  2.13134	0.0625
  2.13143	0.0390625
  2.13152	0.0234375
  2.13161	0.0078125
  2.1317	0.0078125
  2.13179	0.015625
  2.13188	0
  2.13197	0.0078125
  2.13206	0.0234375
  2.13215	0.03125
  2.13224	0.0390625
  2.13234	0.03125
  2.13243	0
  2.13252	-0.0234375
  2.13261	-0.0390625
  2.1327	-0.046875
  2.13279	-0.046875
  2.13288	-0.046875
  2.13297	-0.0390625
  2.13306	-0.0390625
  2.13315	-0.0390625
  2.13324	-0.0390625
  2.13333	-0.0390625
  2.13342	-0.03125
  2.13351	-0.0390625
  2.13361	-0.046875
  2.1337	-0.03125
  2.13379	-0.0078125
  2.13388	-0.015625
  2.13397	-0.03125
  2.13406	-0.015625
  2.13415	-0.015625
  2.13424	0
  2.13433	0.015625
  2.13442	0.015625
  2.13451	-0.0078125
  2.1346	0.0078125
  2.13469	0.0234375
  2.13478	-0.0078125
  2.13488	0.0078125
  2.13497	0.0234375
  2.13506	0.015625
  2.13515	0.0234375
  2.13524	0.0234375
  2.13533	0.03125
  2.13542	0.0234375
  2.13551	0.015625
  2.1356	0.015625
  2.13569	0.03125
  2.13578	0.046875
  2.13587	0.0625
  2.13596	0.0625
  2.13605	0.0703125
  2.13615	0.0703125
  2.13624	0.046875
  2.13633	0.0390625
  2.13642	0.03125
  2.13651	0.0078125
  2.1366	0.0390625
  2.13669	0.03125
  2.13678	0.0078125
  2.13687	0.015625
  2.13696	-0.0234375
  2.13705	-0.0234375
  2.13714	-0.015625
  2.13723	0.0234375
  2.13732	0.0390625
  2.13741	0.03125
  2.13751	0.0546875
  2.1376	0.0546875
  2.13769	0.0546875
  2.13778	0.0546875
  2.13787	0.0546875
  2.13796	0.0625
  2.13805	0.0703125
  2.13814	0.0546875
  2.13823	0.0390625
  2.13832	0.0234375
  2.13841	0.015625
  2.1385	0.0234375
  2.13859	0.015625
  2.13868	0
  2.13878	0.015625
  2.13887	0.03125
  2.13896	0.046875
  2.13905	0.0546875
  2.13914	0.0390625
  2.13923	0.0390625
  2.13932	0.0390625
  2.13941	0.0390625
  2.1395	0.03125
  2.13959	0.0234375
  2.13968	0.015625
  2.13977	0.0234375
  2.13986	0.046875
  2.13995	0.046875
  2.14005	0.0546875
  2.14014	0.0546875
  2.14023	0.0703125
  2.14032	0.0390625
  2.14041	0.0234375
  2.1405	0.0234375
  2.14059	0.0234375
  2.14068	0.03125
  2.14077	0.015625
  2.14086	0.0234375
  2.14095	0.0390625
  2.14104	0.0546875
  2.14113	0.0546875
  2.14122	0.0546875
  2.14132	0.0703125
  2.14141	0.0625
  2.1415	0.046875
  2.14159	0.0234375
  2.14168	-0.0078125
  2.14177	0.015625
  2.14186	0.0078125
  2.14195	0.0234375
  2.14204	0.0234375
  2.14213	0.03125
  2.14222	0.0390625
  2.14231	0.03125
  2.1424	0.0390625
  2.14249	0.015625
  2.14258	0.015625
  2.14268	0.0234375
  2.14277	0.03125
  2.14286	0.0234375
  2.14295	0.0234375
  2.14304	0.015625
  2.14313	0.0078125
  2.14322	-0.015625
  2.14331	0
  2.1434	0
  2.14349	-0.015625
  2.14358	-0.0078125
  2.14367	-0.015625
  2.14376	0
  2.14385	0.0234375
  2.14395	0.015625
  2.14404	0
  2.14413	-0.015625
  2.14422	-0.015625
  2.14431	0
  2.1444	0.015625
  2.14449	0.0234375
  2.14458	0.015625
  2.14467	0.0078125
  2.14476	-0.03125
  2.14485	-0.0078125
  2.14494	-0.0078125
  2.14503	0
  2.14512	0.0390625
  2.14522	0
  2.14531	0
  2.1454	-0.03125
  2.14549	-0.046875
  2.14558	-0.0390625
  2.14567	-0.0234375
  2.14576	-0.0390625
  2.14585	-0.0546875
  2.14594	-0.0703125
  2.14603	-0.0625
  2.14612	-0.03125
  2.14621	-0.03125
  2.1463	-0.0390625
  2.14639	-0.03125
  2.14649	-0.0625
  2.14658	-0.0546875
  2.14667	-0.03125
  2.14676	-0.0390625
  2.14685	-0.03125
  2.14694	-0.0390625
  2.14703	-0.046875
  2.14712	-0.046875
  2.14721	-0.0546875
  2.1473	-0.03125
  2.14739	-0.0078125
  2.14748	-0.0078125
  2.14757	0.0078125
  2.14766	0.015625
  2.14776	0.03125
  2.14785	0.0390625
  2.14794	0.0390625
  2.14803	0.03125
  2.14812	0.0234375
  2.14821	0.046875
  2.1483	0.0625
  2.14839	0.0625
  2.14848	0.0625
  2.14857	0.0703125
  2.14866	0.0546875
  2.14875	0.046875
  2.14884	0.0546875
  2.14893	0.0703125
  2.14902	0.078125
  2.14912	0.0625
  2.14921	0.0546875
  2.1493	0.0546875
  2.14939	0.0625
  2.14948	0.0625
  2.14957	0.0625
  2.14966	0.0625
  2.14975	0.046875
  2.14984	0.0625
  2.14993	0.0625
  2.15002	0.0546875
  2.15011	0.046875
  2.1502	0.0234375
  2.15029	0.03125
  2.15039	0.046875
  2.15048	0.0390625
  2.15057	0.03125
  2.15066	0.0234375
  2.15075	0.015625
  2.15084	0.015625
  2.15093	0.03125
  2.15102	0.046875
  2.15111	0.046875
  2.1512	0.0390625
  2.15129	0.0234375
  2.15138	0.015625
  2.15147	0.03125
  2.15156	0.0546875
  2.15166	0.0625
  2.15175	0.0703125
  2.15184	0.0703125
  2.15193	0.0703125
  2.15202	0.078125
  2.15211	0.09375
  2.1522	0.078125
  2.15229	0.0703125
  2.15238	0.0546875
  2.15247	0.046875
  2.15256	0.0625
  2.15265	0.0390625
  2.15274	0.03125
  2.15283	0.0546875
  2.15293	0.0625
  2.15302	0.0703125
  2.15311	0.078125
  2.1532	0.078125
  2.15329	0.0703125
  2.15338	0.0546875
  2.15347	0.0546875
  2.15356	0.0546875
  2.15365	0.0390625
  2.15374	0.0234375
  2.15383	0.015625
  2.15392	0.0078125
  2.15401	0.0078125
  2.1541	0.015625
  2.1542	0.03125
  2.15429	0.0390625
  2.15438	0.0234375
  2.15447	0.015625
  2.15456	0.0234375
  2.15465	0.0234375
  2.15474	0.015625
  2.15483	0.015625
  2.15492	0.015625
  2.15501	-0.0234375
  2.1551	-0.0390625
  2.15519	-0.0390625
  2.15528	-0.0625
  2.15537	-0.0546875
  2.15546	-0.0625
  2.15556	-0.0546875
  2.15565	-0.0546875
  2.15574	-0.046875
  2.15583	-0.0390625
  2.15592	-0.0390625
  2.15601	-0.046875
  2.1561	-0.0390625
  2.15619	-0.0234375
  2.15628	-0.0078125
  2.15637	-0.0078125
  2.15646	-0.0234375
  2.15655	-0.0234375
  2.15664	-0.0390625
  2.15673	-0.0390625
  2.15683	-0.03125
  2.15692	-0.03125
  2.15701	-0.0546875
  2.1571	-0.0546875
  2.15719	-0.0625
  2.15728	-0.046875
  2.15737	-0.015625
  2.15746	0
  2.15755	0.0234375
  2.15764	0.0234375
  2.15773	0.015625
  2.15782	0.015625
  2.15791	0.0234375
  2.158	0.03125
  2.1581	0.03125
  2.15819	0.03125
  2.15828	0.046875
  2.15837	0.0390625
  2.15846	0.03125
  2.15855	0.03125
  2.15864	0.0390625
  2.15873	0.046875
  2.15882	0.0625
  2.15891	0.0625
  2.159	0.03125
  2.15909	0.0234375
  2.15918	0.015625
  2.15927	0.0078125
  2.15937	0.0078125
  2.15946	0
  2.15955	0
  2.15964	0.015625
  2.15973	0.0078125
  2.15982	0.0078125
  2.15991	0.015625
  2.16	0.0234375
  2.16009	0.03125
  2.16018	0.03125
  2.16027	0.015625
  2.16036	0.015625
  2.16045	0.0234375
  2.16054	0.03125
  2.16063	0.03125
  2.16073	0.03125
  2.16082	0.015625
  2.16091	0.0078125
  2.161	0.0078125
  2.16109	0.015625
  2.16118	0
  2.16127	0.0078125
  2.16136	0.0390625
  2.16145	0.0390625
  2.16154	0.046875
  2.16163	0.0703125
  2.16172	0.0546875
  2.16181	0.046875
  2.1619	0.0625
  2.162	0.046875
  2.16209	0.03125
  2.16218	0.046875
  2.16227	0.0546875
  2.16236	0.03125
  2.16245	0.0390625
  2.16254	0.046875
  2.16263	0.0390625
  2.16272	0.0390625
  2.16281	0.03125
  2.1629	0.0390625
  2.16299	0.0234375
  2.16308	0.046875
  2.16317	0.0703125
  2.16327	0.0625
  2.16336	0.0390625
  2.16345	0.0390625
  2.16354	0.03125
  2.16363	0.015625
  2.16372	0.03125
  2.16381	0.0546875
  2.1639	0.0546875
  2.16399	0.0546875
  2.16408	0.03125
  2.16417	0.03125
  2.16426	0.0390625
  2.16435	0.0546875
  2.16444	0.078125
  2.16454	0.0703125
  2.16463	0.0703125
  2.16472	0.0625
  2.16481	0.0625
  2.1649	0.046875
  2.16499	0.0390625
  2.16508	0.046875
  2.16517	0.0625
  2.16526	0.0625
  2.16535	0.0625
  2.16544	0.078125
  2.16553	0.0859375
  2.16562	0.09375
  2.16571	0.101562
  2.16581	0.078125
  2.1659	0.046875
  2.16599	0.03125
  2.16608	0.015625
  2.16617	0.0234375
  2.16626	0.0234375
  2.16635	0.03125
  2.16644	0.046875
  2.16653	0.0546875
  2.16662	0.0546875
  2.16671	0.0234375
  2.1668	0.015625
  2.16689	0.015625
  2.16698	0
  2.16707	0.0078125
  2.16717	0.015625
  2.16726	0.015625
  2.16735	0.015625
  2.16744	0.03125
  2.16753	0.0234375
  2.16762	0.03125
  2.16771	0.03125
  2.1678	0.015625
  2.16789	0
  2.16798	-0.015625
  2.16807	-0.015625
  2.16816	-0.015625
  2.16825	-0.015625
  2.16834	-0.015625
  2.16844	-0.0234375
  2.16853	-0.0234375
  2.16862	-0.015625
  2.16871	-0.0078125
  2.1688	0.0078125
  2.16889	0.015625
  2.16898	0.0078125
  2.16907	-0.015625
  2.16916	-0.0390625
  2.16925	-0.0625
  2.16934	-0.0703125
  2.16943	-0.0703125
  2.16952	-0.0625
  2.16961	-0.0625
  2.16971	-0.0390625
  2.1698	-0.015625
  2.16989	-0.0078125
  2.16998	-0.0078125
  2.17007	-0.03125
  2.17016	-0.0390625
  2.17025	-0.03125
  2.17034	-0.0390625
  2.17043	-0.03125
  2.17052	-0.03125
  2.17061	-0.0234375
  2.1707	-0.015625
  2.17079	-0.015625
  2.17088	-0.015625
  2.17098	-0.0234375
  2.17107	-0.0078125
  2.17116	0.0078125
  2.17125	0.015625
  2.17134	0.0234375
  2.17143	0.0234375
  2.17152	0.0234375
  2.17161	0.03125
  2.1717	0.0234375
  2.17179	0.015625
  2.17188	0
  2.17197	-0.015625
  2.17206	-0.015625
  2.17215	-0.03125
  2.17224	-0.0234375
  2.17234	-0.015625
  2.17243	0
  2.17252	0
  2.17261	0.0078125
  2.1727	0.015625
  2.17279	0.0234375
  2.17288	0.015625
  2.17297	0.015625
  2.17306	0.03125
  2.17315	0.046875
  2.17324	0.0625
  2.17333	0.0625
  2.17342	0.0703125
  2.17351	0.046875
  2.17361	0.0390625
  2.1737	0.0390625
  2.17379	0.03125
  2.17388	0.046875
  2.17397	0.046875
  2.17406	0.0625
  2.17415	0.046875
  2.17424	0.03125
  2.17433	0.0625
  2.17442	0.0703125
  2.17451	0.0703125
  2.1746	0.0625
  2.17469	0.0546875
  2.17478	0.0703125
  2.17488	0.078125
  2.17497	0.078125
  2.17506	0.0703125
  2.17515	0.0546875
  2.17524	0.03125
  2.17533	0.0078125
  2.17542	0.0078125
  2.17551	0.0078125
  2.1756	0.0078125
  2.17569	0.0078125
  2.17578	0.0234375
  2.17587	0.03125
  2.17596	0.0390625
  2.17605	0.0390625
  2.17615	0.03125
  2.17624	0.0390625
  2.17633	0.046875
  2.17642	0.0546875
  2.17651	0.0625
  2.1766	0.0546875
  2.17669	0.0390625
  2.17678	0.0390625
  2.17687	0.03125
  2.17696	0.0078125
  2.17705	0
  2.17714	0.0078125
  2.17723	0.015625
  2.17732	0.015625
  2.17741	0.0234375
  2.17751	0.0234375
  2.1776	0.03125
  2.17769	0.03125
  2.17778	0.046875
  2.17787	0.03125
  2.17796	0.0390625
  2.17805	0.0390625
  2.17814	0.046875
  2.17823	0.046875
  2.17832	0.0390625
  2.17841	0.0078125
  2.1785	0.015625
  2.17859	0.03125
  2.17868	0.0390625
  2.17878	0.03125
  2.17887	0.0234375
  2.17896	0.03125
  2.17905	0.03125
  2.17914	0.0234375
  2.17923	0.0234375
  2.17932	0.0390625
  2.17941	0.0234375
  2.1795	0.0234375
  2.17959	0.015625
  2.17968	0.015625
  2.17977	0.0078125
  2.17986	0.0234375
  2.17995	0.03125
  2.18005	0.03125
  2.18014	0.03125
  2.18023	0.0390625
  2.18032	0.0546875
  2.18041	0.0625
  2.1805	0.0390625
  2.18059	0.0390625
  2.18068	0.0625
  2.18077	0.0625
  2.18086	0.0546875
  2.18095	0.046875
  2.18104	0.0546875
  2.18113	0.0390625
  2.18122	0.03125
  2.18132	0.0390625
  2.18141	0.0546875
  2.1815	0.046875
  2.18159	0.0234375
  2.18168	0.03125
  2.18177	0.0390625
  2.18186	0.03125
  2.18195	0.03125
  2.18204	0.0546875
  2.18213	0.078125
  2.18222	0.0625
  2.18231	0.0546875
  2.1824	0.046875
  2.18249	0.03125
  2.18258	0.015625
  2.18268	0.015625
  2.18277	0.0234375
  2.18286	0.0390625
  2.18295	0.03125
  2.18304	0.015625
  2.18313	0.015625
  2.18322	0.0078125
  2.18331	0
  2.1834	-0.015625
  2.18349	-0.0234375
  2.18358	-0.0234375
  2.18367	-0.0234375
  2.18376	-0.0234375
  2.18385	-0.015625
  2.18395	-0.0234375
  2.18404	-0.0234375
  2.18413	-0.015625
  2.18422	-0.0078125
  2.18431	-0.0078125
  2.1844	-0.0078125
  2.18449	0
  2.18458	-0.0078125
  2.18467	-0.0078125
  2.18476	-0.03125
  2.18485	-0.0546875
  2.18494	-0.0625
  2.18503	-0.0546875
  2.18512	-0.046875
  2.18522	-0.046875
  2.18531	-0.0390625
  2.1854	-0.0390625
  2.18549	-0.0234375
  2.18558	-0.0234375
  2.18567	-0.0078125
  2.18576	0.0234375
  2.18585	0.0390625
  2.18594	0.0390625
  2.18603	0.03125
  2.18612	0.015625
  2.18621	0.015625
  2.1863	0.0234375
  2.18639	0.0390625
  2.18649	0.0390625
  2.18658	0.0234375
  2.18667	0.0078125
  2.18676	0
  2.18685	0.015625
  2.18694	0.0390625
  2.18703	0.0390625
  2.18712	0.0390625
  2.18721	0.0234375
  2.1873	0
  2.18739	0
  2.18748	0.015625
  2.18757	0.0234375
  2.18766	0.0234375
  2.18776	0.0234375
  2.18785	0
  2.18794	0
  2.18803	0
  2.18812	0.0078125
  2.18821	0
  2.1883	0.0078125
  2.18839	0.0078125
  2.18848	0
  2.18857	0.0078125
  2.18866	0.0078125
  2.18875	0.015625
  2.18884	0.015625
  2.18893	0.015625
  2.18902	0.0078125
  2.18912	0
  2.18921	0
  2.1893	0.0078125
  2.18939	0.015625
  2.18948	0.015625
  2.18957	0
  2.18966	0.0078125
  2.18975	0.015625
  2.18984	0.0234375
  2.18993	0.03125
  2.19002	0.046875
  2.19011	0.0390625
  2.1902	0.0234375
  2.19029	0.015625
  2.19039	0.03125
  2.19048	0.03125
  2.19057	0.0234375
  2.19066	0.015625
  2.19075	0.0078125
  2.19084	-0.0078125
  2.19093	-0.0078125
  2.19102	0.0234375
  2.19111	0.0390625
  2.1912	0.046875
  2.19129	0.046875
  2.19138	0.046875
  2.19147	0.0390625
  2.19156	0.046875
  2.19166	0.0625
  2.19175	0.0703125
  2.19184	0.0625
  2.19193	0.0625
  2.19202	0.0703125
  2.19211	0.0859375
  2.1922	0.09375
  2.19229	0.078125
  2.19238	0.0703125
  2.19247	0.0625
  2.19256	0.0703125
  2.19265	0.0625
  2.19274	0.0625
  2.19283	0.0625
  2.19293	0.0703125
  2.19302	0.0703125
  2.19311	0.0625
  2.1932	0.0703125
  2.19329	0.078125
  2.19338	0.0703125
  2.19347	0.0546875
  2.19356	0.0546875
  2.19365	0.046875
  2.19374	0.03125
  2.19383	0.0390625
  2.19392	0.046875
  2.19401	0.046875
  2.1941	0.0546875
  2.1942	0.0390625
  2.19429	0.0546875
  2.19438	0.0546875
  2.19447	0.0546875
  2.19456	0.078125
  2.19465	0.078125
  2.19474	0.0625
  2.19483	0.046875
  2.19492	0.0390625
  2.19501	0.0234375
  2.1951	0.03125
  2.19519	0.03125
  2.19528	0.015625
  2.19537	0.0078125
  2.19546	0.0234375
  2.19556	0.015625
  2.19565	0
  2.19574	0
  2.19583	-0.0078125
  2.19592	-0.0078125
  2.19601	-0.0078125
  2.1961	-0.0234375
  2.19619	-0.03125
  2.19628	-0.0234375
  2.19637	-0.0390625
  2.19646	-0.03125
  2.19655	-0.0234375
  2.19664	-0.0234375
  2.19673	-0.015625
  2.19683	-0.0078125
  2.19692	-0.015625
  2.19701	-0.0234375
  2.1971	-0.0234375
  2.19719	-0.015625
  2.19728	-0.0234375
  2.19737	-0.0234375
  2.19746	-0.0078125
  2.19755	0.0078125
  2.19764	0.015625
  2.19773	0.0078125
  2.19782	0.015625
  2.19791	0.0234375
  2.198	0.03125
  2.1981	0.0234375
  2.19819	0.03125
  2.19828	0.0234375
  2.19837	0.0078125
  2.19846	0
  2.19855	0.015625
  2.19864	0.0078125
  2.19873	0.0078125
  2.19882	0.015625
  2.19891	0.0234375
  2.199	0.0546875
  2.19909	0.0390625
  2.19918	0.015625
  2.19927	0.0234375
  2.19937	0.015625
  2.19946	0.0078125
  2.19955	0.0078125
  2.19964	0.015625
  2.19973	0.03125
  2.19982	0.046875
  2.19991	0.046875
  2.2	0.0390625
  2.20009	0.03125
  2.20018	0.0234375
  2.20027	0.0234375
  2.20036	0.03125
  2.20045	0.0234375
  2.20054	0.0234375
  2.20063	0.0234375
  2.20073	0.015625
  2.20082	0.0078125
  2.20091	0
  2.201	-0.0078125
  2.20109	0.0078125
  2.20118	0.0078125
  2.20127	0
  2.20136	0.03125
  2.20145	0.046875
  2.20154	0.0625
  2.20163	0.0390625
  2.20172	0.0234375
  2.20181	0
  2.2019	0
  2.202	0.0078125
  2.20209	0
  2.20218	-0.0078125
  2.20227	0.0078125
  2.20236	0.015625
  2.20245	0.015625
  2.20254	0.0078125
  2.20263	0
  2.20272	0
  2.20281	-0.015625
  2.2029	-0.0234375
  2.20299	-0.0234375
  2.20308	-0.0234375
  2.20317	-0.0234375
  2.20327	-0.0078125
  2.20336	0
  2.20345	-0.0078125
  2.20354	0
  2.20363	0.0234375
  2.20372	0.046875
  2.20381	0.0625
  2.2039	0.0625
  2.20399	0.0546875
  2.20408	0.0703125
  2.20417	0.0546875
  2.20426	0.03125
  2.20435	0.03125
  2.20444	0.015625
  2.20454	0.03125
  2.20463	0.0546875
  2.20472	0.0546875
  2.20481	0.0546875
  2.2049	0.046875
  2.20499	0.0390625
  2.20508	0.015625
  2.20517	0
  2.20526	0.0234375
  2.20535	0.03125
  2.20544	0.0390625
  2.20553	0.03125
  2.20562	0.0390625
  2.20571	0.03125
  2.2058	0.03125
  2.2059	0.0390625
  2.20599	0.0546875
  2.20608	0.0390625
  2.20617	0.03125
  2.20626	0.03125
  2.20635	0.0390625
  2.20644	0.015625
  2.20653	0.0078125
  2.20662	0.015625
  2.20671	0.015625
  2.2068	0.015625
  2.20689	0.0234375
  2.20698	0.03125
  2.20707	0.0234375
  2.20717	0.0234375
  2.20726	0.03125
  2.20735	0.03125
  2.20744	0.046875
  2.20753	0.0390625
  2.20762	0.03125
  2.20771	0.03125
  2.2078	0.03125
  2.20789	0.0390625
  2.20798	0.03125
  2.20807	0.0234375
  2.20816	0.03125
  2.20825	0.0390625
  2.20834	0.03125
  2.20844	0.0234375
  2.20853	0.03125
  2.20862	0.0390625
  2.20871	0.0234375
  2.2088	0.0234375
  2.20889	0.015625
  2.20898	0.0078125
  2.20907	0
  2.20916	0.0078125
  2.20925	0.015625
  2.20934	0.0234375
  2.20943	0.0234375
  2.20952	0.0234375
  2.20961	0.0078125
  2.20971	0.0078125
  2.2098	0.015625
  2.20989	0.0390625
  2.20998	0.03125
  2.21007	0.0078125
  2.21016	0
  2.21025	-0.015625
  2.21034	-0.0234375
  2.21043	-0.015625
  2.21052	0.0078125
  2.21061	0
  2.2107	-0.0234375
  2.21079	-0.0234375
  2.21088	0.0234375
  2.21098	0.0234375
  2.21107	0.0234375
  2.21116	0.03125
  2.21125	0.015625
  2.21134	0.0234375
  2.21143	0.0078125
  2.21152	0.03125
  2.21161	0.03125
  2.2117	0.0234375
  2.21179	0.0078125
  2.21188	-0.0078125
  2.21197	-0.015625
  2.21206	-0.015625
  2.21215	-0.015625
  2.21224	0.015625
  2.21234	0.0234375
  2.21243	0.03125
  2.21252	0.0390625
  2.21261	0.03125
  2.2127	0.0078125
  2.21279	0
  2.21288	0
  2.21297	0.0078125
  2.21306	0.03125
  2.21315	0.03125
  2.21324	0.015625
  2.21333	0.03125
  2.21342	0.046875
  2.21351	0.03125
  2.21361	0.0234375
  2.2137	0.0078125
  2.21379	0.0234375
  2.21388	0.0078125
  2.21397	-0.0078125
  2.21406	-0.015625
  2.21415	-0.015625
  2.21424	0
  2.21433	0.0078125
  2.21442	0.0390625
  2.21451	0.046875
  2.2146	0.046875
  2.21469	0.0546875
  2.21478	0.0546875
  2.21488	0.0625
  2.21497	0.0625
  2.21506	0.0546875
  2.21515	0.0390625
  2.21524	0.03125
  2.21533	0.0234375
  2.21542	0
  2.21551	-0.0078125
  2.2156	0
  2.21569	0.03125
  2.21578	0.0390625
  2.21587	0.03125
  2.21596	0.0390625
  2.21605	0.03125
  2.21615	0.0234375
  2.21624	0.015625
  2.21633	0.03125
  2.21642	0.0234375
  2.21651	0.03125
  2.2166	0.0390625
  2.21669	0.0546875
  2.21678	0.0546875
  2.21687	0.03125
  2.21696	0.015625
  2.21705	0.0078125
  2.21714	0.0078125
  2.21723	0.0078125
  2.21732	0.0234375
  2.21741	0.015625
  2.21751	0.046875
  2.2176	0.0625
  2.21769	0.03125
  2.21778	0.03125
  2.21787	0.0234375
  2.21796	0.0078125
  2.21805	0.0078125
  2.21814	0
  2.21823	-0.015625
  2.21832	0
  2.21841	0.0078125
  2.2185	0
  2.21859	-0.0078125
  2.21868	-0.0078125
  2.21878	-0.015625
  2.21887	-0.0078125
  2.21896	-0.015625
  2.21905	0
  2.21914	0
  2.21923	0
  2.21932	0.015625
  2.21941	0.0078125
  2.2195	0.0078125
  2.21959	0.015625
  2.21968	0.0234375
  2.21977	0.03125
  2.21986	0.046875
  2.21995	0.046875
  2.22005	0.046875
  2.22014	0.0390625
  2.22023	0.0390625
  2.22032	0.0390625
  2.22041	0.0390625
  2.2205	0.0390625
  2.22059	0.0234375
  2.22068	0.0234375
  2.22077	0.0078125
  2.22086	0
  2.22095	0
  2.22104	0
  2.22113	0.0078125
  2.22122	0.0078125
  2.22132	0
  2.22141	0.015625
  2.2215	0.015625
  2.22159	0.015625
  2.22168	0.015625
  2.22177	0.0078125
  2.22186	0.0078125
  2.22195	0
  2.22204	-0.0234375
  2.22213	-0.015625
  2.22222	-0.03125
  2.22231	-0.0390625
  2.2224	-0.03125
  2.22249	-0.0234375
  2.22259	-0.015625
  2.22268	0.0078125
  2.22277	0.015625
  2.22286	0.015625
  2.22295	0
  2.22304	0
  2.22313	0.03125
  2.22322	0.0234375
  2.22331	0.03125
  2.2234	0.03125
  2.22349	0.046875
  2.22358	0.0546875
  2.22367	0.046875
  2.22376	0.046875
  2.22385	0.0390625
  2.22395	0.03125
  2.22404	0.0234375
  2.22413	0.0390625
  2.22422	0.0390625
  2.22431	0.03125
  2.2244	0.0390625
  2.22449	0.03125
  2.22458	0.0234375
  2.22467	0.015625
  2.22476	0.0234375
  2.22485	0.0390625
  2.22494	0.0234375
  2.22503	0.0234375
  2.22512	0.015625
  2.22522	0.0078125
  2.22531	-0.0078125
  2.2254	-0.0078125
  2.22549	-0.0078125
  2.22558	0
  2.22567	0.0078125
  2.22576	0.015625
  2.22585	0.0234375
  2.22594	0.015625
  2.22603	0.03125
  2.22612	0.015625
  2.22621	0
  2.2263	-0.015625
  2.22639	-0.015625
  2.22649	0
  2.22658	-0.0078125
  2.22667	-0.0234375
  2.22676	-0.0234375
  2.22685	-0.015625
  2.22694	-0.0078125
  2.22703	0.0078125
  2.22712	0.03125
  2.22721	0.0390625
  2.2273	0.0390625
  2.22739	0.03125
  2.22748	0.0390625
  2.22757	0.0625
  2.22766	0.0625
  2.22776	0.0546875
  2.22785	0.0390625
  2.22794	0.03125
  2.22803	0.03125
  2.22812	0.0234375
  2.22821	0.03125
  2.2283	0.046875
  2.22839	0.03125
  2.22848	0.03125
  2.22857	0.0234375
  2.22866	0.015625
  2.22875	0.0078125
  2.22884	0.015625
  2.22893	0.015625
  2.22902	0.0234375
  2.22912	0.03125
  2.22921	0.015625
  2.2293	0.0078125
  2.22939	0
  2.22948	0.0078125
  2.22957	0.0078125
  2.22966	0.0078125
  2.22975	0.015625
  2.22984	0.03125
  2.22993	0.03125
  2.23002	0.015625
  2.23011	0.03125
  2.2302	0.03125
  2.23029	0.0078125
  2.23039	0
  2.23048	0
  2.23057	0.0078125
  2.23066	0.0390625
  2.23075	0.046875
  2.23084	0.046875
  2.23093	0.046875
  2.23102	0.0546875
  2.23111	0.0546875
  2.2312	0.046875
  2.23129	0.0703125
  2.23138	0.0625
  2.23147	0.0625
  2.23156	0.0625
  2.23166	0.046875
  2.23175	0.0234375
  2.23184	0.0390625
  2.23193	0.03125
  2.23202	0.0078125
  2.23211	0.03125
  2.2322	0.046875
  2.23229	0.046875
  2.23238	0.0546875
  2.23247	0.046875
  2.23256	0.03125
  2.23265	0.0390625
  2.23274	0.0390625
  2.23283	0.0390625
  2.23293	0.03125
  2.23302	0.03125
  2.23311	0.0234375
  2.2332	0.0078125
  2.23329	0
  2.23338	-0.0078125
  2.23347	-0.0078125
  2.23356	-0.0234375
  2.23365	-0.0546875
  2.23374	-0.0546875
  2.23383	-0.015625
  2.23392	-0.0234375
  2.23401	-0.0234375
  2.2341	-0.0078125
  2.2342	-0.0078125
  2.23429	-0.0078125
  2.23438	-0.015625
  2.23447	-0.015625
  2.23456	-0.0234375
  2.23465	0.0078125
  2.23474	0.015625
  2.23483	0.0234375
  2.23492	0.03125
  2.23501	0.0546875
  2.2351	0.046875
  2.23519	0.0234375
  2.23528	0.0234375
  2.23537	0.03125
  2.23546	0.0390625
  2.23556	0.03125
  2.23565	0.015625
  2.23574	0
  2.23583	0
  2.23592	0.0234375
  2.23601	0.03125
  2.2361	0.03125
  2.23619	0.03125
  2.23628	0.046875
  2.23637	0.0625
  2.23646	0.0625
  2.23655	0.0546875
  2.23664	0.046875
  2.23673	0.0234375
  2.23683	0.0078125
  2.23692	0.0078125
  2.23701	0.015625
  2.2371	0.0078125
  2.23719	0.015625
  2.23728	0.03125
  2.23737	0.015625
  2.23746	0.015625
  2.23755	0.0234375
  2.23764	0.03125
  2.23773	0.0234375
  2.23782	0.0078125
  2.23791	0.0078125
  2.238	0.0078125
  2.2381	0.0234375
  2.23819	0.0234375
  2.23828	0.0234375
  2.23837	0.046875
  2.23846	0.046875
  2.23855	0.03125
  2.23864	0.015625
  2.23873	0
  2.23882	-0.0078125
  2.23891	-0.0078125
  2.239	0
  2.23909	0
  2.23918	0.015625
  2.23927	0.015625
  2.23937	0.0234375
  2.23946	0.03125
  2.23955	0.0234375
  2.23964	0.015625
  2.23973	0.0078125
  2.23982	-0.0078125
  2.23991	0
  2.24	0.0078125
  2.24009	0.0078125
  2.24018	0.015625
  2.24027	0.015625
  2.24036	0.0078125
  2.24045	0.0234375
  2.24054	0.046875
  2.24063	0.0390625
  2.24073	0.0234375
  2.24082	0.0234375
  2.24091	0
  2.241	0.015625
  2.24109	0.0390625
  2.24118	0.0234375
  2.24127	0.03125
  2.24136	0.03125
  2.24145	0.03125
  2.24154	0.0234375
  2.24163	0.0234375
  2.24172	0.0390625
  2.24181	0.015625
  2.2419	0
  2.242	0
  2.24209	0
  2.24218	0
  2.24227	0.0078125
  2.24236	0.0078125
  2.24245	-0.0078125
  2.24254	0
  2.24263	-0.0078125
  2.24272	-0.0078125
  2.24281	0.0078125
  2.2429	0.0078125
  2.24299	-0.015625
  2.24308	-0.015625
  2.24317	-0.015625
  2.24327	-0.015625
  2.24336	-0.03125
  2.24345	-0.0390625
  2.24354	-0.0390625
  2.24363	-0.03125
  2.24372	-0.03125
  2.24381	-0.0234375
  2.2439	-0.015625
  2.24399	-0.015625
  2.24408	-0.015625
  2.24417	-0.03125
  2.24426	-0.0234375
  2.24435	-0.0078125
  2.24444	0.0078125
  2.24454	0.0234375
  2.24463	0.03125
  2.24472	0.0078125
  2.24481	-0.0078125
  2.2449	-0.0234375
  2.24499	-0.0078125
  2.24508	0
  2.24517	0.015625
  2.24526	0.0390625
  2.24535	0.0390625
  2.24544	0.03125
  2.24553	0.015625
  2.24562	0.015625
  2.24571	0.0078125
  2.2458	-0.0078125
  2.2459	0.0234375
  2.24599	0.0625
  2.24608	0.078125
  2.24617	0.046875
  2.24626	0.0234375
  2.24635	0.015625
  2.24644	0.03125
  2.24653	0.0546875
  2.24662	0.03125
  2.24671	0.015625
  2.2468	0.0234375
  2.24689	0.03125
  2.24698	0.0234375
  2.24707	0.0234375
  2.24717	0.03125
  2.24726	0.046875
  2.24735	0.046875
  2.24744	0.0546875
  2.24753	0.046875
  2.24762	0.0390625
  2.24771	0.0625
  2.2478	0.0703125
  2.24789	0.0859375
  2.24798	0.078125
  2.24807	0.078125
  2.24816	0.078125
  2.24825	0.0546875
  2.24834	0.046875
  2.24844	0.0546875
  2.24853	0.046875
  2.24862	0.0546875
  2.24871	0.046875
  2.2488	0.046875
  2.24889	0.03125
  2.24898	0.0234375
  2.24907	0.0234375
  2.24916	0.03125
  2.24925	0.015625
  2.24934	0.0078125
  2.24943	0.03125
  2.24952	0.046875
  2.24961	0.0546875
  2.24971	0.0625
  2.2498	0.0546875
  2.24989	0.0625
  2.24998	0.078125
  2.25007	0.0390625
  2.25016	0.0234375
  2.25025	0.0390625
  2.25034	0.0234375
  2.25043	0.03125
  2.25052	0.0390625
  2.25061	0.0625
  2.2507	0.0546875
  2.25079	0.046875
  2.25088	0.0625
  2.25098	0.0625
  2.25107	0.0390625
  2.25116	0.015625
  2.25125	0.015625
  2.25134	0.0234375
  2.25143	0.03125
  2.25152	0.0390625
  2.25161	0.0546875
  2.2517	0.046875
  2.25179	0.0234375
  2.25188	0.015625
  2.25197	0.0078125
  2.25206	0.015625
  2.25215	0.0234375
  2.25224	0.0078125
  2.25234	0
  2.25243	0.0078125
  2.25252	0
  2.25261	0
  2.2527	0
  2.25279	0
  2.25288	0.015625
  2.25297	0
  2.25306	0
  2.25315	0.015625
  2.25324	0.0234375
  2.25333	0.0078125
  2.25342	0.0078125
  2.25351	-0.0078125
  2.25361	-0.015625
  2.2537	-0.0078125
  2.25379	-0.015625
  2.25388	-0.0390625
  2.25397	-0.0234375
  2.25406	0.0078125
  2.25415	0.015625
  2.25424	0.0234375
  2.25433	0.0234375
  2.25442	0.0078125
  2.25451	-0.0234375
  2.2546	-0.015625
  2.25469	0
  2.25478	0
  2.25488	-0.0234375
  2.25497	-0.0390625
  2.25506	-0.046875
  2.25515	-0.0625
  2.25524	-0.046875
  2.25533	0
  2.25542	0
  2.25551	-0.015625
  2.2556	-0.0234375
  2.25569	0
  2.25578	-0.0234375
  2.25587	-0.0703125
  2.25596	-0.0859375
  2.25605	-0.078125
  2.25615	-0.0625
  2.25624	-0.0390625
  2.25633	-0.03125
  2.25642	-0.0234375
  2.25651	0
  2.2566	0.0234375
  2.25669	0.015625
  2.25678	0
  2.25687	0
  2.25696	0
  2.25705	0
  2.25714	-0.0078125
  2.25723	-0.015625
  2.25732	-0.0078125
  2.25741	0.0078125
  2.25751	0
  2.2576	-0.015625
  2.25769	-0.015625
  2.25778	-0.015625
  2.25787	0.015625
  2.25796	0.0390625
  2.25805	0.03125
  2.25814	0.03125
  2.25823	0.0390625
  2.25832	0.03125
  2.25841	0.03125
  2.2585	0.0390625
  2.25859	0.015625
  2.25868	-0.015625
  2.25878	0
  2.25887	0.03125
  2.25896	0.0234375
  2.25905	0.0078125
  2.25914	0.0078125
  2.25923	0.0078125
  2.25932	0.0234375
  2.25941	0.0234375
  2.2595	0.0078125
  2.25959	0.0078125
  2.25968	0.03125
  2.25977	0.0390625
  2.25986	0.046875
  2.25995	0.0546875
  2.26005	0.0703125
  2.26014	0.0546875
  2.26023	0.03125
  2.26032	0.03125
  2.26041	0.0546875
  2.2605	0.0703125
  2.26059	0.0546875
  2.26068	0.0390625
  2.26077	0.0390625
  2.26086	0.046875
  2.26095	0.0390625
  2.26104	0.0234375
  2.26113	0.0234375
  2.26122	0.0390625
  2.26132	0.0390625
  2.26141	0.0390625
  2.2615	0.046875
  2.26159	0.0546875
  2.26168	0.0625
  2.26177	0.0859375
  2.26186	0.0859375
  2.26195	0.0625
  2.26204	0.046875
  2.26213	0.046875
  2.26222	0.0625
  2.26231	0.046875
  2.2624	0.046875
  2.26249	0.03125
  2.26259	0.0234375
  2.26268	0.046875
  2.26277	0.0546875
  2.26286	0.046875
  2.26295	0.0390625
  2.26304	0.03125
  2.26313	0.046875
  2.26322	0.046875
  2.26331	0.0234375
  2.2634	0.015625
  2.26349	0.0234375
  2.26358	0.03125
  2.26367	0.03125
  2.26376	0.0390625
  2.26385	0.03125
  2.26395	0.03125
  2.26404	0.03125
  2.26413	0.03125
  2.26422	0.015625
  2.26431	0.015625
  2.2644	0.0390625
  2.26449	0.046875
  2.26458	0.0234375
  2.26467	0.015625
  2.26476	0.03125
  2.26485	0.0234375
  2.26494	0.046875
  2.26503	0.0390625
  2.26512	0.0078125
  2.26522	0.0234375
  2.26531	0.03125
  2.2654	0.03125
  2.26549	0.03125
  2.26558	0.03125
  2.26567	0.0390625
  2.26576	0.03125
  2.26585	0.03125
  2.26594	0.0234375
  2.26603	0
  2.26612	0.0078125
  2.26621	0.015625
  2.2663	0.0078125
  2.26639	0.0078125
  2.26649	0.0078125
  2.26658	0.015625
  2.26667	0.015625
  2.26676	0.015625
  2.26685	0.0078125
  2.26694	0.0078125
  2.26703	0.015625
  2.26712	0.0234375
  2.26721	0.015625
  2.2673	0
  2.26739	0.0078125
  2.26748	0.0234375
  2.26757	0.0390625
  2.26766	0.0390625
  2.26776	0.03125
  2.26785	0.03125
  2.26794	0.015625
  2.26803	0.0234375
  2.26812	0.03125
  2.26821	0.0390625
  2.2683	0.0546875
  2.26839	0.0625
  2.26848	0.0625
  2.26857	0.03125
  2.26866	0.03125
  2.26875	0.0234375
  2.26884	0.03125
  2.26893	0.0390625
  2.26902	0.0234375
  2.26912	0.015625
  2.26921	0.0078125
  2.2693	0
  2.26939	-0.015625
  2.26948	-0.015625
  2.26957	0.0078125
  2.26966	0.0078125
  2.26975	-0.0078125
  2.26984	-0.0078125
  2.26993	-0.0078125
  2.27002	-0.0078125
  2.27011	-0.015625
  2.2702	-0.0078125
  2.27029	0
  2.27039	-0.0078125
  2.27048	0
  2.27057	0
  2.27066	-0.015625
  2.27075	-0.0390625
  2.27084	-0.03125
  2.27093	-0.03125
  2.27102	-0.046875
  2.27111	-0.046875
  2.2712	-0.03125
  2.27129	-0.03125
  2.27138	-0.0234375
  2.27147	0
  2.27156	0
  2.27166	0.015625
  2.27175	0.03125
  2.27184	0.0234375
  2.27193	0.0078125
  2.27202	0.0234375
  2.27211	0.0234375
  2.2722	0.0234375
  2.27229	0.03125
  2.27238	0.03125
  2.27247	0.0390625
  2.27256	0.046875
  2.27265	0.0390625
  2.27274	0.015625
  2.27283	0.0234375
  2.27293	0.0234375
  2.27302	0.03125
  2.27311	0.0390625
  2.2732	0.0390625
  2.27329	0.0546875
  2.27338	0.0625
  2.27347	0.078125
  2.27356	0.0625
  2.27365	0.0546875
  2.27374	0.0625
  2.27383	0.0625
  2.27392	0.046875
  2.27401	0.03125
  2.2741	0.046875
  2.2742	0.0390625
  2.27429	0.015625
  2.27438	0.0234375
  2.27447	0.0078125
  2.27456	-0.015625
  2.27465	-0.015625
  2.27474	0.0078125
  2.27483	0.0390625
  2.27492	0.03125
  2.27501	0.0234375
  2.2751	0.0234375
  2.27519	0.046875
  2.27528	0.0625
  2.27537	0.0546875
  2.27546	0.0390625
  2.27556	0.03125
  2.27565	0.0390625
  2.27574	0.03125
  2.27583	0
  2.27592	-0.0078125
  2.27601	0.0078125
  2.2761	0.0078125
  2.27619	-0.0078125
  2.27628	-0.015625
  2.27637	0
  2.27646	0
  2.27655	-0.0078125
  2.27664	0.0078125
  2.27673	0.03125
  2.27683	0.03125
  2.27692	0.0234375
  2.27701	0
  2.2771	0.03125
  2.27719	0.0234375
  2.27728	0.0078125
  2.27737	0
  2.27746	0
  2.27755	0
  2.27764	-0.015625
  2.27773	-0.015625
  2.27782	-0.015625
  2.27791	0.015625
  2.278	0.0234375
  2.2781	0.03125
  2.27819	0.046875
  2.27828	0.0390625
  2.27837	0.0390625
  2.27846	0.0390625
  2.27855	0.0546875
  2.27864	0.046875
  2.27873	0.0546875
  2.27882	0.0546875
  2.27891	0.0390625
  2.279	0.0234375
  2.27909	0.0234375
  2.27918	0
  2.27927	-0.0078125
  2.27937	0
  2.27946	-0.0078125
  2.27955	-0.0078125
  2.27964	-0.015625
  2.27973	-0.0078125
  2.27982	-0.0078125
  2.27991	0.0078125
  2.28	0.0234375
  2.28009	0.0234375
  2.28018	0.0390625
  2.28027	0.0390625
  2.28036	0.046875
  2.28045	0.0390625
  2.28054	0.0390625
  2.28063	0.0390625
  2.28073	0.03125
  2.28082	0.03125
  2.28091	0.0390625
  2.281	0.03125
  2.28109	0.0234375
  2.28118	0.0234375
  2.28127	0.03125
  2.28136	0.046875
  2.28145	0.0546875
  2.28154	0.0546875
  2.28163	0.046875
  2.28172	0.046875
  2.28181	0.03125
  2.2819	0.015625
  2.282	0
  2.28209	0.015625
  2.28218	0.046875
  2.28227	0.0390625
  2.28236	0.046875
  2.28245	0.046875
  2.28254	0.046875
  2.28263	0.046875
  2.28272	0.0546875
  2.28281	0.0546875
  2.2829	0.0390625
  2.28299	0.015625
  2.28308	-0.0078125
  2.28317	-0.0234375
  2.28327	-0.03125
  2.28336	-0.0234375
  2.28345	-0.0078125
  2.28354	0
  2.28363	0
  2.28372	0.0078125
  2.28381	0.0078125
  2.2839	0.03125
  2.28399	0.0390625
  2.28408	0.046875
  2.28417	0.046875
  2.28426	0.046875
  2.28435	0.046875
  2.28444	0.0390625
  2.28454	0.0234375
  2.28463	0.0234375
  2.28472	0.0234375
  2.28481	0
  2.2849	-0.0078125
  2.28499	0.0078125
  2.28508	0.03125
  2.28517	0.03125
  2.28526	0.0234375
  2.28535	0.0234375
  2.28544	0.0390625
  2.28553	0.03125
  2.28562	0.03125
  2.28571	0.0390625
  2.2858	0.0234375
  2.2859	0.0234375
  2.28599	0.015625
  2.28608	0.0234375
  2.28617	0.0234375
  2.28626	0.015625
  2.28635	0.0234375
  2.28644	0.015625
  2.28653	-0.0078125
  2.28662	0
  2.28671	0
  2.2868	0.0234375
  2.28689	0.046875
  2.28698	0.0390625
  2.28707	0.046875
  2.28717	0.0390625
  2.28726	0.0390625
  2.28735	0.03125
  2.28744	0
  2.28753	0.015625
  2.28762	0.015625
  2.28771	0.015625
  2.2878	0.0234375
  2.28789	0.03125
  2.28798	0.0390625
  2.28807	0.0390625
  2.28816	0.046875
  2.28825	0.0546875
  2.28834	0.0546875
  2.28844	0.0546875
  2.28853	0.046875
  2.28862	0.0546875
  2.28871	0.046875
  2.2888	0.0625
  2.28889	0.0703125
  2.28898	0.0703125
  2.28907	0.0546875
  2.28916	0.046875
  2.28925	0.0546875
  2.28934	0.078125
  2.28943	0.0703125
  2.28952	0.0625
  2.28961	0.0390625
  2.28971	0.0234375
  2.2898	0.0234375
  2.28989	0.0234375
  2.28998	0.03125
  2.29007	0.0234375
  2.29016	0.015625
  2.29025	0
  2.29034	-0.0078125
  2.29043	-0.0234375
  2.29052	-0.0078125
  2.29061	-0.0078125
  2.2907	0
  2.29079	0.0078125
  2.29088	-0.0078125
  2.29098	-0.0078125
  2.29107	-0.0078125
  2.29116	-0.015625
  2.29125	-0.015625
  2.29134	-0.0078125
  2.29143	-0.015625
  2.29152	-0.0234375
  2.29161	-0.0234375
  2.2917	-0.0078125
  2.29179	0.015625
  2.29188	0.015625
  2.29197	0.03125
  2.29206	0.0234375
  2.29215	0.0234375
  2.29224	0.0234375
  2.29234	0.015625
  2.29243	0
  2.29252	0
  2.29261	0.015625
  2.2927	0.015625
  2.29279	0
  2.29288	0.0078125
  2.29297	0.015625
  2.29306	0.03125
  2.29315	0.0390625
  2.29324	0.046875
  2.29333	0.0546875
  2.29342	0.046875
  2.29351	0.0546875
  2.29361	0.046875
  2.2937	0.046875
  2.29379	0.0234375
  2.29388	0.0078125
  2.29397	0.015625
  2.29406	0.03125
  2.29415	0.03125
  2.29424	0.015625
  2.29433	0.0078125
  2.29442	0.015625
  2.29451	0.0234375
  2.2946	0.0234375
  2.29469	0.015625
  2.29478	0.0234375
  2.29488	0.015625
  2.29497	0.015625
  2.29506	0.03125
  2.29515	0.03125
  2.29524	0.0234375
  2.29533	0.03125
  2.29542	0.015625
  2.29551	0
  2.2956	-0.0078125
  2.29569	0
  2.29578	0.0078125
  2.29587	0.0078125
  2.29596	0.0078125
  2.29605	0.0078125
  2.29615	0
  2.29624	-0.0234375
  2.29633	-0.015625
  2.29642	-0.0078125
  2.29651	0
  2.2966	0.015625
  2.29669	0.015625
  2.29678	0.03125
  2.29687	0.0234375
  2.29696	0.0078125
  2.29705	0
  2.29714	-0.0234375
  2.29723	-0.03125
  2.29732	-0.0234375
  2.29741	-0.0390625
  2.29751	-0.03125
  2.2976	-0.0390625
  2.29769	-0.0390625
  2.29778	-0.0234375
  2.29787	-0.015625
  2.29796	-0.015625
  2.29805	-0.0078125
  2.29814	0.0078125
  2.29823	0.015625
  2.29832	0.0234375
  2.29841	0.0234375
  2.2985	0.03125
  2.29859	0.0390625
  2.29868	0.03125
  2.29878	0.0390625
  2.29887	0.03125
  2.29896	0.03125
  2.29905	0.0234375
  2.29914	0.0078125
  2.29923	0.0234375
  2.29932	0.03125
  2.29941	0.0234375
  2.2995	0.015625
  2.29959	0.0390625
  2.29968	0.0625
  2.29977	0.0703125
  2.29986	0.078125
  2.29995	0.078125
  2.30005	0.0859375
  2.30014	0.0625
  2.30023	0.046875
  2.30032	0.046875
  2.30041	0.03125
  2.3005	0.0390625
  2.30059	0.03125
  2.30068	0.0234375
  2.30077	0.0234375
  2.30086	0.0390625
  2.30095	0.046875
  2.30104	0.0390625
  2.30113	0.046875
  2.30122	0.0546875
  2.30132	0.03125
  2.30141	0.0234375
  2.3015	0.0234375
  2.30159	0.015625
  2.30168	0.03125
  2.30177	0.0390625
  2.30186	0.0390625
  2.30195	0.0234375
  2.30204	0.0234375
  2.30213	0.015625
  2.30222	0.03125
  2.30231	0.046875
  2.3024	0.015625
  2.30249	0.015625
  2.30259	0.0078125
  2.30268	0.0078125
  2.30277	0.0234375
  2.30286	0.0234375
  2.30295	0.03125
  2.30304	0.03125
  2.30313	0.046875
  2.30322	0.0546875
  2.30331	0.03125
  2.3034	0
  2.30349	-0.0234375
  2.30358	-0.015625
  2.30367	0.0234375
  2.30376	0.0390625
  2.30385	0.0625
  2.30395	0.0625
  2.30404	0.0390625
  2.30413	0.0390625
  2.30422	0.03125
  2.30431	0.0390625
  2.3044	0.0390625
  2.30449	0.0390625
  2.30458	0.0390625
  2.30467	0.03125
  2.30476	0.0390625
  2.30485	0.0625
  2.30494	0.0546875
  2.30503	0.046875
  2.30512	0.0703125
  2.30522	0.0703125
  2.30531	0.0625
  2.3054	0.0546875
  2.30549	0.0703125
  2.30558	0.078125
  2.30567	0.0703125
  2.30576	0.0703125
  2.30585	0.0546875
  2.30594	0.0546875
  2.30603	0.0625
  2.30612	0.046875
  2.30621	0.0390625
  2.3063	0.03125
  2.30639	0.046875
  2.30649	0.0390625
  2.30658	0.0234375
  2.30667	0.0078125
  2.30676	-0.015625
  2.30685	-0.015625
  2.30694	-0.03125
  2.30703	-0.015625
  2.30712	-0.015625
  2.30721	-0.03125
  2.3073	-0.03125
  2.30739	-0.03125
  2.30748	-0.0234375
  2.30757	-0.0234375
  2.30766	-0.0234375
  2.30776	-0.0390625
  2.30785	-0.0234375
  2.30794	-0.015625
  2.30803	-0.03125
  2.30812	-0.03125
  2.30821	-0.0234375
  2.3083	-0.015625
  2.30839	-0.015625
  2.30848	-0.0234375
  2.30857	-0.015625
  2.30866	0
  2.30875	0.015625
  2.30884	0.03125
  2.30893	0.015625
  2.30902	-0.0078125
  2.30912	-0.0234375
  2.30921	-0.015625
  2.3093	-0.0078125
  2.30939	0
  2.30948	0.0078125
  2.30957	0
  2.30966	0.0078125
  2.30975	0
  2.30984	-0.0078125
  2.30993	-0.03125
  2.31002	-0.015625
  2.31011	0
  2.3102	-0.0234375
  2.31029	0
  2.31039	-0.015625
  2.31048	-0.0234375
  2.31057	-0.0078125
  2.31066	-0.015625
  2.31075	0.0078125
  2.31084	0.0078125
  2.31093	-0.0078125
  2.31102	-0.0078125
  2.31111	-0.0078125
  2.3112	0
  2.31129	-0.015625
  2.31138	0.015625
  2.31147	0.0234375
  2.31156	0.015625
  2.31166	0.015625
  2.31175	-0.015625
  2.31184	-0.03125
  2.31193	0
  2.31202	0.015625
  2.31211	0
  2.3122	0.0078125
  2.31229	0
  2.31238	0
  2.31247	0
  2.31256	0
  2.31265	0.0078125
  2.31274	0
  2.31283	0.0078125
  2.31293	0.0234375
  2.31302	0.03125
  2.31311	0.0234375
  2.3132	0.0390625
  2.31329	0.0390625
  2.31338	0.0625
  2.31347	0.0703125
  2.31356	0.078125
  2.31365	0.078125
  2.31374	0.0703125
  2.31383	0.0703125
  2.31392	0.0546875
  2.31401	0.0546875
  2.3141	0.0546875
  2.31419	0.03125
  2.31429	0.0546875
  2.31438	0.0625
  2.31447	0.046875
  2.31456	0.0546875
  2.31465	0.0625
  2.31474	0.0625
  2.31483	0.0703125
  2.31492	0.0625
  2.31501	0.0546875
  2.3151	0.0703125
  2.31519	0.0703125
  2.31528	0.0546875
  2.31537	0.0703125
  2.31546	0.0859375
  2.31556	0.078125
  2.31565	0.0625
  2.31574	0.046875
  2.31583	0.015625
  2.31592	0.0078125
  2.31601	0.0234375
  2.3161	0.046875
  2.31619	0.0546875
  2.31628	0.046875
  2.31637	0.0234375
  2.31646	0.0234375
  2.31655	0.0546875
  2.31664	0.078125
  2.31673	0.0703125
  2.31683	0.0625
  2.31692	0.0625
  2.31701	0.0546875
  2.3171	0.046875
  2.31719	0.0625
  2.31728	0.0625
  2.31737	0.0703125
  2.31746	0.078125
  2.31755	0.0546875
  2.31764	0.046875
  2.31773	0.0234375
  2.31782	0.0078125
  2.31791	0.0078125
  2.318	0.015625
  2.3181	0.0234375
  2.31819	0.03125
  2.31828	0.03125
  2.31837	0.0078125
  2.31846	-0.015625
  2.31855	0.015625
  2.31864	0.0234375
  2.31873	0.0234375
  2.31882	0.046875
  2.31891	0.03125
  2.319	-0.0078125
  2.31909	-0.015625
  2.31918	-0.0078125
  2.31927	-0.0078125
  2.31937	0.015625
  2.31946	0.0234375
  2.31955	-0.015625
  2.31964	0.0078125
  2.31973	-0.0078125
  2.31982	-0.0234375
  2.31991	-0.03125
  2.32	-0.03125
  2.32009	-0.0390625
  2.32018	-0.0234375
  2.32027	0
  2.32036	-0.03125
  2.32045	-0.0390625
  2.32054	-0.015625
  2.32063	-0.0078125
  2.32073	-0.015625
  2.32082	-0.015625
  2.32091	-0.0234375
  2.321	-0.015625
  2.32109	0.0078125
  2.32118	0.03125
  2.32127	0.0546875
  2.32136	0.0625
  2.32145	0.0546875
  2.32154	0.046875
  2.32163	0.015625
  2.32172	0.0234375
  2.32181	0.0234375
  2.3219	0.03125
  2.322	0.046875
  2.32209	0.0546875
  2.32218	0.0546875
  2.32227	0.03125
  2.32236	0.015625
  2.32245	-0.015625
  2.32254	-0.015625
  2.32263	-0.0078125
  2.32272	0.0078125
  2.32281	0.0546875
  2.3229	0.046875
  2.32299	0.046875
  2.32308	0.0234375
  2.32317	0.0078125
  2.32327	0.046875
  2.32336	0.0546875
  2.32345	0.03125
  2.32354	-0.0078125
  2.32363	0.0234375
  2.32372	0.0234375
  2.32381	0.03125
  2.3239	0.03125
  2.32399	0.0234375
  2.32408	0.015625
  2.32417	0.015625
  2.32426	-0.0078125
  2.32435	-0.015625
  2.32444	0
  2.32454	-0.03125
  2.32463	0
  2.32472	0.03125
  2.32481	-0.0078125
  2.3249	-0.0234375
  2.32499	-0.03125
  2.32508	0
  2.32517	0.0078125
  2.32526	0.0234375
  2.32535	0.0625
  2.32544	0.078125
  2.32553	0.046875
  2.32562	0.0546875
  2.32571	0.046875
  2.3258	0.046875
  2.3259	0.0546875
  2.32599	0.0234375
  2.32608	0.015625
  2.32617	0.0078125
  2.32626	0.015625
  2.32635	0.015625
  2.32644	0.0234375
  2.32653	0.0390625
  2.32662	0.0625
  2.32671	0.0703125
  2.3268	0.0546875
  2.32689	0.0703125
  2.32698	0.0703125
  2.32707	0.078125
  2.32717	0.0859375
  2.32726	0.0703125
  2.32735	0.0546875
  2.32744	-0.0078125
  2.32753	-0.015625
  2.32762	-0.03125
  2.32771	-0.0078125
  2.3278	0.0078125
  2.32789	0.0078125
  2.32798	0.015625
  2.32807	0.046875
  2.32816	0.0546875
  2.32825	0.0703125
  2.32834	0.0703125
  2.32844	0.0546875
  2.32853	0.046875
  2.32862	0.03125
  2.32871	0.0390625
  2.3288	-0.0078125
  2.32889	-0.0078125
  2.32898	0
  2.32907	0
  2.32916	-0.0078125
  2.32925	-0.046875
  2.32934	-0.03125
  2.32943	-0.0390625
  2.32952	-0.0078125
  2.32961	0
  2.32971	0
  2.3298	0.0234375
  2.32989	0.0234375
  2.32998	0
  2.33007	-0.015625
  2.33016	0
  2.33025	0
  2.33034	0
  2.33043	0
  2.33052	-0.015625
  2.33061	-0.0234375
  2.3307	-0.0234375
  2.33079	-0.0234375
  2.33088	0
  2.33098	0
  2.33107	0.015625
  2.33116	0.0234375
  2.33125	0.03125
  2.33134	0.03125
  2.33143	0.015625
  2.33152	0.0390625
  2.33161	0.0234375
  2.3317	0.0546875
  2.33179	0.0703125
  2.33188	0.0078125
  2.33197	0.03125
  2.33206	0
  2.33215	-0.03125
  2.33224	0.0078125
  2.33234	0.0234375
  2.33243	0.0390625
  2.33252	0.046875
  2.33261	0.0390625
  2.3327	0.03125
  2.33279	0.0234375
  2.33288	-0.015625
  2.33297	-0.015625
  2.33306	0.0078125
  2.33315	0.015625
  2.33324	0.0078125
  2.33333	0.0234375
  2.33342	0.0234375
  2.33351	0.0546875
  2.33361	0.0625
  2.3337	0.0390625
  2.33379	0.046875
  2.33388	0.0390625
  2.33397	0.015625
  2.33406	0.0234375
  2.33415	0.046875
  2.33424	0.046875
  2.33433	0.0390625
  2.33442	0.0234375
  2.33451	0.0078125
  2.3346	0
  2.33469	-0.0078125
  2.33478	0.0078125
  2.33488	0.015625
  2.33497	0.0234375
  2.33506	0.0390625
  2.33515	0.046875
  2.33524	0.0546875
  2.33533	0.03125
  2.33542	0.03125
  2.33551	0.0390625
  2.3356	0.0390625
  2.33569	0.03125
  2.33578	0.046875
  2.33587	0.0546875
  2.33596	0.0546875
  2.33605	0.0546875
  2.33615	0.0546875
  2.33624	0.03125
  2.33633	0.0234375
  2.33642	0.0078125
  2.33651	0.0078125
  2.3366	0.015625
  2.33669	0.0078125
  2.33678	0.0234375
  2.33687	0.0390625
  2.33696	0.046875
  2.33705	0.0390625
  2.33714	0.0625
  2.33723	0.0546875
  2.33732	0.0546875
  2.33742	0.03125
  2.33751	0.0234375
  2.3376	0.0390625
  2.33769	0.0390625
  2.33778	0.0390625
  2.33787	-0.0078125
  2.33796	0.0078125
  2.33805	0.0078125
  2.33814	0
  2.33823	0.015625
  2.33832	0.0390625
  2.33841	0.0546875
  2.3385	0.0390625
  2.33859	0.0390625
  2.33868	0.03125
  2.33878	0.0234375
  2.33887	0.015625
  2.33896	0.015625
  2.33905	0
  2.33914	0
  2.33923	-0.0078125
  2.33932	0
  2.33941	0.03125
  2.3395	0.0234375
  2.33959	0.0234375
  2.33968	0.03125
  2.33977	0.015625
  2.33986	0.015625
  2.33995	0.015625
  2.34005	0.03125
  2.34014	0.0234375
  2.34023	0.0234375
  2.34032	0.0078125
  2.34041	-0.015625
  2.3405	-0.015625
  2.34059	-0.03125
  2.34068	-0.015625
  2.34077	-0.015625
  2.34086	0.0078125
  2.34095	-0.0078125
  2.34104	0.0078125
  2.34113	0.015625
  2.34122	0.015625
  2.34132	0.015625
  2.34141	-0.015625
  2.3415	-0.015625
  2.34159	0.0078125
  2.34168	0.03125
  2.34177	0.046875
  2.34186	0.0390625
  2.34195	0.03125
  2.34204	0.03125
  2.34213	0.0078125
  2.34222	-0.015625
  2.34231	0
  2.3424	0.015625
  2.34249	0.0390625
  2.34259	0.046875
  2.34268	0.046875
  2.34277	0.0546875
  2.34286	0.046875
  2.34295	0.0390625
  2.34304	0.0625
  2.34313	0.0546875
  2.34322	0.046875
  2.34331	0.0390625
  2.3434	0.0234375
  2.34349	0.03125
  2.34358	0.03125
  2.34367	0.03125
  2.34376	-0.015625
  2.34385	-0.0234375
  2.34395	-0.0234375
  2.34404	-0.0390625
  2.34413	0
  2.34422	0.0234375
  2.34431	0.0234375
  2.3444	0.03125
  2.34449	0.046875
  2.34458	0.0546875
  2.34467	0.0390625
  2.34476	0.046875
  2.34485	0.0390625
  2.34494	0.0390625
  2.34503	0.015625
  2.34512	0.0234375
  2.34522	0.046875
  2.34531	0.0546875
  2.3454	0.0546875
  2.34549	0.03125
  2.34558	0.0390625
  2.34567	0.015625
  2.34576	0
  2.34585	-0.0234375
  2.34594	-0.03125
  2.34603	-0.046875
  2.34612	-0.03125
  2.34621	-0.03125
  2.3463	-0.0390625
  2.34639	-0.03125
  2.34649	-0.03125
  2.34658	-0.0078125
  2.34667	-0.0234375
  2.34676	-0.03125
  2.34685	-0.015625
  2.34694	-0.0234375
  2.34703	-0.03125
  2.34712	-0.0234375
  2.34721	0
  2.3473	0.0078125
  2.34739	-0.0078125
  2.34748	-0.0078125
  2.34757	0.015625
  2.34766	0.0390625
  2.34776	0.0625
  2.34785	0.0546875
  2.34794	0.0234375
  2.34803	0.0234375
  2.34812	0.0390625
  2.34821	0.0625
  2.3483	0.078125
  2.34839	0.0859375
  2.34848	0.0546875
  2.34857	0.0703125
  2.34866	0.078125
  2.34875	0.046875
  2.34884	0.046875
  2.34893	0.0625
  2.34902	0.03125
  2.34912	0.015625
  2.34921	0.015625
  2.3493	0.0078125
  2.34939	0.0234375
  2.34948	0.03125
  2.34957	0.03125
  2.34966	0.0234375
  2.34975	-0.0078125
  2.34984	-0.0234375
  2.34993	-0.0546875
  2.35002	-0.0546875
  2.35011	-0.0234375
  2.3502	-0.0078125
  2.35029	-0.0078125
  2.35039	0.0078125
  2.35048	0.015625
  2.35057	0.0234375
  2.35066	0.0625
  2.35075	0.0625
  2.35084	0.0625
  2.35093	0.0703125
  2.35102	0.109375
  2.35111	0.140625
  2.3512	0.117188
  2.35129	0.0859375
  2.35138	0.078125
  2.35147	0.0859375
  2.35156	0.0703125
  2.35166	0.046875
  2.35175	0.0234375
  2.35184	0.015625
  2.35193	0.015625
  2.35202	0.03125
  2.35211	0
  2.3522	0
  2.35229	-0.0078125
  2.35238	-0.03125
  2.35247	-0.0390625
  2.35256	-0.0546875
  2.35265	-0.046875
  2.35274	-0.046875
  2.35283	-0.0546875
  2.35293	-0.0546875
  2.35302	-0.0625
  2.35311	-0.0546875
  2.3532	-0.046875
  2.35329	-0.046875
  2.35338	-0.0390625
  2.35347	-0.03125
  2.35356	-0.0078125
  2.35365	0.0078125
  2.35374	0.03125
  2.35383	0.046875
  2.35392	0.0625
  2.35401	0.078125
  2.3541	0.0703125
  2.35419	0.078125
  2.35429	0.078125
  2.35438	0.09375
  2.35447	0.132812
  2.35456	0.15625
  2.35465	0.132812
  2.35474	0.117188
  2.35483	0.09375
  2.35492	0.0859375
  2.35501	0.09375
  2.3551	0.109375
  2.35519	0.125
  2.35528	0.109375
  2.35537	0.0859375
  2.35546	0.0546875
  2.35556	0.0546875
  2.35565	0.0703125
  2.35574	0.0703125
  2.35583	0.0234375
  2.35592	0.015625
  2.35601	0.0390625
  2.3561	0.046875
  2.35619	0.015625
  2.35628	-0.0234375
  2.35637	-0.0390625
  2.35646	-0.0625
  2.35655	-0.0625
  2.35664	-0.0546875
  2.35673	-0.0390625
  2.35683	-0.0546875
  2.35692	-0.0625
  2.35701	-0.0625
  2.3571	-0.0859375
  2.35719	-0.101562
  2.35728	-0.078125
  2.35737	-0.0703125
  2.35746	-0.0625
  2.35755	-0.0703125
  2.35764	-0.0625
  2.35773	-0.03125
  2.35782	-0.0546875
  2.35791	-0.0390625
  2.358	-0.0234375
  2.3581	0.0078125
  2.35819	-0.015625
  2.35828	0.015625
  2.35837	0.03125
  2.35846	0.0234375
  2.35855	0.0546875
  2.35864	0.046875
  2.35873	0.0703125
  2.35882	0.078125
  2.35891	0.0546875
  2.359	0.03125
  2.35909	0.0234375
  2.35918	0.0390625
  2.35927	0.0625
  2.35937	0.0546875
  2.35946	0.0390625
  2.35955	0.046875
  2.35964	0.046875
  2.35973	0.0390625
  2.35982	0.0390625
  2.35991	0.046875
  2.36	0.046875
  2.36009	0.0390625
  2.36018	0.0390625
  2.36027	0.03125
  2.36036	0.0390625
  2.36045	0.0546875
  2.36054	0.0390625
  2.36063	0.0234375
  2.36073	-0.015625
  2.36082	0
  2.36091	-0.0078125
  2.361	-0.03125
  2.36109	-0.0390625
  2.36118	-0.0234375
  2.36127	0
  2.36136	0
  2.36145	0
  2.36154	-0.0234375
  2.36163	-0.015625
  2.36172	0
  2.36181	0.015625
  2.3619	0.046875
  2.362	0.0546875
  2.36209	0.0625
  2.36218	0.078125
  2.36227	0.0703125
  2.36236	0.0390625
  2.36245	0.015625
  2.36254	0.046875
  2.36263	0.0703125
  2.36272	0.0546875
  2.36281	0.0390625
  2.3629	0.0390625
  2.36299	0.015625
  2.36308	0.0078125
  2.36317	-0.0078125
  2.36327	-0.0390625
  2.36336	-0.03125
  2.36345	-0.0234375
  2.36354	-0.0078125
  2.36363	-0.0078125
  2.36372	0.0546875
  2.36381	0.09375
  2.3639	0.0703125
  2.36399	0.046875
  2.36408	0.0546875
  2.36417	0.03125
  2.36426	0.0234375
  2.36435	0.0546875
  2.36444	0.0625
  2.36454	0.0078125
  2.36463	0
  2.36472	0.0234375
  2.36481	0
  2.3649	-0.0234375
  2.36499	-0.0078125
  2.36508	0.015625
  2.36517	0.0234375
  2.36526	0.015625
  2.36535	0
  2.36544	0.0078125
  2.36553	0.0078125
  2.36562	0.015625
  2.36571	0.0234375
  2.3658	0.0234375
  2.3659	0.0234375
  2.36599	0.0703125
  2.36608	0.117188
  2.36617	0.117188
  2.36626	0.15625
  2.36635	0.148438
  2.36644	0.101562
  2.36653	0.0703125
  2.36662	0.03125
  2.36671	-0.0234375
  2.3668	-0.0546875
  2.36689	-0.0703125
  2.36698	-0.046875
  2.36707	-0.046875
  2.36717	-0.03125
  2.36726	-0.015625
  2.36735	-0.03125
  2.36744	-0.03125
  2.36753	-0.0390625
  2.36762	-0.0390625
  2.36771	-0.03125
  2.3678	0
  2.36789	0.0546875
  2.36798	0.078125
  2.36807	0.0625
  2.36816	0.046875
  2.36825	0
  2.36834	-0.0390625
  2.36844	-0.046875
  2.36853	-0.078125
  2.36862	-0.101562
  2.36871	-0.0625
  2.3688	-0.03125
  2.36889	0
  2.36898	0.015625
  2.36907	0.0078125
  2.36916	-0.015625
  2.36925	-0.0234375
  2.36934	0
  2.36943	0.09375
  2.36952	0.171875
  2.36961	0.210938
  2.36971	0.234375
  2.3698	0.195312
  2.36989	0.109375
  2.36998	0.0234375
  2.37007	-0.0234375
  2.37016	-0.03125
  2.37025	-0.0703125
  2.37034	-0.0703125
  2.37043	-0.0625
  2.37052	-0.078125
  2.37061	-0.046875
  2.3707	-0.0390625
  2.37079	-0.015625
  2.37088	0
  2.37098	0.0078125
  2.37107	0.03125
  2.37116	0.03125
  2.37125	0.0546875
  2.37134	0.0546875
  2.37143	0.03125
  2.37152	0.0078125
  2.37161	-0.0234375
  2.3717	-0.0625
  2.37179	-0.109375
  2.37188	-0.046875
  2.37197	-0.0546875
  2.37206	-0.1875
  2.37215	-0.210938
  2.37224	-0.210938
  2.37234	-0.210938
  2.37243	-0.101562
  2.37252	0.015625
  2.37261	0.179688
  2.3727	0.367188
  2.37279	0.40625
  2.37288	0.414062
  2.37297	0.390625
  2.37306	0.226562
  2.37315	0.09375
  2.37324	0
  2.37333	-0.0859375
  2.37342	-0.0859375
  2.37351	-0.109375
  2.37361	-0.101562
  2.3737	-0.0859375
  2.37379	-0.109375
  2.37388	-0.09375
  2.37397	-0.101562
  2.37406	-0.0859375
  2.37415	0.0234375
  2.37424	0.125
  2.37433	0.25
  2.37442	0.335938
  2.37451	0.320312
  2.3746	0.289062
  2.37469	0.148438
  2.37478	-0.101562
  2.37488	-0.226562
  2.37497	-0.273438
  2.37506	-0.320312
  2.37515	-0.28125
  2.37524	-0.226562
  2.37533	-0.148438
  2.37542	-0.015625
  2.37551	0.0546875
  2.3756	0.078125
  2.37569	0.101562
  2.37578	0.164062
  2.37587	0.273438
  2.37596	0.28125
  2.37605	0.28125
  2.37615	0.3125
  2.37624	0.234375
  2.37633	0.171875
  2.37642	0.0234375
  2.37651	-0.117188
  2.3766	-0.210938
  2.37669	-0.257812
  2.37678	-0.203125
  2.37687	-0.15625
  2.37696	-0.0390625
  2.37705	0.078125
  2.37714	0.125
  2.37723	0.0859375
  2.37732	0.101562
  2.37742	0.179688
  2.37751	0.179688
  2.3776	0.125
  2.37769	0.0546875
  2.37778	-0.0078125
  2.37787	-0.0390625
  2.37796	-0.0703125
  2.37805	-0.132812
  2.37814	-0.117188
  2.37823	-0.0859375
  2.37832	-0.078125
  2.37841	-0.0390625
  2.3785	-0.015625
  2.37859	0
  2.37868	0.03125
  2.37878	0.0546875
  2.37887	0.101562
  2.37896	0.101562
  2.37905	0.0859375
  2.37914	0.046875
  2.37923	-0.0390625
  2.37932	-0.046875
  2.37941	-0.0234375
  2.3795	-0.0234375
  2.37959	0.0078125
  2.37968	-0.0625
  2.37977	-0.117188
  2.37986	-0.109375
  2.37995	-0.117188
  2.38005	-0.101562
  2.38014	0.0234375
  2.38023	0.0234375
  2.38032	-0.257812
  2.38041	-0.328125
  2.3805	-0.320312
  2.38059	-0.320312
  2.38068	-0.101562
  2.38077	0
  2.38086	0.148438
  2.38095	0.414062
  2.38104	0.367188
  2.38113	0.234375
  2.38122	0.21875
  2.38132	0.0703125
  2.38141	-0.0546875
  2.3815	-0.148438
  2.38159	-0.1875
  2.38168	-0.09375
  2.38177	-0.015625
  2.38186	0.0234375
  2.38195	-0.0078125
  2.38204	-0.09375
  2.38213	-0.0859375
  2.38222	-0.0859375
  2.38231	-0.078125
  2.3824	0.078125
  2.38249	0.171875
  2.38259	0.234375
  2.38268	0.28125
  2.38277	0.140625
  2.38286	0
  2.38295	-0.09375
  2.38304	-0.320312
  2.38313	-0.460938
  2.38322	-0.414062
  2.38331	-0.3125
  2.3834	-0.179688
  2.38349	-0.109375
  2.38358	-0.046875
  2.38367	0.0234375
  2.38376	0.0625
  2.38385	0.0546875
  2.38395	0.078125
  2.38404	0.148438
  2.38413	0.21875
  2.38422	0.226562
  2.38431	0.21875
  2.3844	0.15625
  2.38449	0.015625
  2.38458	-0.0625
  2.38467	-0.15625
  2.38476	-0.1875
  2.38485	-0.078125
  2.38494	-0.046875
  2.38503	0.0234375
  2.38512	0.171875
  2.38522	0.203125
  2.38531	0.179688
  2.3854	0.179688
  2.38549	0.195312
  2.38558	0.179688
  2.38567	0.140625
  2.38576	0.101562
  2.38585	0.0546875
  2.38594	0.015625
  2.38603	-0.046875
  2.38612	-0.117188
  2.38621	-0.101562
  2.3863	-0.015625
  2.38639	0.03125
  2.38649	0.09375
  2.38658	0.125
  2.38667	0.148438
  2.38676	0.117188
  2.38685	0.09375
  2.38694	0.117188
  2.38703	0.109375
  2.38712	0.101562
  2.38721	0.0234375
  2.3873	0
  2.38739	0.0234375
  2.38748	-0.0078125
  2.38757	0.0859375
  2.38766	0.0859375
  2.38776	-0.21875
  2.38785	-0.34375
  2.38794	-0.25
  2.38803	-0.242188
  2.38812	-0.0546875
  2.38821	0.21875
  2.3883	0.320312
  2.38839	0.546875
  2.38848	0.585938
  2.38857	0.34375
  2.38866	0.195312
  2.38875	0.0234375
  2.38884	-0.179688
  2.38893	-0.257812
  2.38902	-0.265625
  2.38912	-0.171875
  2.38921	-0.0625
  2.3893	-0.0234375
  2.38939	-0.015625
  2.38948	-0.109375
  2.38957	-0.109375
  2.38966	-0.046875
  2.38975	0.0078125
  2.38984	0.195312
  2.38993	0.328125
  2.39002	0.320312
  2.39011	0.289062
  2.3902	0.132812
  2.39029	-0.132812
  2.39039	-0.226562
  2.39048	-0.320312
  2.39057	-0.4375
  2.39066	-0.359375
  2.39075	-0.257812
  2.39084	-0.101562
  2.39093	0.046875
  2.39102	0.109375
  2.39111	0.101562
  2.3912	0.09375
  2.39129	0.109375
  2.39138	0.125
  2.39147	0.15625
  2.39156	0.1875
  2.39166	0.15625
  2.39175	0.078125
  2.39184	0.0234375
  2.39193	-0.03125
  2.39202	-0.179688
  2.39211	-0.328125
  2.3922	-0.296875
  2.39229	-0.195312
  2.39238	-0.0546875
  2.39247	0.101562
  2.39256	0.1875
  2.39265	0.296875
  2.39274	0.328125
  2.39283	0.265625
  2.39293	0.179688
  2.39302	0.046875
  2.39311	-0.0546875
  2.3932	-0.117188
  2.39329	-0.125
  2.39338	-0.140625
  2.39347	-0.140625
  2.39356	-0.117188
  2.39365	-0.101562
  2.39374	-0.0625
  2.39383	0.0703125
  2.39392	0.164062
  2.39401	0.117188
  2.3941	0.0703125
  2.39419	0.0703125
  2.39429	0.0703125
  2.39438	-0.0234375
  2.39447	-0.0859375
  2.39456	-0.0859375
  2.39465	-0.0546875
  2.39474	-0.0546875
  2.39483	-0.0703125
  2.39492	-0.101562
  2.39501	-0.351562
  2.3951	-0.390625
  2.39519	-0.328125
  2.39528	-0.351562
  2.39537	-0.101562
  2.39546	0.203125
  2.39556	0.351562
  2.39565	0.59375
  2.39574	0.539062
  2.39583	0.28125
  2.39592	0.15625
  2.39601	-0.078125
  2.3961	-0.296875
  2.39619	-0.3125
  2.39628	-0.25
  2.39637	-0.148438
  2.39646	-0.078125
  2.39655	-0.0625
  2.39664	0
  2.39673	-0.0078125
  2.39683	0.046875
  2.39692	0.0703125
  2.39701	0.140625
  2.3971	0.335938
  2.39719	0.4375
  2.39728	0.375
  2.39737	0.28125
  2.39746	0.0703125
  2.39755	-0.1875
  2.39764	-0.296875
  2.39773	-0.429688
  2.39782	-0.429688
  2.39791	-0.242188
  2.398	-0.09375
  2.3981	0.0078125
  2.39819	0.117188
  2.39828	0.148438
  2.39837	0.1875
  2.39846	0.203125
  2.39855	0.171875
  2.39864	0.203125
  2.39873	0.257812
  2.39882	0.242188
  2.39891	0.132812
  2.399	0.0390625
  2.39909	-0.03125
  2.39918	-0.125
  2.39927	-0.148438
  2.39937	-0.210938
  2.39946	-0.179688
  2.39955	-0.0234375
  2.39964	0.125
  2.39973	0.265625
  2.39982	0.390625
  2.39991	0.429688
  2.4	0.34375
  2.40009	0.210938
  2.40018	0.078125
  2.40027	-0.015625
  2.40036	-0.015625
  2.40045	-0.015625
  2.40054	-0.0703125
  2.40063	-0.0859375
  2.40073	-0.09375
  2.40082	-0.078125
  2.40091	-0.0078125
  2.401	0.0390625
  2.40109	0.0859375
  2.40118	0.0625
  2.40127	0.0546875
  2.40136	0.09375
  2.40145	0.109375
  2.40154	0.101562
  2.40163	0.015625
  2.40172	-0.03125
  2.40181	0.0078125
  2.4019	-0.0234375
  2.402	-0.0234375
  2.40209	-0.0078125
  2.40218	-0.289062
  2.40227	-0.40625
  2.40236	-0.335938
  2.40245	-0.351562
  2.40254	-0.117188
  2.40263	0.195312
  2.40272	0.359375
  2.40281	0.609375
  2.4029	0.570312
  2.40299	0.289062
  2.40308	0.164062
  2.40317	-0.03125
  2.40327	-0.1875
  2.40336	-0.21875
  2.40345	-0.234375
  2.40354	-0.132812
  2.40363	-0.0546875
  2.40372	-0.015625
  2.40381	-0.03125
  2.4039	-0.046875
  2.40399	-0.03125
  2.40408	0.0390625
  2.40417	0.148438
  2.40426	0.3125
  2.40435	0.398438
  2.40444	0.335938
  2.40454	0.265625
  2.40463	0.0390625
  2.40472	-0.164062
  2.40481	-0.257812
  2.4049	-0.375
  2.40499	-0.351562
  2.40508	-0.257812
  2.40517	-0.164062
  2.40526	-0.0546875
  2.40535	0
  2.40544	0.015625
  2.40553	0.0625
  2.40562	0.09375
  2.40571	0.125
  2.4058	0.164062
  2.4059	0.226562
  2.40599	0.203125
  2.40608	0.0390625
  2.40617	-0.0703125
  2.40626	-0.132812
  2.40635	-0.242188
  2.40644	-0.25
  2.40653	-0.171875
  2.40662	-0.0546875
  2.40671	0.101562
  2.4068	0.179688
  2.40689	0.148438
  2.40698	0.148438
  2.40707	0.132812
  2.40717	0.0546875
  2.40726	0.015625
  2.40735	0.0078125
  2.40744	-0.015625
  2.40753	-0.0390625
  2.40762	-0.0625
  2.40771	-0.109375
  2.4078	-0.09375
  2.40789	-0.046875
  2.40798	0.0078125
  2.40807	0.0546875
  2.40816	0.109375
  2.40825	0.109375
  2.40834	0.0546875
  2.40844	0.046875
  2.40853	0.0390625
  2.40862	-0.015625
  2.40871	-0.0390625
  2.4088	0.03125
  2.40889	0.0859375
  2.40898	0.140625
  2.40907	0.179688
  2.40916	-0.101562
  2.40925	-0.359375
  2.40934	-0.304688
  2.40943	-0.304688
  2.40952	-0.179688
  2.40961	0.132812
  2.40971	0.335938
  2.4098	0.59375
  2.40989	0.671875
  2.40998	0.414062
  2.41007	0.242188
  2.41016	0.078125
  2.41025	-0.140625
  2.41034	-0.1875
  2.41043	-0.140625
  2.41052	-0.046875
  2.41061	0.046875
  2.4107	0
  2.41079	-0.101562
  2.41088	-0.140625
  2.41098	-0.0859375
  2.41107	0.015625
  2.41116	0.109375
  2.41125	0.25
  2.41134	0.390625
  2.41143	0.375
  2.41152	0.265625
  2.41161	0.0390625
  2.4117	-0.1875
  2.41179	-0.25
  2.41188	-0.320312
  2.41197	-0.328125
  2.41206	-0.234375
  2.41215	-0.148438
  2.41224	-0.09375
  2.41234	-0.0625
  2.41243	-0.046875
  2.41252	0
  2.41261	0.0859375
  2.4127	0.164062
  2.41279	0.210938
  2.41288	0.273438
  2.41297	0.25
  2.41306	0.132812
  2.41315	-0.0234375
  2.41324	-0.132812
  2.41333	-0.210938
  2.41342	-0.226562
  2.41351	-0.140625
  2.41361	-0.0546875
  2.4137	0.0703125
  2.41379	0.15625
  2.41388	0.140625
  2.41397	0.148438
  2.41406	0.15625
  2.41415	0.148438
  2.41424	0.171875
  2.41433	0.164062
  2.41442	0.0859375
  2.41451	-0.015625
  2.4146	-0.078125
  2.41469	-0.0703125
  2.41478	0.015625
  2.41488	0.078125
  2.41497	0.078125
  2.41506	0.0546875
  2.41515	0.0078125
  2.41524	0.0234375
  2.41533	0.0859375
  2.41542	0.078125
  2.41551	0.0234375
  2.4156	0
  2.41569	0.0234375
  2.41578	0.0546875
  2.41587	0.101562
  2.41596	0.0703125
  2.41605	-0.195312
  2.41615	-0.328125
  2.41624	-0.304688
  2.41633	-0.351562
  2.41642	-0.132812
  2.41651	0.140625
  2.4166	0.335938
  2.41669	0.59375
  2.41678	0.492188
  2.41687	0.210938
  2.41696	0.117188
  2.41705	-0.03125
  2.41714	-0.109375
  2.41723	-0.0625
  2.41732	-0.0546875
  2.41742	-0.046875
  2.41751	-0.0703125
  2.4176	-0.148438
  2.41769	-0.164062
  2.41778	-0.15625
  2.41787	-0.046875
  2.41796	0.0703125
  2.41805	0.15625
  2.41814	0.296875
  2.41823	0.335938
  2.41832	0.265625
  2.41841	0.0859375
  2.4185	-0.125
  2.41859	-0.195312
  2.41868	-0.21875
  2.41878	-0.289062
  2.41887	-0.265625
  2.41896	-0.21875
  2.41905	-0.21875
  2.41914	-0.195312
  2.41923	-0.1875
  2.41932	-0.117188
  2.41941	0.0390625
  2.4195	0.171875
  2.41959	0.234375
  2.41968	0.257812
  2.41977	0.242188
  2.41986	0.171875
  2.41995	0.0859375
  2.42005	-0.015625
  2.42014	-0.078125
  2.42023	-0.0859375
  2.42032	-0.0859375
  2.42041	-0.0703125
  2.4205	-0.0390625
  2.42059	-0.015625
  2.42068	0.03125
  2.42077	0.0859375
  2.42086	0.171875
  2.42095	0.257812
  2.42104	0.257812
  2.42113	0.1875
  2.42122	0.132812
  2.42132	0.0546875
  2.42141	0
  2.4215	-0.0078125
  2.42159	0.0546875
  2.42168	0.0859375
  2.42177	0.0625
  2.42186	0.0546875
  2.42195	-0.015625
  2.42204	0.0078125
  2.42213	0.0703125
  2.42222	0.03125
  2.42231	-0.0078125
  2.4224	0.015625
  2.42249	0.109375
  2.42259	0.171875
  2.42268	0.195312
  2.42277	0.109375
  2.42286	-0.171875
  2.42295	-0.289062
  2.42304	-0.257812
  2.42313	-0.296875
  2.42322	-0.109375
  2.42331	0.132812
  2.4234	0.25
  2.42349	0.429688
  2.42358	0.351562
  2.42367	0.140625
  2.42376	0.171875
  2.42385	0.109375
  2.42395	0.03125
  2.42404	0.0546875
  2.42413	-0.0234375
  2.42422	-0.0390625
  2.42431	-0.0859375
  2.4244	-0.210938
  2.42449	-0.273438
  2.42458	-0.195312
  2.42467	-0.0234375
  2.42476	0.164062
  2.42485	0.257812
  2.42494	0.320312
  2.42503	0.3125
  2.42512	0.210938
  2.42522	0.0703125
  2.42531	-0.0703125
  2.4254	-0.109375
  2.42549	-0.101562
  2.42558	-0.164062
  2.42567	-0.21875
  2.42576	-0.257812
  2.42585	-0.296875
  2.42594	-0.28125
  2.42603	-0.21875
  2.42612	-0.09375
  2.42621	0.0859375
  2.4263	0.203125
  2.42639	0.257812
  2.42649	0.242188
  2.42658	0.203125
  2.42667	0.15625
  2.42676	0.125
  2.42685	0.046875
  2.42694	-0.0546875
  2.42703	-0.0625
  2.42712	-0.0703125
  2.42721	-0.0703125
  2.4273	-0.101562
  2.42739	-0.0546875
  2.42748	0.0703125
  2.42757	0.148438
  2.42766	0.1875
  2.42776	0.203125
  2.42785	0.210938
  2.42794	0.179688
  2.42803	0.0859375
  2.42812	0.015625
  2.42821	0.0234375
  2.4283	0.0625
  2.42839	0.078125
  2.42848	0.0234375
  2.42857	-0.0546875
  2.42866	-0.0546875
  2.42875	-0.03125
  2.42884	-0.0390625
  2.42893	-0.046875
  2.42902	-0.015625
  2.42912	0.0625
  2.42921	0.101562
  2.4293	0.148438
  2.42939	0.148438
  2.42948	-0.101562
  2.42957	-0.265625
  2.42966	-0.257812
  2.42975	-0.257812
  2.42984	-0.109375
  2.42993	0.078125
  2.43002	0.179688
  2.43011	0.328125
  2.4302	0.234375
  2.43029	0.046875
  2.43039	0.109375
  2.43048	0.125
  2.43057	0.101562
  2.43066	0.148438
  2.43075	0.0625
  2.43084	-0.0390625
  2.43093	-0.109375
  2.43102	-0.242188
  2.43111	-0.265625
  2.4312	-0.171875
  2.43129	-0.0390625
  2.43138	0.125
  2.43147	0.179688
  2.43156	0.195312
  2.43166	0.195312
  2.43175	0.125
  2.43184	0.046875
  2.43193	0.015625
  2.43202	0.03125
  2.43211	0.0703125
  2.4322	0
  2.43229	-0.132812
  2.43238	-0.273438
  2.43247	-0.382812
  2.43256	-0.359375
  2.43265	-0.242188
  2.43274	-0.09375
  2.43283	0.0390625
  2.43293	0.148438
  2.43302	0.164062
  2.43311	0.117188
  2.4332	0.109375
  2.43329	0.140625
  2.43338	0.179688
  2.43347	0.148438
  2.43356	0.0546875
  2.43365	-0.015625
  2.43374	-0.0625
  2.43383	-0.09375
  2.43392	-0.101562
  2.43401	-0.0625
  2.4341	0.0078125
  2.43419	0.078125
  2.43429	0.0625
  2.43438	0.0625
  2.43447	0.09375
  2.43456	0.117188
  2.43465	0.0859375
  2.43474	0.078125
  2.43483	0.109375
  2.43492	0.117188
  2.43501	0.0703125
  2.4351	-0.015625
  2.43519	-0.0546875
  2.43528	-0.078125
  2.43537	-0.0625
  2.43546	-0.0703125
  2.43556	-0.0859375
  2.43565	-0.0390625
  2.43574	0.0390625
  2.43583	0.0703125
  2.43592	0.0703125
  2.43601	-0.164062
  2.4361	-0.328125
  2.43619	-0.226562
  2.43628	-0.171875
  2.43637	-0.03125
  2.43646	0.117188
  2.43655	0.195312
  2.43664	0.304688
  2.43673	0.21875
  2.43683	0.046875
  2.43692	0.0859375
  2.43701	0.117188
  2.4371	0.15625
  2.43719	0.265625
  2.43728	0.101562
  2.43737	-0.015625
  2.43746	-0.0625
  2.43755	-0.210938
  2.43764	-0.1875
  2.43773	-0.0859375
  2.43782	0.015625
  2.43791	0.195312
  2.438	0.1875
  2.4381	0.101562
  2.43819	0.109375
  2.43828	0.0625
  2.43837	0.078125
  2.43846	0.140625
  2.43855	0.117188
  2.43864	0.109375
  2.43873	0.0078125
  2.43882	-0.203125
  2.43891	-0.28125
  2.439	-0.3125
  2.43909	-0.234375
  2.43918	-0.117188
  2.43927	-0.0703125
  2.43937	-0.0078125
  2.43946	0.0703125
  2.43955	0.101562
  2.43964	0.109375
  2.43973	0.140625
  2.43982	0.179688
  2.43991	0.273438
  2.44	0.226562
  2.44009	0.109375
  2.44018	0.0390625
  2.44027	0
  2.44036	0
  2.44045	0
  2.44054	-0.03125
  2.44063	-0.0390625
  2.44073	0.03125
  2.44082	0.0625
  2.44091	0.046875
  2.441	0.046875
  2.44109	0.109375
  2.44118	0.164062
  2.44127	0.1875
  2.44136	0.179688
  2.44145	0.132812
  2.44154	0.0625
  2.44163	0
  2.44172	-0.0078125
  2.44181	-0.0078125
  2.4419	-0.015625
  2.442	-0.0546875
  2.44209	-0.0703125
  2.44218	-0.0390625
  2.44227	0
  2.44236	0.101562
  2.44245	0.015625
  2.44254	-0.226562
  2.44263	-0.21875
  2.44272	-0.078125
  2.44281	0.03125
  2.4429	0.125
  2.44299	0.226562
  2.44308	0.289062
  2.44317	0.257812
  2.44327	0.171875
  2.44336	0.09375
  2.44345	0.0859375
  2.44354	0.164062
  2.44363	0.234375
  2.44372	0.109375
  2.44381	-0.0546875
  2.4439	-0.140625
  2.44399	-0.171875
  2.44408	-0.140625
  2.44417	-0.0625
  2.44426	0.03125
  2.44435	0.0859375
  2.44444	0.109375
  2.44454	0.0859375
  2.44463	0.0390625
  2.44472	0.015625
  2.44481	0.09375
  2.4449	0.09375
  2.44499	0.0625
  2.44508	0.0078125
  2.44517	-0.101562
  2.44526	-0.210938
  2.44535	-0.289062
  2.44544	-0.328125
  2.44553	-0.242188
  2.44562	-0.117188
  2.44571	-0.101562
  2.44581	-0.101562
  2.4459	-0.101562
  2.44599	-0.0390625
  2.44608	0.046875
  2.44617	0.109375
  2.44626	0.148438
  2.44635	0.125
  2.44644	0.101562
  2.44653	0.0859375
  2.44662	0.03125
  2.44671	0
  2.4468	0.046875
  2.44689	0.0546875
  2.44698	0
  2.44707	-0.0703125
  2.44717	-0.0703125
  2.44726	-0.03125
  2.44735	0.0078125
  2.44744	0.0703125
  2.44753	0.125
  2.44762	0.148438
  2.44771	0.171875
  2.4478	0.132812
  2.44789	0.078125
  2.44798	0.0390625
  2.44807	0.0625
  2.44816	0.0703125
  2.44825	0.0234375
  2.44834	-0.0390625
  2.44844	-0.101562
  2.44853	-0.0859375
  2.44862	-0.0546875
  2.44871	0
  2.4488	0.0546875
  2.44889	-0.101562
  2.44898	-0.265625
  2.44907	-0.242188
  2.44916	-0.117188
  2.44925	0.015625
  2.44934	0.15625
  2.44943	0.21875
  2.44952	0.242188
  2.44961	0.242188
  2.44971	0.1875
  2.4498	0.140625
  2.44989	0.148438
  2.44998	0.226562
  2.45007	0.242188
  2.45016	0.125
  2.45025	-0.0234375
  2.45034	-0.132812
  2.45043	-0.179688
  2.45052	-0.148438
  2.45061	-0.0546875
  2.4507	0.03125
  2.45079	0.101562
  2.45088	0.109375
  2.45098	0.0390625
  2.45107	0.015625
  2.45116	0.046875
  2.45125	0.132812
  2.45134	0.1875
  2.45143	0.15625
  2.45152	0.0859375
  2.45161	-0.0703125
  2.4517	-0.203125
  2.45179	-0.273438
  2.45188	-0.273438
  2.45197	-0.15625
  2.45206	-0.078125
  2.45215	-0.101562
  2.45224	-0.15625
  2.45234	-0.171875
  2.45243	-0.101562
  2.45252	0.0234375
  2.45261	0.132812
  2.4527	0.171875
  2.45279	0.171875
  2.45288	0.164062
  2.45297	0.140625
  2.45306	0.0859375
  2.45315	0.0859375
  2.45324	0.0859375
  2.45333	0.0625
  2.45342	0
  2.45351	-0.0703125
  2.45361	-0.0703125
  2.4537	-0.0390625
  2.45379	-0.015625
  2.45388	0.03125
  2.45397	0.101562
  2.45406	0.164062
  2.45415	0.164062
  2.45424	0.09375
  2.45433	0.015625
  2.45442	0.015625
  2.45451	0.109375
  2.4546	0.140625
  2.45469	0.109375
  2.45478	0.0078125
  2.45488	-0.0625
  2.45497	-0.0546875
  2.45506	-0.0234375
  2.45515	0.0703125
  2.45524	0.0078125
  2.45533	-0.226562
  2.45542	-0.328125
  2.45551	-0.226562
  2.4556	-0.101562
  2.45569	0.0234375
  2.45578	0.203125
  2.45587	0.273438
  2.45596	0.257812
  2.45605	0.203125
  2.45615	0.125
  2.45624	0.140625
  2.45633	0.289062
  2.45642	0.390625
  2.45651	0.304688
  2.4566	0.101562
  2.45669	-0.0546875
  2.45678	-0.101562
  2.45687	-0.09375
  2.45696	-0.0234375
  2.45705	0.015625
  2.45714	0.03125
  2.45723	0.0390625
  2.45732	0.0078125
  2.45742	-0.0546875
  2.45751	-0.015625
  2.4576	0.101562
  2.45769	0.179688
  2.45778	0.1875
  2.45787	0.101562
  2.45796	-0.0234375
  2.45805	-0.117188
  2.45814	-0.195312
  2.45823	-0.210938
  2.45832	-0.179688
  2.45841	-0.140625
  2.4585	-0.148438
  2.45859	-0.210938
  2.45868	-0.242188
  2.45878	-0.1875
  2.45887	-0.0859375
  2.45896	-0.0234375
  2.45905	0.0625
  2.45914	0.148438
  2.45923	0.171875
  2.45932	0.171875
  2.45941	0.15625
  2.4595	0.125
  2.45959	0.101562
  2.45968	0.125
  2.45977	0.0859375
  2.45986	0.015625
  2.45995	-0.03125
  2.46005	-0.0625
  2.46014	-0.09375
  2.46023	-0.078125
  2.46032	0.03125
  2.46041	0.132812
  2.4605	0.164062
  2.46059	0.109375
  2.46068	0.0703125
  2.46077	0.0859375
  2.46086	0.125
  2.46095	0.15625
  2.46104	0.140625
  2.46113	0.101562
  2.46122	0.046875
  2.46132	-0.0078125
  2.46141	-0.0546875
  2.4615	-0.0078125
  2.46159	0.03125
  2.46168	-0.125
  2.46177	-0.320312
  2.46186	-0.304688
  2.46195	-0.195312
  2.46204	-0.09375
  2.46213	0.03125
  2.46222	0.0859375
  2.46231	0.0859375
  2.4624	0.148438
  2.46249	0.179688
  2.46258	0.140625
  2.46268	0.179688
  2.46277	0.328125
  2.46286	0.359375
  2.46295	0.257812
  2.46304	0.117188
  2.46313	0.015625
  2.46322	-0.03125
  2.46331	-0.0078125
  2.4634	-0.0078125
  2.46349	-0.0546875
  2.46358	-0.0546875
  2.46367	-0.0703125
  2.46376	-0.109375
  2.46385	-0.15625
  2.46395	-0.101562
  2.46404	-0.015625
  2.46413	0.0390625
  2.46422	0.046875
  2.46431	0
  2.4644	-0.046875
  2.46449	-0.0703125
  2.46458	-0.09375
  2.46467	-0.125
  2.46476	-0.109375
  2.46485	-0.101562
  2.46494	-0.125
  2.46503	-0.164062
  2.46512	-0.210938
  2.46522	-0.210938
  2.46531	-0.15625
  2.4654	-0.09375
  2.46549	-0.0390625
  2.46558	-0.0234375
  2.46567	0
  2.46576	0.0546875
  2.46585	0.101562
  2.46594	0.140625
  2.46603	0.171875
  2.46612	0.195312
  2.46621	0.210938
  2.4663	0.1875
  2.46639	0.148438
  2.46649	0.109375
  2.46658	0.109375
  2.46667	0.078125
  2.46676	0.0390625
  2.46685	0.03125
  2.46694	0.0390625
  2.46703	0.03125
  2.46712	0
  2.46721	-0.0234375
  2.4673	-0.0078125
  2.46739	0.046875
  2.46748	0.0859375
  2.46757	0.101562
  2.46766	0.09375
  2.46776	0.078125
  2.46785	0.046875
  2.46794	0.0390625
  2.46803	0.03125
  2.46812	0.046875
  2.46821	0.03125
  2.4683	-0.0390625
  2.46839	-0.0859375
  2.46848	-0.0703125
  2.46857	-0.03125
  2.46866	0.0234375
  2.46875	0.0703125
  2.46884	0.0625
  2.46893	0.046875
  2.46902	0.046875
  2.46912	0.0703125
  2.46921	0.078125
  2.4693	0.117188
  2.46939	0.140625
  2.46948	0.132812
  2.46957	0.140625
  2.46966	0.15625
  2.46975	0.132812
  2.46984	0.09375
  2.46993	0.0859375
  2.47002	0.078125
  2.47011	0.0390625
  2.4702	0
  2.47029	-0.0390625
  2.47039	-0.0625
  2.47048	-0.0703125
  2.47057	-0.046875
  2.47066	-0.0546875
  2.47075	-0.0703125
  2.47084	-0.0625
  2.47093	-0.0390625
  2.47102	-0.0390625
  2.47111	-0.0625
  2.4712	-0.0703125
  2.47129	-0.0625
  2.47138	-0.015625
  2.47147	-0.0234375
  2.47156	-0.0546875
  2.47166	-0.0546875
  2.47175	-0.0234375
  2.47184	0
  2.47193	0
  2.47202	-0.0078125
  2.47211	-0.0234375
  2.4722	-0.0078125
  2.47229	0
  2.47238	0
  2.47247	0.0078125
  2.47256	0.0234375
  2.47265	0.0234375
  2.47274	0.03125
  2.47283	0.015625
  2.47293	0.0546875
  2.47302	0.109375
  2.47311	0.15625
  2.4732	0.1875
  2.47329	0.164062
  2.47338	0.1875
  2.47347	0.210938
  2.47356	0.179688
  2.47365	0.140625
  2.47374	0.117188
  2.47383	0.101562
  2.47392	0.0859375
  2.47401	0.0859375
  2.4741	0.078125
  2.47419	0.0546875
  2.47429	0.046875
  2.47438	0.0546875
  2.47447	0.0625
  2.47456	0.03125
  2.47465	0.0078125
  2.47474	0.015625
  2.47483	-0.015625
  2.47492	-0.0390625
  2.47501	-0.101562
  2.4751	-0.164062
  2.47519	-0.1875
  2.47528	-0.171875
  2.47537	-0.132812
  2.47546	-0.140625
  2.47556	-0.179688
  2.47565	-0.140625
  2.47574	-0.0625
  2.47583	-0.0234375
  2.47592	0.0078125
  2.47601	-0.0078125
  2.4761	0
  2.47619	0.0546875
  2.47628	0.0859375
  2.47637	0.101562
  2.47646	0.101562
  2.47655	0.148438
  2.47664	0.171875
  2.47673	0.15625
  2.47683	0.101562
  2.47692	0.0625
  2.47701	0.0703125
  2.4771	0.0859375
  2.47719	0.0625
  2.47728	0
  2.47737	-0.015625
  2.47746	0
  2.47755	0
  2.47764	-0.046875
  2.47773	-0.078125
  2.47782	-0.09375
  2.47791	-0.0859375
  2.478	-0.0703125
  2.4781	-0.0859375
  2.47819	-0.125
  2.47828	-0.117188
  2.47837	-0.0859375
  2.47846	-0.117188
  2.47855	-0.15625
  2.47864	-0.164062
  2.47873	-0.148438
  2.47882	-0.0859375
  2.47891	-0.0625
  2.479	-0.078125
  2.47909	-0.101562
  2.47918	-0.101562
  2.47927	-0.0546875
  2.47937	-0.0234375
  2.47946	-0.015625
  2.47955	0.046875
  2.47964	0.125
  2.47973	0.1875
  2.47982	0.203125
  2.47991	0.203125
  2.48	0.226562
  2.48009	0.28125
  2.48018	0.320312
  2.48027	0.289062
  2.48036	0.226562
  2.48045	0.210938
  2.48054	0.234375
  2.48063	0.25
  2.48073	0.210938
  2.48082	0.171875
  2.48091	0.164062
  2.481	0.164062
  2.48109	0.125
  2.48118	0.0546875
  2.48127	0.0078125
  2.48136	-0.0078125
  2.48145	0
  2.48154	-0.0625
  2.48163	-0.148438
  2.48172	-0.203125
  2.48181	-0.195312
  2.4819	-0.15625
  2.482	-0.171875
  2.48209	-0.203125
  2.48218	-0.179688
  2.48227	-0.101562
  2.48236	-0.0546875
  2.48245	-0.0234375
  2.48254	-0.0078125
  2.48263	0.015625
  2.48272	0.09375
  2.48281	0.117188
  2.4829	0.0859375
  2.48299	0.0703125
  2.48308	0.101562
  2.48317	0.148438
  2.48327	0.15625
  2.48336	0.125
  2.48345	0.078125
  2.48354	0.0859375
  2.48363	0.101562
  2.48372	0.0703125
  2.48381	0.0078125
  2.4839	-0.0078125
  2.48399	0.046875
  2.48408	0.0546875
  2.48417	-0.0078125
  2.48426	-0.0703125
  2.48435	-0.0859375
  2.48444	-0.0625
  2.48454	-0.0546875
  2.48463	-0.101562
  2.48472	-0.132812
  2.48481	-0.0859375
  2.4849	-0.046875
  2.48499	-0.0546875
  2.48508	-0.109375
  2.48517	-0.171875
  2.48526	-0.164062
  2.48535	-0.109375
  2.48544	-0.078125
  2.48553	-0.109375
  2.48562	-0.117188
  2.48571	-0.078125
  2.48581	-0.0625
  2.4859	-0.0703125
  2.48599	-0.046875
  2.48608	0
  2.48617	0.0625
  2.48626	0.125
  2.48635	0.148438
  2.48644	0.140625
  2.48653	0.15625
  2.48662	0.226562
  2.48671	0.273438
  2.4868	0.265625
  2.48689	0.242188
  2.48698	0.226562
  2.48707	0.210938
  2.48717	0.1875
  2.48726	0.1875
  2.48735	0.179688
  2.48744	0.148438
  2.48753	0.140625
  2.48762	0.117188
  2.48771	0.0703125
  2.4878	0.0234375
  2.48789	0
  2.48798	-0.03125
  2.48807	-0.0703125
  2.48816	-0.09375
  2.48825	-0.140625
  2.48834	-0.203125
  2.48844	-0.226562
  2.48853	-0.21875
  2.48862	-0.203125
  2.48871	-0.1875
  2.4888	-0.195312
  2.48889	-0.148438
  2.48898	-0.09375
  2.48907	-0.101562
  2.48916	-0.109375
  2.48925	-0.078125
  2.48934	0
  2.48943	0.117188
  2.48952	0.164062
  2.48961	0.148438
  2.48971	0.125
  2.4898	0.140625
  2.48989	0.179688
  2.48998	0.171875
  2.49007	0.140625
  2.49016	0.125
  2.49025	0.117188
  2.49034	0.101562
  2.49043	0.0859375
  2.49052	0.0390625
  2.49061	0
  2.4907	0.03125
  2.49079	0.0546875
  2.49088	0.0078125
  2.49098	-0.0390625
  2.49107	-0.0625
  2.49116	-0.046875
  2.49125	-0.0234375
  2.49134	-0.046875
  2.49143	-0.046875
  2.49152	-0.0625
  2.49161	-0.0625
  2.4917	-0.0625
  2.49179	-0.109375
  2.49188	-0.140625
  2.49197	-0.132812
  2.49206	-0.078125
  2.49215	-0.0703125
  2.49224	-0.109375
  2.49234	-0.125
  2.49243	-0.109375
  2.49252	-0.0546875
  2.49261	-0.03125
  2.4927	-0.0078125
  2.49279	0.015625
  2.49288	0.0390625
  2.49297	0.109375
  2.49306	0.140625
  2.49315	0.140625
  2.49324	0.164062
  2.49333	0.21875
  2.49342	0.273438
  2.49351	0.28125
  2.49361	0.257812
  2.4937	0.234375
  2.49379	0.234375
  2.49388	0.25
  2.49397	0.21875
  2.49406	0.1875
  2.49415	0.179688
  2.49424	0.171875
  2.49433	0.132812
  2.49442	0.09375
  2.49451	0.0546875
  2.4946	0.015625
  2.49469	-0.0234375
  2.49478	-0.03125
  2.49488	-0.0390625
  2.49497	-0.0625
  2.49506	-0.09375
  2.49515	-0.148438
  2.49524	-0.195312
  2.49533	-0.21875
  2.49542	-0.210938
  2.49551	-0.179688
  2.4956	-0.179688
  2.49569	-0.195312
  2.49578	-0.15625
  2.49587	-0.09375
  2.49596	-0.0703125
  2.49605	-0.0234375
  2.49615	0.0234375
  2.49624	0.0859375
  2.49633	0.171875
  2.49642	0.179688
  2.49651	0.179688
  2.4966	0.1875
  2.49669	0.210938
  2.49678	0.25
  2.49687	0.226562
  2.49696	0.179688
  2.49705	0.15625
  2.49714	0.15625
  2.49723	0.140625
  2.49732	0.109375
  2.49742	0.0546875
  2.49751	0.046875
  2.4976	0.078125
  2.49769	0.0625
  2.49778	0.0234375
  2.49787	-0.0234375
  2.49796	-0.03125
  2.49805	-0.0078125
  2.49814	-0.0234375
  2.49823	-0.078125
  2.49832	-0.125
  2.49841	-0.117188
  2.4985	-0.101562
  2.49859	-0.140625
  2.49868	-0.203125
  2.49878	-0.234375
  2.49887	-0.210938
  2.49896	-0.15625
  2.49905	-0.132812
  2.49914	-0.15625
  2.49923	-0.179688
  2.49932	-0.171875
  2.49941	-0.148438
  2.4995	-0.117188
  2.49959	-0.09375
  2.49968	-0.0390625
  2.49977	0.03125
  2.49986	0.0546875
  2.49995	0.0703125
  2.50005	0.101562
  2.50014	0.132812
  2.50023	0.1875
  2.50032	0.226562
  2.50041	0.210938
  2.5005	0.21875
  2.50059	0.25
  2.50068	0.257812
  2.50077	0.234375
  2.50086	0.203125
  2.50095	0.171875
  2.50104	0.15625
  2.50113	0.148438
  2.50122	0.125
  2.50132	0.0859375
  2.50141	0.0703125
  2.5015	0.046875
  2.50159	0.0234375
  2.50168	-0.0234375
  2.50177	-0.0390625
  2.50186	-0.0546875
  2.50195	-0.0859375
  2.50204	-0.125
  2.50213	-0.1875
  2.50222	-0.242188
  2.50231	-0.25
  2.5024	-0.210938
  2.50249	-0.164062
  2.50258	-0.15625
  2.50268	-0.164062
  2.50277	-0.125
  2.50286	-0.09375
  2.50295	-0.0625
  2.50304	-0.0390625
  2.50313	-0.0234375
  2.50322	0.0625
  2.50331	0.15625
  2.5034	0.179688
  2.50349	0.140625
  2.50358	0.117188
  2.50367	0.171875
  2.50376	0.234375
  2.50385	0.25
  2.50395	0.226562
  2.50404	0.1875
  2.50413	0.226562
  2.50422	0.210938
  2.50431	0.148438
  2.5044	0.109375
  2.50449	0.078125
  2.50458	0.109375
  2.50467	0.125
  2.50476	0.0625
  2.50485	-0.0078125
  2.50494	-0.0546875
  2.50503	-0.0390625
  2.50512	-0.03125
  2.50522	-0.09375
  2.50531	-0.15625
  2.5054	-0.15625
  2.50549	-0.140625
  2.50558	-0.125
  2.50567	-0.164062
  2.50576	-0.21875
  2.50585	-0.195312
  2.50594	-0.15625
  2.50603	-0.117188
  2.50612	-0.132812
  2.50621	-0.132812
  2.5063	-0.0625
  2.50639	-0.0234375
  2.50649	-0.0234375
  2.50658	-0.0546875
  2.50667	-0.0625
  2.50676	-0.0078125
  2.50685	0.09375
  2.50694	0.132812
  2.50703	0.101562
  2.50712	0.09375
  2.50721	0.140625
  2.5073	0.234375
  2.50739	0.257812
  2.50748	0.234375
  2.50757	0.25
  2.50766	0.296875
  2.50776	0.335938
  2.50785	0.3125
  2.50794	0.25
  2.50803	0.226562
  2.50812	0.210938
  2.50821	0.195312
  2.5083	0.132812
  2.50839	0.0546875
  2.50848	0.0390625
  2.50857	0.0625
  2.50866	0.0078125
  2.50875	-0.0546875
  2.50884	-0.078125
  2.50893	-0.078125
  2.50902	-0.0703125
  2.50912	-0.0859375
  2.50921	-0.132812
  2.5093	-0.164062
  2.50939	-0.171875
  2.50948	-0.179688
  2.50957	-0.210938
  2.50966	-0.265625
  2.50975	-0.226562
  2.50984	-0.179688
  2.50993	-0.1875
  2.51002	-0.21875
  2.51011	-0.1875
  2.5102	-0.117188
  2.51029	-0.0703125
  2.51039	-0.0390625
  2.51048	-0.0078125
  2.51057	0.0703125
  2.51066	0.164062
  2.51075	0.179688
  2.51084	0.15625
  2.51093	0.148438
  2.51102	0.21875
  2.51111	0.304688
  2.5112	0.28125
  2.51129	0.234375
  2.51138	0.195312
  2.51147	0.1875
  2.51156	0.179688
  2.51166	0.15625
  2.51175	0.0859375
  2.51184	0.046875
  2.51193	0.0625
  2.51202	0.046875
  2.51211	-0.0078125
  2.5122	-0.0703125
  2.51229	-0.101562
  2.51238	-0.078125
  2.51247	-0.046875
  2.51256	-0.0703125
  2.51265	-0.101562
  2.51274	-0.125
  2.51283	-0.125
  2.51293	-0.140625
  2.51302	-0.195312
  2.51311	-0.1875
  2.5132	-0.148438
  2.51329	-0.0625
  2.51338	0.0234375
  2.51347	-0.0625
  2.51356	-0.101562
  2.51365	-0.046875
  2.51374	-0.015625
  2.51383	0.0078125
  2.51392	0
  2.51401	0.015625
  2.5141	0.0625
  2.51419	0.0859375
  2.51429	0.0546875
  2.51438	0.0625
  2.51447	0.148438
  2.51456	0.273438
  2.51465	0.359375
  2.51474	0.34375
  2.51483	0.320312
  2.51492	0.367188
  2.51501	0.390625
  2.5151	0.304688
  2.51519	0.273438
  2.51528	0.265625
  2.51537	0.195312
  2.51546	0.140625
  2.51556	0.0859375
  2.51565	0.0390625
  2.51574	0.015625
  2.51583	0.015625
  2.51592	-0.0078125
  2.51601	-0.046875
  2.5161	-0.0625
  2.51619	-0.0625
  2.51628	-0.0859375
  2.51637	-0.0703125
  2.51646	-0.0546875
  2.51655	-0.09375
  2.51664	-0.117188
  2.51673	-0.101562
  2.51683	-0.242188
  2.51692	-0.46875
  2.51701	-0.53125
  2.5171	-0.414062
  2.51719	-0.304688
  2.51728	-0.210938
  2.51737	-0.171875
  2.51746	-0.195312
  2.51755	-0.15625
  2.51764	-0.046875
  2.51773	-0.03125
  2.51782	0.0078125
  2.51791	0.234375
  2.518	0.382812
  2.5181	0.296875
  2.51819	0.203125
  2.51828	0.171875
  2.51837	0.164062
  2.51846	0.242188
  2.51855	0.328125
  2.51864	0.257812
  2.51873	0.125
  2.51882	0.0546875
  2.51891	-0.015625
  2.519	-0.09375
  2.51909	-0.0703125
  2.51918	0.015625
  2.51927	0.0390625
  2.51937	0.0390625
  2.51946	-0.015625
  2.51955	-0.171875
  2.51964	-0.25
  2.51973	-0.164062
  2.51982	-0.078125
  2.51991	-0.046875
  2.52	-0.0234375
  2.52009	-0.078125
  2.52018	-0.195312
  2.52027	-0.25
  2.52036	-0.210938
  2.52045	-0.125
  2.52054	-0.0234375
  2.52063	0.0625
  2.52073	0.0234375
  2.52082	-0.078125
  2.52091	-0.078125
  2.521	0.0078125
  2.52109	0.101562
  2.52118	0.25
  2.52127	0.335938
  2.52136	0.273438
  2.52145	0.171875
  2.52154	0.148438
  2.52163	0.140625
  2.52172	0.148438
  2.52181	0.203125
  2.5219	0.210938
  2.522	0.132812
  2.52209	0.078125
  2.52218	0.0390625
  2.52227	0.0078125
  2.52236	0.0390625
  2.52245	0.117188
  2.52254	0.140625
  2.52263	0.0703125
  2.52272	0.0078125
  2.52281	-0.03125
  2.5229	-0.046875
  2.52299	0.015625
  2.52308	0.0546875
  2.52317	0.0546875
  2.52327	0.015625
  2.52336	-0.0234375
  2.52345	-0.0625
  2.52354	-0.09375
  2.52363	-0.0703125
  2.52372	-0.0390625
  2.52381	-0.03125
  2.5239	-0.0234375
  2.52399	-0.0234375
  2.52408	-0.0234375
  2.52417	-0.0234375
  2.52426	0.015625
  2.52435	0.0390625
  2.52444	0.0703125
  2.52454	0.179688
  2.52463	0.0390625
  2.52472	-0.375
  2.52481	-0.53125
  2.5249	-0.234375
  2.52499	0.015625
  2.52508	0.0703125
  2.52517	0.0546875
  2.52526	-0.03125
  2.52535	-0.0390625
  2.52544	0.117188
  2.52553	0.21875
  2.52562	0.242188
  2.52571	0.484375
  2.52581	0.6875
  2.5259	0.46875
  2.52599	0.109375
  2.52608	0.015625
  2.52617	0.109375
  2.52626	0.226562
  2.52635	0.242188
  2.52644	0.0703125
  2.52653	-0.164062
  2.52662	-0.28125
  2.52671	-0.273438
  2.5268	-0.203125
  2.52689	-0.0859375
  2.52698	0.125
  2.52707	0.195312
  2.52717	0.0546875
  2.52726	-0.078125
  2.52735	-0.109375
  2.52744	-0.03125
  2.52753	0.164062
  2.52762	0.234375
  2.52771	0.09375
  2.5278	-0.109375
  2.52789	-0.242188
  2.52798	-0.335938
  2.52807	-0.335938
  2.52816	-0.210938
  2.52825	-0.046875
  2.52834	0.0078125
  2.52844	-0.0859375
  2.52853	-0.1875
  2.52862	-0.195312
  2.52871	-0.03125
  2.5288	0.21875
  2.52889	0.328125
  2.52898	0.289062
  2.52907	0.242188
  2.52916	0.148438
  2.52925	0.0703125
  2.52934	0.03125
  2.52943	0.109375
  2.52952	0.210938
  2.52961	0.109375
  2.52971	-0.117188
  2.5298	-0.304688
  2.52989	-0.328125
  2.52998	-0.15625
  2.53007	0
  2.53016	0.078125
  2.53025	0.078125
  2.53034	0.0625
  2.53043	0.0546875
  2.53052	0.0703125
  2.53061	0.179688
  2.5307	0.328125
  2.53079	0.382812
  2.53088	0.21875
  2.53098	-0.0234375
  2.53107	-0.140625
  2.53116	-0.117188
  2.53125	0
  2.53134	0.0390625
  2.53143	-0.0390625
  2.53152	-0.109375
  2.53161	-0.132812
  2.5317	-0.09375
  2.53179	-0.0078125
  2.53188	0.0703125
  2.53197	0.125
  2.53206	0.140625
  2.53215	0.109375
  2.53224	0.03125
  2.53234	-0.015625
  2.53243	0.0546875
  2.53252	0.132812
  2.53261	0.109375
  2.5327	0.15625
  2.53279	-0.117188
  2.53288	-0.648438
  2.53297	-0.726562
  2.53306	-0.34375
  2.53315	-0.0546875
  2.53324	0.015625
  2.53333	-0.0390625
  2.53342	-0.09375
  2.53351	-0.046875
  2.53361	0.0859375
  2.5337	0.273438
  2.53379	0.398438
  2.53388	0.5625
  2.53397	0.664062
  2.53406	0.359375
  2.53415	-0.0703125
  2.53424	-0.125
  2.53433	0.0234375
  2.53442	0.171875
  2.53451	0.132812
  2.5346	-0.0859375
  2.53469	-0.265625
  2.53478	-0.335938
  2.53488	-0.289062
  2.53497	-0.117188
  2.53506	0.0625
  2.53515	0.257812
  2.53524	0.28125
  2.53533	0.125
  2.53542	0.0078125
  2.53551	-0.0078125
  2.5356	0.09375
  2.53569	0.234375
  2.53578	0.179688
  2.53587	-0.0546875
  2.53596	-0.234375
  2.53605	-0.367188
  2.53615	-0.359375
  2.53624	-0.226562
  2.53633	-0.0859375
  2.53642	0.046875
  2.53651	0.101562
  2.5366	0
  2.53669	-0.0078125
  2.53678	0.0703125
  2.53687	0.257812
  2.53696	0.492188
  2.53705	0.484375
  2.53714	0.34375
  2.53723	0.21875
  2.53732	0.0859375
  2.53742	0.0546875
  2.53751	0.0859375
  2.5376	0.0625
  2.53769	0.0625
  2.53778	0.0234375
  2.53787	-0.140625
  2.53796	-0.257812
  2.53805	-0.21875
  2.53814	-0.0390625
  2.53823	0.078125
  2.53832	0.109375
  2.53841	0.15625
  2.5385	0.179688
  2.53859	0.203125
  2.53868	0.265625
  2.53878	0.257812
  2.53887	0.210938
  2.53896	0.140625
  2.53905	0.0234375
  2.53914	-0.171875
  2.53923	-0.28125
  2.53932	-0.25
  2.53941	-0.164062
  2.5395	-0.125
  2.53959	-0.117188
  2.53968	-0.078125
  2.53977	-0.015625
  2.53986	0.046875
  2.53995	0.09375
  2.54005	0.140625
  2.54014	0.132812
  2.54023	0.117188
  2.54032	0.09375
  2.54041	0.0546875
  2.5405	-0.015625
  2.54059	-0.03125
  2.54068	-0.046875
  2.54077	-0.0625
  2.54086	-0.101562
  2.54095	-0.0078125
  2.54104	-0.164062
  2.54113	-0.695312
  2.54122	-0.789062
  2.54132	-0.335938
  2.54141	0.0546875
  2.5415	0.164062
  2.54159	0.125
  2.54168	0.101562
  2.54177	0.164062
  2.54186	0.25
  2.54195	0.382812
  2.54204	0.421875
  2.54213	0.46875
  2.54222	0.523438
  2.54231	0.25
  2.5424	-0.1875
  2.54249	-0.25
  2.54258	-0.109375
  2.54268	0.0234375
  2.54277	0.046875
  2.54286	-0.132812
  2.54295	-0.242188
  2.54304	-0.25
  2.54313	-0.140625
  2.54322	0.117188
  2.54331	0.226562
  2.5434	0.289062
  2.54349	0.359375
  2.54358	0.179688
  2.54367	-0.0234375
  2.54376	-0.0859375
  2.54385	-0.0625
  2.54395	0.03125
  2.54404	-0.0546875
  2.54413	-0.257812
  2.54422	-0.390625
  2.54431	-0.460938
  2.5444	-0.390625
  2.54449	-0.195312
  2.54458	-0.078125
  2.54467	0.078125
  2.54476	0.179688
  2.54485	0.140625
  2.54494	0.140625
  2.54503	0.171875
  2.54512	0.289062
  2.54522	0.421875
  2.54531	0.328125
  2.5454	0.164062
  2.54549	0.015625
  2.54558	-0.125
  2.54567	-0.132812
  2.54576	-0.125
  2.54585	-0.101562
  2.54594	-0.0078125
  2.54603	-0.0390625
  2.54612	-0.0546875
  2.54621	-0.0546875
  2.5463	-0.046875
  2.54639	0.078125
  2.54649	0.1875
  2.54658	0.226562
  2.54667	0.15625
  2.54676	0.078125
  2.54685	0.046875
  2.54694	0.0625
  2.54703	0.046875
  2.54712	0.0546875
  2.54721	0.0546875
  2.5473	-0.015625
  2.54739	-0.09375
  2.54748	-0.132812
  2.54757	-0.117188
  2.54766	0
  2.54776	0.0859375
  2.54785	0.109375
  2.54794	0.078125
  2.54803	0.0625
  2.54812	0.101562
  2.54821	0.140625
  2.5483	0.140625
  2.54839	0.15625
  2.54848	0.132812
  2.54857	0.0625
  2.54866	0
  2.54875	-0.0390625
  2.54884	-0.015625
  2.54893	0.0234375
  2.54902	0
  2.54912	-0.0390625
  2.54921	-0.0546875
  2.5493	-0.0546875
  2.54939	0.0546875
  2.54948	0.140625
  2.54957	-0.273438
  2.54966	-0.617188
  2.54975	-0.421875
  2.54984	-0.0390625
  2.54993	0.171875
  2.55002	0.15625
  2.55011	0.101562
  2.5502	0.171875
  2.55029	0.203125
  2.55039	0.273438
  2.55048	0.367188
  2.55057	0.367188
  2.55066	0.460938
  2.55075	0.398438
  2.55084	-0.0390625
  2.55093	-0.296875
  2.55102	-0.242188
  2.55111	-0.078125
  2.5512	0.0546875
  2.55129	-0.0390625
  2.55138	-0.140625
  2.55147	-0.140625
  2.55156	-0.148438
  2.55166	0.03125
  2.55175	0.195312
  2.55184	0.195312
  2.55193	0.289062
  2.55202	0.226562
  2.55211	0.046875
  2.5522	-0.078125
  2.55229	-0.164062
  2.55238	-0.109375
  2.55247	-0.09375
  2.55256	-0.226562
  2.55265	-0.320312
  2.55274	-0.375
  2.55283	-0.359375
  2.55293	-0.195312
  2.55302	-0.0546875
  2.55311	0.101562
  2.5532	0.25
  2.55329	0.25
  2.55338	0.195312
  2.55347	0.148438
  2.55356	0.171875
  2.55365	0.265625
  2.55374	0.234375
  2.55383	0.117188
  2.55392	0.0234375
  2.55401	-0.132812
  2.5541	-0.179688
  2.55419	-0.132812
  2.55429	-0.0859375
  2.55438	0.015625
  2.55447	0.046875
  2.55456	0.0625
  2.55465	0.0859375
  2.55474	0.0859375
  2.55483	0.15625
  2.55492	0.289062
  2.55501	0.320312
  2.5551	0.164062
  2.55519	-0.0625
  2.55528	-0.171875
  2.55537	-0.078125
  2.55546	-0.03125
  2.55556	-0.046875
  2.55565	-0.0390625
  2.55574	-0.0390625
  2.55583	-0.015625
  2.55592	-0.015625
  2.55601	0.015625
  2.5561	0.109375
  2.55619	0.1875
  2.55628	0.148438
  2.55637	0
  2.55646	-0.117188
  2.55655	-0.117188
  2.55664	-0.0078125
  2.55673	0.0546875
  2.55683	0
  2.55692	-0.0234375
  2.55701	-0.0390625
  2.5571	-0.0703125
  2.55719	-0.078125
  2.55728	-0.015625
  2.55737	0.0390625
  2.55746	0.0390625
  2.55755	-0.0234375
  2.55764	-0.0859375
  2.55773	-0.125
  2.55782	-0.109375
  2.55791	-0.0625
  2.558	0.0078125
  2.5581	0.117188
  2.55819	-0.195312
  2.55828	-0.671875
  2.55837	-0.632812
  2.55846	-0.234375
  2.55855	0.125
  2.55864	0.273438
  2.55873	0.1875
  2.55882	0.148438
  2.55891	0.15625
  2.559	0.195312
  2.55909	0.351562
  2.55918	0.398438
  2.55927	0.4375
  2.55937	0.460938
  2.55946	0.09375
  2.55955	-0.25
  2.55964	-0.273438
  2.55973	-0.15625
  2.55982	0.0546875
  2.55991	0.101562
  2.56	-0.015625
  2.56009	-0.09375
  2.56018	-0.125
  2.56027	0.0234375
  2.56036	0.273438
  2.56045	0.34375
  2.56054	0.40625
  2.56063	0.359375
  2.56073	0.125
  2.56082	-0.0625
  2.56091	-0.1875
  2.561	-0.15625
  2.56109	-0.078125
  2.56118	-0.148438
  2.56127	-0.234375
  2.56136	-0.3125
  2.56145	-0.359375
  2.56154	-0.203125
  2.56163	-0.0234375
  2.56172	0.140625
  2.56181	0.304688
  2.5619	0.304688
  2.562	0.257812
  2.56209	0.1875
  2.56218	0.125
  2.56227	0.203125
  2.56236	0.226562
  2.56245	0.148438
  2.56254	0.03125
  2.56263	-0.148438
  2.56272	-0.21875
  2.56281	-0.1875
  2.5629	-0.117188
  2.56299	-0.0078125
  2.56308	0.0625
  2.56317	0.0703125
  2.56327	0.0546875
  2.56336	0.0625
  2.56345	0.140625
  2.56354	0.21875
  2.56363	0.203125
  2.56372	0.109375
  2.56381	-0.03125
  2.5639	-0.15625
  2.56399	-0.1875
  2.56408	-0.164062
  2.56417	-0.09375
  2.56426	-0.0546875
  2.56435	-0.0625
  2.56444	-0.0546875
  2.56454	-0.0234375
  2.56463	0.0390625
  2.56472	0.140625
  2.56481	0.195312
  2.5649	0.15625
  2.56499	0.078125
  2.56508	-0.015625
  2.56517	-0.0625
  2.56526	-0.0546875
  2.56535	-0.015625
  2.56544	0
  2.56553	-0.015625
  2.56562	-0.0546875
  2.56571	-0.0625
  2.56581	-0.078125
  2.5659	-0.046875
  2.56599	0.0390625
  2.56608	0.0703125
  2.56617	0.015625
  2.56626	-0.0546875
  2.56635	-0.0546875
  2.56644	-0.0234375
  2.56653	0
  2.56662	0.0390625
  2.56671	0.117188
  2.5668	0.117188
  2.56689	-0.289062
  2.56698	-0.632812
  2.56707	-0.460938
  2.56717	-0.0625
  2.56726	0.242188
  2.56735	0.265625
  2.56744	0.140625
  2.56753	0.109375
  2.56762	0.132812
  2.56771	0.273438
  2.5678	0.390625
  2.56789	0.390625
  2.56798	0.414062
  2.56807	0.296875
  2.56816	-0.046875
  2.56825	-0.273438
  2.56834	-0.28125
  2.56844	-0.125
  2.56853	0.0625
  2.56862	0.0390625
  2.56871	-0.109375
  2.5688	-0.203125
  2.56889	-0.171875
  2.56898	0.0703125
  2.56907	0.25
  2.56916	0.273438
  2.56925	0.296875
  2.56934	0.1875
  2.56943	0.046875
  2.56952	-0.0859375
  2.56961	-0.179688
  2.56971	-0.132812
  2.5698	-0.109375
  2.56989	-0.21875
  2.56998	-0.328125
  2.57007	-0.421875
  2.57016	-0.398438
  2.57025	-0.1875
  2.57034	0
  2.57043	0.140625
  2.57052	0.210938
  2.57061	0.195312
  2.5707	0.195312
  2.57079	0.171875
  2.57088	0.195312
  2.57098	0.257812
  2.57107	0.242188
  2.57116	0.148438
  2.57125	-0.015625
  2.57134	-0.15625
  2.57143	-0.1875
  2.57152	-0.132812
  2.57161	-0.03125
  2.5717	0.046875
  2.57179	0.078125
  2.57188	0.0859375
  2.57197	0.078125
  2.57206	0.140625
  2.57215	0.25
  2.57224	0.289062
  2.57234	0.242188
  2.57243	0.140625
  2.57252	0.0390625
  2.57261	-0.0625
  2.5727	-0.101562
  2.57279	-0.078125
  2.57288	-0.0546875
  2.57297	-0.0703125
  2.57306	-0.0625
  2.57315	-0.0546875
  2.57324	-0.015625
  2.57333	0.0859375
  2.57342	0.164062
  2.57351	0.1875
  2.57361	0.15625
  2.5737	0.109375
  2.57379	0.046875
  2.57388	0
  2.57397	0
  2.57406	0.0078125
  2.57415	-0.0390625
  2.57424	-0.078125
  2.57433	-0.09375
  2.57442	-0.0859375
  2.57451	-0.0859375
  2.5746	-0.03125
  2.57469	-0.0234375
  2.57478	-0.03125
  2.57488	-0.0546875
  2.57497	-0.101562
  2.57506	-0.0859375
  2.57515	-0.0078125
  2.57524	0.0234375
  2.57533	-0.0234375
  2.57542	0
  2.57551	0.0390625
  2.5756	-0.320312
  2.57569	-0.679688
  2.57578	-0.507812
  2.57587	-0.109375
  2.57596	0.148438
  2.57605	0.164062
  2.57615	0.078125
  2.57624	0.046875
  2.57633	0.132812
  2.57642	0.359375
  2.57651	0.484375
  2.5766	0.421875
  2.57669	0.398438
  2.57678	0.28125
  2.57687	0
  2.57696	-0.1875
  2.57705	-0.1875
  2.57714	-0.046875
  2.57723	0.0859375
  2.57732	0.046875
  2.57741	-0.0703125
  2.57751	-0.195312
  2.5776	-0.132812
  2.57769	0.15625
  2.57778	0.320312
  2.57787	0.328125
  2.57796	0.3125
  2.57805	0.1875
  2.57814	0.0703125
  2.57823	-0.015625
  2.57832	-0.09375
  2.57841	-0.0703125
  2.5785	-0.101562
  2.57859	-0.195312
  2.57868	-0.28125
  2.57878	-0.390625
  2.57887	-0.34375
  2.57896	-0.132812
  2.57905	0.0234375
  2.57914	0.132812
  2.57923	0.164062
  2.57932	0.164062
  2.57941	0.21875
  2.5795	0.242188
  2.57959	0.265625
  2.57968	0.289062
  2.57977	0.226562
  2.57986	0.132812
  2.57995	-0.015625
  2.58005	-0.15625
  2.58014	-0.1875
  2.58023	-0.164062
  2.58032	-0.0859375
  2.58041	-0.046875
  2.5805	-0.0546875
  2.58059	-0.0234375
  2.58068	0.03125
  2.58077	0.101562
  2.58086	0.195312
  2.58095	0.226562
  2.58104	0.1875
  2.58113	0.09375
  2.58122	-0.0078125
  2.58132	-0.078125
  2.58141	-0.09375
  2.5815	-0.117188
  2.58159	-0.109375
  2.58168	-0.132812
  2.58177	-0.132812
  2.58186	-0.125
  2.58195	-0.0859375
  2.58204	-0.015625
  2.58213	0.0859375
  2.58222	0.148438
  2.58231	0.125
  2.5824	0.078125
  2.58249	0.0390625
  2.58258	0.015625
  2.58268	0
  2.58277	0.0078125
  2.58286	-0.015625
  2.58295	-0.0703125
  2.58304	-0.09375
  2.58313	-0.078125
  2.58322	-0.03125
  2.58331	0.015625
  2.5834	0.015625
  2.58349	0.03125
  2.58358	0
  2.58367	-0.0625
  2.58376	-0.09375
  2.58385	-0.0390625
  2.58395	0.03125
  2.58404	0.0546875
  2.58413	0.0078125
  2.58422	0.03125
  2.58431	0.0859375
  2.5844	-0.25
  2.58449	-0.554688
  2.58458	-0.359375
  2.58467	0
  2.58476	0.203125
  2.58485	0.171875
  2.58494	0.0546875
  2.58503	0.0390625
  2.58512	0.148438
  2.58522	0.382812
  2.58531	0.46875
  2.5854	0.375
  2.58549	0.34375
  2.58558	0.234375
  2.58567	-0.0078125
  2.58576	-0.140625
  2.58585	-0.15625
  2.58594	-0.0546875
  2.58603	0.0390625
  2.58612	-0.03125
  2.58621	-0.179688
  2.5863	-0.265625
  2.58639	-0.1875
  2.58649	0.101562
  2.58658	0.265625
  2.58667	0.242188
  2.58676	0.1875
  2.58685	0.109375
  2.58694	0.078125
  2.58703	0.0546875
  2.58712	-0.015625
  2.58721	-0.046875
  2.5873	-0.117188
  2.58739	-0.210938
  2.58748	-0.304688
  2.58757	-0.390625
  2.58766	-0.335938
  2.58776	-0.148438
  2.58785	0
  2.58794	0.09375
  2.58803	0.09375
  2.58812	0.101562
  2.58821	0.1875
  2.5883	0.257812
  2.58839	0.3125
  2.58848	0.296875
  2.58857	0.210938
  2.58866	0.109375
  2.58875	0.0078125
  2.58884	-0.0546875
  2.58893	-0.0859375
  2.58902	-0.0703125
  2.58912	-0.046875
  2.58921	-0.0546875
  2.5893	-0.046875
  2.58939	-0.03125
  2.58948	0.015625
  2.58957	0.109375
  2.58966	0.164062
  2.58975	0.21875
  2.58984	0.179688
  2.58993	0.125
  2.59002	0.101562
  2.59011	0.0625
  2.5902	0.0390625
  2.59029	0
  2.59039	-0.046875
  2.59048	-0.0546875
  2.59057	-0.0546875
  2.59066	-0.0625
  2.59075	-0.046875
  2.59084	-0.0234375
  2.59093	0.03125
  2.59102	0.0703125
  2.59111	0.09375
  2.5912	0.09375
  2.59129	0.078125
  2.59138	0.0625
  2.59147	0.0546875
  2.59156	0.0390625
  2.59166	0.0234375
  2.59175	-0.015625
  2.59184	-0.0390625
  2.59193	-0.0390625
  2.59202	-0.046875
  2.59211	-0.0625
  2.5922	-0.0859375
  2.59229	-0.09375
  2.59238	-0.109375
  2.59247	-0.109375
  2.59256	-0.125
  2.59265	-0.09375
  2.59274	-0.0390625
  2.59283	-0.0625
  2.59293	-0.0625
  2.59302	0.046875
  2.59311	0.0078125
  2.5932	-0.351562
  2.59329	-0.539062
  2.59338	-0.296875
  2.59347	0.0390625
  2.59356	0.15625
  2.59365	0.0859375
  2.59374	-0.015625
  2.59383	-0.015625
  2.59392	0.132812
  2.59401	0.34375
  2.5941	0.398438
  2.5942	0.328125
  2.59429	0.3125
  2.59438	0.210938
  2.59447	0.0234375
  2.59456	-0.0546875
  2.59465	-0.015625
  2.59474	0.0703125
  2.59483	0.09375
  2.59492	0.015625
  2.59501	-0.140625
  2.5951	-0.21875
  2.59519	-0.0859375
  2.59528	0.148438
  2.59537	0.242188
  2.59546	0.164062
  2.59556	0.0703125
  2.59565	0.0546875
  2.59574	0.0546875
  2.59583	0.0546875
  2.59592	0.0546875
  2.59601	0.0390625
  2.5961	-0.046875
  2.59619	-0.15625
  2.59628	-0.21875
  2.59637	-0.265625
  2.59646	-0.210938
  2.59655	-0.078125
  2.59664	0.03125
  2.59673	0.0625
  2.59683	0.046875
  2.59692	0.0859375
  2.59701	0.164062
  2.5971	0.25
  2.59719	0.296875
  2.59728	0.242188
  2.59737	0.164062
  2.59746	0.101562
  2.59755	0.0546875
  2.59764	0.0078125
  2.59773	-0.0546875
  2.59782	-0.0859375
  2.59791	-0.09375
  2.598	-0.109375
  2.5981	-0.101562
  2.59819	-0.0703125
  2.59828	-0.0234375
  2.59837	0.0234375
  2.59846	0.078125
  2.59855	0.117188
  2.59864	0.09375
  2.59873	0.0625
  2.59882	0.078125
  2.59891	0.109375
  2.599	0.0859375
  2.59909	0.015625
  2.59918	0
  2.59927	0.0078125
  2.59937	-0.0546875
  2.59946	-0.171875
  2.59955	-0.171875
  2.59964	-0.0546875
  2.59973	0.046875
  2.59982	0.03125
  2.59991	-0.0390625
  2.6	-0.046875
  2.60009	0.0390625
  2.60018	0.125
  2.60027	0.125
  2.60036	0.09375
  2.60045	0.0625
  2.60054	0.046875
  2.60063	0.015625
  2.60073	-0.03125
  2.60082	-0.0234375
  2.60091	-0.0078125
  2.601	-0.03125
  2.60109	-0.0703125
  2.60118	-0.109375
  2.60127	-0.125
  2.60136	-0.125
  2.60145	-0.0859375
  2.60154	-0.015625
  2.60163	0.0078125
  2.60172	-0.03125
  2.60181	-0.0078125
  2.6019	0.0546875
  2.602	-0.140625
  2.60209	-0.398438
  2.60218	-0.3125
  2.60227	-0.046875
  2.60236	0.109375
  2.60245	0.117188
  2.60254	0.0625
  2.60263	0.03125
  2.60272	0.101562
  2.60281	0.242188
  2.6029	0.351562
  2.60299	0.382812
  2.60308	0.351562
  2.60317	0.25
  2.60327	0.09375
  2.60336	0.015625
  2.60345	0.0390625
  2.60354	0.0703125
  2.60363	0.0390625
  2.60372	-0.0390625
  2.60381	-0.132812
  2.6039	-0.1875
  2.60399	-0.15625
  2.60408	-0.0625
  2.60417	0.0390625
  2.60426	0.101562
  2.60435	0.09375
  2.60444	0.03125
  2.60454	0.015625
  2.60463	0.03125
  2.60472	0.046875
  2.60481	0.046875
  2.6049	-0.0234375
  2.60499	-0.148438
  2.60508	-0.257812
  2.60517	-0.257812
  2.60526	-0.1875
  2.60535	-0.148438
  2.60544	-0.109375
  2.60553	-0.0390625
  2.60562	0
  2.60571	0.0234375
  2.60581	0.078125
  2.6059	0.164062
  2.60599	0.226562
  2.60608	0.25
  2.60617	0.234375
  2.60626	0.1875
  2.60635	0.117188
  2.60644	0.078125
  2.60653	0.0703125
  2.60662	0.0390625
  2.60671	-0.015625
  2.6068	-0.0390625
  2.60689	-0.0625
  2.60698	-0.0859375
  2.60707	-0.0625
  2.60717	-0.0234375
  2.60726	0.015625
  2.60735	0.0546875
  2.60744	0.078125
  2.60753	0.0703125
  2.60762	0.0546875
  2.60771	0.09375
  2.6078	0.117188
  2.60789	0.109375
  2.60798	0.0859375
  2.60807	0.0625
  2.60816	0.03125
  2.60825	-0.0078125
  2.60834	-0.015625
  2.60844	-0.015625
  2.60853	0
  2.60862	0.0078125
  2.60871	-0.0078125
  2.6088	-0.03125
  2.60889	-0.015625
  2.60898	0.03125
  2.60907	0.0625
  2.60916	0.0390625
  2.60925	0.046875
  2.60934	0.0625
  2.60943	0.0546875
  2.60952	0.0546875
  2.60961	0.0390625
  2.60971	0.0078125
  2.6098	0.0078125
  2.60989	-0.015625
  2.60998	-0.0546875
  2.61007	-0.101562
  2.61016	-0.109375
  2.61025	-0.09375
  2.61034	-0.09375
  2.61043	-0.0703125
  2.61052	-0.0703125
  2.61061	-0.0625
  2.6107	0.0390625
  2.61079	-0.015625
  2.61088	-0.273438
  2.61098	-0.34375
  2.61107	-0.109375
  2.61116	0.117188
  2.61125	0.148438
  2.61134	0.09375
  2.61143	0.03125
  2.61152	0.03125
  2.61161	0.140625
  2.6117	0.273438
  2.61179	0.265625
  2.61188	0.289062
  2.61197	0.3125
  2.61206	0.171875
  2.61215	-0.03125
  2.61224	-0.046875
  2.61234	0.078125
  2.61243	0.132812
  2.61252	0.0625
  2.61261	-0.0390625
  2.6127	-0.117188
  2.61279	-0.140625
  2.61288	-0.0390625
  2.61297	0.0625
  2.61306	0.0703125
  2.61315	0.0546875
  2.61324	0.046875
  2.61333	0.0234375
  2.61342	-0.0234375
  2.61351	-0.015625
  2.61361	0.0234375
  2.6137	0.0078125
  2.61379	-0.0625
  2.61388	-0.164062
  2.61397	-0.226562
  2.61406	-0.210938
  2.61415	-0.117188
  2.61424	-0.0546875
  2.61433	-0.0546875
  2.61442	-0.046875
  2.61451	-0.015625
  2.6146	0.0078125
  2.61469	0.03125
  2.61478	0.101562
  2.61488	0.164062
  2.61497	0.1875
  2.61506	0.164062
  2.61515	0.101562
  2.61524	0.078125
  2.61533	0.078125
  2.61542	0.0859375
  2.61551	0.0703125
  2.6156	0.015625
  2.61569	-0.015625
  2.61578	-0.046875
  2.61587	-0.0625
  2.61596	-0.0703125
  2.61605	-0.0703125
  2.61615	-0.0390625
  2.61624	-0.0078125
  2.61633	-0.0078125
  2.61642	-0.0234375
  2.61651	-0.0234375
  2.6166	0.0234375
  2.61669	0.0625
  2.61678	0.0546875
  2.61687	0.0546875
  2.61696	0.0703125
  2.61705	0.0546875
  2.61714	0.046875
  2.61723	0.015625
  2.61732	0.0078125
  2.61741	0.03125
  2.61751	0.015625
  2.6176	-0.015625
  2.61769	-0.0234375
  2.61778	-0.0234375
  2.61787	0
  2.61796	0.03125
  2.61805	0.03125
  2.61814	0.0546875
  2.61823	0.0859375
  2.61832	0.101562
  2.61841	0.117188
  2.6185	0.117188
  2.61859	0.101562
  2.61868	0.0703125
  2.61878	0.0546875
  2.61887	0
  2.61896	-0.046875
  2.61905	-0.078125
  2.61914	-0.0859375
  2.61923	-0.0859375
  2.61932	-0.0625
  2.61941	-0.0625
  2.6195	-0.0546875
  2.61959	0
  2.61968	-0.078125
  2.61977	-0.296875
  2.61986	-0.28125
  2.61995	-0.0546875
  2.62005	0.132812
  2.62014	0.132812
  2.62023	0.0625
  2.62032	0.046875
  2.62041	0.0703125
  2.6205	0.1875
  2.62059	0.296875
  2.62068	0.296875
  2.62077	0.28125
  2.62086	0.289062
  2.62095	0.179688
  2.62104	0.0234375
  2.62113	0.0234375
  2.62122	0.140625
  2.62132	0.164062
  2.62141	0.046875
  2.6215	-0.0625
  2.62159	-0.148438
  2.62168	-0.171875
  2.62177	-0.0625
  2.62186	0.0234375
  2.62195	0.015625
  2.62204	0
  2.62213	0.0078125
  2.62222	-0.0078125
  2.62231	-0.0078125
  2.6224	0.03125
  2.62249	0.0703125
  2.62258	0.0234375
  2.62268	-0.0703125
  2.62277	-0.148438
  2.62286	-0.210938
  2.62295	-0.195312
  2.62304	-0.117188
  2.62313	-0.0703125
  2.62322	-0.0859375
  2.62331	-0.0859375
  2.6234	-0.0703125
  2.62349	-0.015625
  2.62358	0.046875
  2.62367	0.109375
  2.62376	0.171875
  2.62385	0.179688
  2.62395	0.148438
  2.62404	0.117188
  2.62413	0.117188
  2.62422	0.164062
  2.62431	0.164062
  2.6244	0.132812
  2.62449	0.0703125
  2.62458	0.015625
  2.62467	-0.0234375
  2.62476	-0.03125
  2.62485	-0.0234375
  2.62494	0
  2.62503	0.0078125
  2.62512	-0.03125
  2.62522	-0.046875
  2.62531	-0.0390625
  2.6254	-0.0078125
  2.62549	0.03125
  2.62558	0.0546875
  2.62567	0.0390625
  2.62576	0.015625
  2.62585	0.03125
  2.62594	0.046875
  2.62603	0.0390625
  2.62612	0.046875
  2.62621	0.0625
  2.6263	0.046875
  2.62639	0.015625
  2.62649	0
  2.62658	-0.0078125
  2.62667	-0.0234375
  2.62676	-0.03125
  2.62685	-0.0390625
  2.62694	-0.0625
  2.62703	-0.046875
  2.62712	0.015625
  2.62721	0.046875
  2.6273	0.03125
  2.62739	0.0234375
  2.62748	0
  2.62757	-0.0078125
  2.62766	0
  2.62776	0
  2.62785	-0.0234375
  2.62794	-0.0703125
  2.62803	-0.09375
  2.62812	-0.117188
  2.62821	-0.117188
  2.6283	-0.109375
  2.62839	-0.117188
  2.62848	-0.046875
  2.62857	-0.0390625
  2.62866	-0.210938
  2.62875	-0.328125
  2.62884	-0.195312
  2.62893	0.0234375
  2.62902	0.09375
  2.62912	0.046875
  2.62921	0.0078125
  2.6293	0.03125
  2.62939	0.117188
  2.62948	0.234375
  2.62957	0.28125
  2.62966	0.304688
  2.62975	0.34375
  2.62984	0.28125
  2.62993	0.132812
  2.63002	0.101562
  2.63011	0.195312
  2.6302	0.226562
  2.63029	0.132812
  2.63039	0.046875
  2.63048	-0.0546875
  2.63057	-0.117188
  2.63066	-0.0703125
  2.63075	0.0234375
  2.63084	0.0546875
  2.63093	0.0078125
  2.63102	-0.0234375
  2.63111	-0.015625
  2.6312	-0.03125
  2.63129	0
  2.63138	0.078125
  2.63147	0.09375
  2.63156	0.03125
  2.63166	-0.046875
  2.63175	-0.109375
  2.63184	-0.109375
  2.63193	-0.046875
  2.63202	-0.015625
  2.63211	-0.0234375
  2.6322	-0.046875
  2.63229	-0.0390625
  2.63238	-0.0234375
  2.63247	0.0078125
  2.63256	0.0625
  2.63265	0.101562
  2.63274	0.109375
  2.63283	0.109375
  2.63293	0.109375
  2.63302	0.132812
  2.63311	0.15625
  2.6332	0.179688
  2.63329	0.140625
  2.63338	0.0859375
  2.63347	0.0546875
  2.63356	0.0078125
  2.63365	0
  2.63374	0.015625
  2.63383	-0.0078125
  2.63392	-0.046875
  2.63401	-0.078125
  2.6341	-0.101562
  2.6342	-0.101562
  2.63429	-0.0859375
  2.63438	-0.046875
  2.63447	-0.03125
  2.63456	-0.03125
  2.63465	-0.03125
  2.63474	-0.015625
  2.63483	0.03125
  2.63492	0.0546875
  2.63501	0.078125
  2.6351	0.078125
  2.63519	0.0625
  2.63528	0.078125
  2.63537	0.0625
  2.63546	0.046875
  2.63556	0.046875
  2.63565	0.0234375
  2.63574	-0.0078125
  2.63583	-0.0234375
  2.63592	-0.0234375
  2.63601	0.015625
  2.6361	0.046875
  2.63619	0.078125
  2.63628	0.0859375
  2.63637	0.0703125
  2.63646	0.078125
  2.63655	0.0703125
  2.63664	0.03125
  2.63673	0.0078125
  2.63683	-0.0078125
  2.63692	-0.0234375
  2.63701	-0.0546875
  2.6371	-0.078125
  2.63719	-0.0703125
  2.63728	-0.09375
  2.63737	-0.078125
  2.63746	-0.0078125
  2.63755	-0.09375
  2.63764	-0.257812
  2.63773	-0.273438
  2.63782	-0.140625
  2.63791	-0.0078125
  2.638	-0.0078125
  2.6381	-0.0390625
  2.63819	-0.015625
  2.63828	0.03125
  2.63837	0.101562
  2.63846	0.1875
  2.63855	0.25
  2.63864	0.28125
  2.63873	0.234375
  2.63882	0.164062
  2.63891	0.125
  2.639	0.132812
  2.63909	0.1875
  2.63918	0.148438
  2.63927	0.0703125
  2.63937	-0.0234375
  2.63946	-0.0859375
  2.63955	-0.09375
  2.63964	-0.0546875
  2.63973	0
  2.63982	-0.015625
  2.63991	-0.078125
  2.64	-0.117188
  2.64009	-0.132812
  2.64018	-0.109375
  2.64027	-0.0546875
  2.64036	-0.0234375
  2.64045	-0.0390625
  2.64054	-0.0625
  2.64063	-0.078125
  2.64073	-0.078125
  2.64082	-0.0390625
  2.64091	-0.0078125
  2.641	0.0234375
  2.64109	0.03125
  2.64118	0.0078125
  2.64127	0.0234375
  2.64136	0.0390625
  2.64145	0.0546875
  2.64154	0.09375
  2.64163	0.148438
  2.64172	0.15625
  2.64181	0.132812
  2.6419	0.140625
  2.642	0.15625
  2.64209	0.179688
  2.64218	0.21875
  2.64227	0.234375
  2.64236	0.226562
  2.64245	0.179688
  2.64254	0.132812
  2.64263	0.117188
  2.64272	0.0703125
  2.64281	0.0546875
  2.6429	0.046875
  2.64299	0
  2.64308	-0.0234375
  2.64317	-0.0390625
  2.64327	-0.0546875
  2.64336	-0.046875
  2.64345	-0.0390625
  2.64354	-0.03125
  2.64363	-0.046875
  2.64372	-0.046875
  2.64381	-0.015625
  2.6439	0.015625
  2.64399	0.0078125
  2.64408	0.0234375
  2.64417	0.0078125
  2.64426	-0.015625
  2.64435	-0.03125
  2.64444	-0.0234375
  2.64454	-0.0234375
  2.64463	-0.03125
  2.64472	-0.046875
  2.64481	-0.0625
  2.6449	-0.0546875
  2.64499	-0.03125
  2.64508	-0.015625
  2.64517	-0.0234375
  2.64526	-0.046875
  2.64535	-0.0546875
  2.64544	-0.0390625
  2.64553	-0.0546875
  2.64562	-0.09375
  2.64571	-0.09375
  2.64581	-0.0859375
  2.6459	-0.09375
  2.64599	-0.0703125
  2.64608	-0.0546875
  2.64617	-0.0625
  2.64626	-0.0703125
  2.64635	-0.0390625
  2.64644	-0.015625
  2.64653	-0.0703125
  2.64662	-0.109375
  2.64671	-0.0859375
  2.6468	-0.0390625
  2.64689	-0.015625
  2.64698	0.0234375
  2.64707	0.046875
  2.64717	0.0625
  2.64726	0.0703125
  2.64735	0.0859375
  2.64744	0.132812
  2.64753	0.195312
  2.64762	0.226562
  2.64771	0.242188
  2.6478	0.234375
  2.64789	0.195312
  2.64798	0.179688
  2.64807	0.15625
  2.64816	0.164062
  2.64825	0.164062
  2.64834	0.132812
  2.64844	0.0703125
  2.64853	0.015625
  2.64862	-0.0234375
  2.64871	-0.015625
  2.6488	-0.0234375
  2.64889	-0.0234375
  2.64898	-0.046875
  2.64907	-0.0625
  2.64916	-0.0625
  2.64925	-0.09375
  2.64934	-0.101562
  2.64943	-0.101562
  2.64952	-0.0859375
  2.64961	-0.0546875
  2.64971	-0.0625
  2.6498	-0.0703125
  2.64989	-0.0546875
  2.64998	-0.046875
  2.65007	-0.0234375
  2.65016	-0.015625
  2.65025	0
  2.65034	0.0234375
  2.65043	0.0390625
  2.65052	0.0546875
  2.65061	0.046875
  2.6507	0.0546875
  2.65079	0.0703125
  2.65088	0.0703125
  2.65098	0.109375
  2.65107	0.125
  2.65116	0.125
  2.65125	0.148438
  2.65134	0.15625
  2.65143	0.140625
  2.65152	0.125
  2.65161	0.0859375
  2.6517	0.0546875
  2.65179	0.0234375
  2.65188	0.0078125
  2.65197	-0.0078125
  2.65206	0
  2.65215	0
  2.65224	0.0078125
  2.65234	0.0078125
  2.65243	-0.0078125
  2.65252	-0.0078125
  2.65261	0.0078125
  2.6527	0.015625
  2.65279	0.0390625
  2.65288	0.046875
  2.65297	0.0234375
  2.65306	0.0234375
  2.65315	0.0234375
  2.65324	0.0234375
  2.65333	0.0390625
  2.65342	0.046875
  2.65351	0.046875
  2.65361	0.0546875
  2.6537	0.0390625
  2.65379	0.0234375
  2.65388	0.0078125
  2.65397	0.0078125
  2.65406	0
  2.65415	0
  2.65424	0.0078125
  2.65433	0
  2.65442	0
  2.65451	-0.0078125
  2.6546	-0.015625
  2.65469	-0.015625
  2.65478	-0.0078125
  2.65488	-0.0234375
  2.65497	-0.046875
  2.65506	-0.0625
  2.65515	-0.078125
  2.65524	-0.0703125
  2.65533	-0.0703125
  2.65542	-0.078125
  2.65551	-0.0625
  2.6556	-0.0703125
  2.65569	-0.0859375
  2.65578	-0.0859375
  2.65587	-0.0859375
  2.65596	-0.0546875
  2.65605	-0.03125
  2.65615	-0.0234375
  2.65624	0.0078125
  2.65633	0.0078125
  2.65642	0.0234375
  2.65651	0.0390625
  2.6566	0.0703125
  2.65669	0.117188
  2.65678	0.140625
  2.65687	0.164062
  2.65696	0.15625
  2.65705	0.15625
  2.65714	0.148438
  2.65723	0.148438
  2.65732	0.109375
  2.65741	0.117188
  2.65751	0.101562
  2.6576	0.078125
  2.65769	0.0546875
  2.65778	0.0390625
  2.65787	0.015625
  2.65796	-0.0078125
  2.65805	-0.03125
  2.65814	-0.0546875
  2.65823	-0.078125
  2.65832	-0.101562
  2.65841	-0.101562
  2.6585	-0.078125
  2.65859	-0.0859375
  2.65868	-0.078125
  2.65878	-0.0625
  2.65887	-0.0625
  2.65896	-0.0625
  2.65905	-0.0703125
  2.65914	-0.078125
  2.65923	-0.0703125
  2.65932	-0.0625
  2.65941	-0.0625
  2.6595	-0.0390625
  2.65959	-0.03125
  2.65968	0.0078125
  2.65977	0.03125
  2.65986	0.0390625
  2.65995	0.0625
  2.66005	0.0625
  2.66014	0.0625
  2.66023	0.0625
  2.66032	0.09375
  2.66041	0.125
  2.6605	0.15625
  2.66059	0.179688
  2.66068	0.1875
  2.66077	0.1875
  2.66086	0.179688
  2.66095	0.1875
  2.66104	0.195312
  2.66113	0.179688
  2.66122	0.171875
  2.66132	0.148438
  2.66141	0.140625
  2.6615	0.125
  2.66159	0.109375
  2.66168	0.0859375
  2.66177	0.0625
  2.66186	0.0234375
  2.66195	0.015625
  2.66204	0
  2.66213	-0.0234375
  2.66222	-0.0078125
  2.66231	-0.0234375
  2.6624	-0.046875
  2.66249	-0.046875
  2.66258	-0.046875
  2.66268	-0.046875
  2.66277	-0.046875
  2.66286	-0.0703125
  2.66295	-0.09375
  2.66304	-0.125
  2.66313	-0.140625
  2.66322	-0.148438
  2.66331	-0.132812
  2.6634	-0.109375
  2.66349	-0.101562
  2.66358	-0.078125
  2.66367	-0.0546875
  2.66376	-0.0390625
  2.66385	-0.0390625
  2.66395	-0.03125
  2.66404	-0.0234375
  2.66413	-0.0078125
  2.66422	0.015625
  2.66431	0
  2.6644	0
  2.66449	-0.0078125
  2.66458	0.0234375
  2.66467	0.0625
  2.66476	0.078125
  2.66485	0.09375
  2.66494	0.101562
  2.66503	0.109375
  2.66512	0.125
  2.66522	0.125
  2.66531	0.140625
  2.6654	0.164062
  2.66549	0.171875
  2.66558	0.179688
  2.66567	0.171875
  2.66576	0.171875
  2.66585	0.15625
  2.66594	0.117188
  2.66603	0.09375
  2.66612	0.0859375
  2.66621	0.0859375
  2.6663	0.078125
  2.66639	0.046875
  2.66649	0.015625
  2.66658	-0.0078125
  2.66667	-0.0234375
  2.66676	-0.0390625
  2.66685	-0.0703125
  2.66694	-0.0859375
  2.66703	-0.117188
  2.66712	-0.132812
  2.66721	-0.140625
  2.6673	-0.140625
  2.66739	-0.132812
  2.66748	-0.132812
  2.66757	-0.148438
  2.66766	-0.171875
  2.66776	-0.15625
  2.66785	-0.132812
  2.66794	-0.117188
  2.66803	-0.117188
  2.66812	-0.125
  2.66821	-0.109375
  2.6683	-0.0859375
  2.66839	-0.0546875
  2.66848	-0.03125
  2.66857	-0.0234375
  2.66866	-0.0078125
  2.66875	0.015625
  2.66884	0.03125
  2.66893	0.0625
  2.66902	0.101562
  2.66912	0.125
  2.66921	0.125
  2.6693	0.148438
  2.66939	0.164062
  2.66948	0.1875
  2.66957	0.203125
  2.66966	0.226562
  2.66975	0.25
  2.66984	0.265625
  2.66993	0.234375
  2.67002	0.21875
  2.67011	0.195312
  2.6702	0.15625
  2.67029	0.140625
  2.67039	0.101562
  2.67048	0.09375
  2.67057	0.078125
  2.67066	0.0390625
  2.67075	0.015625
  2.67084	-0.03125
  2.67093	-0.0625
  2.67102	-0.0625
  2.67111	-0.0625
  2.6712	-0.0625
  2.67129	-0.09375
  2.67138	-0.132812
  2.67147	-0.15625
  2.67156	-0.15625
  2.67166	-0.148438
  2.67175	-0.140625
  2.67184	-0.125
  2.67193	-0.132812
  2.67202	-0.140625
  2.67211	-0.132812
  2.6722	-0.125
  2.67229	-0.101562
  2.67238	-0.0859375
  2.67247	-0.0703125
  2.67256	-0.046875
  2.67265	-0.046875
  2.67274	-0.0390625
  2.67283	-0.0078125
  2.67293	0.015625
  2.67302	0.015625
  2.67311	0.03125
  2.6732	0.046875
  2.67329	0.0625
  2.67338	0.0859375
  2.67347	0.0859375
  2.67356	0.0859375
  2.67365	0.09375
  2.67374	0.117188
  2.67383	0.132812
  2.67392	0.15625
  2.67401	0.171875
  2.6741	0.195312
  2.6742	0.210938
  2.67429	0.226562
  2.67438	0.210938
  2.67447	0.21875
  2.67456	0.210938
  2.67465	0.171875
  2.67474	0.148438
  2.67483	0.132812
  2.67492	0.132812
  2.67501	0.0859375
  2.6751	0.0546875
  2.67519	0.0078125
  2.67528	-0.0390625
  2.67537	-0.0390625
  2.67546	-0.078125
  2.67556	-0.078125
  2.67565	-0.078125
  2.67574	-0.0859375
  2.67583	-0.101562
  2.67592	-0.109375
  2.67601	-0.125
  2.6761	-0.125
  2.67619	-0.125
  2.67628	-0.109375
  2.67637	-0.109375
  2.67646	-0.09375
  2.67655	-0.078125
  2.67664	-0.0703125
  2.67673	-0.0625
  2.67683	-0.03125
  2.67692	0
  2.67701	0.03125
  2.6771	0.0625
  2.67719	0.0390625
  2.67728	0.046875
  2.67737	0.0546875
  2.67746	0.0703125
  2.67755	0.117188
  2.67764	0.148438
  2.67773	0.15625
  2.67782	0.148438
  2.67791	0.148438
  2.678	0.171875
  2.6781	0.195312
  2.67819	0.210938
  2.67828	0.203125
  2.67837	0.1875
  2.67846	0.171875
  2.67855	0.164062
  2.67864	0.15625
  2.67873	0.140625
  2.67882	0.132812
  2.67891	0.101562
  2.679	0.0390625
  2.67909	0.0078125
  2.67918	-0.03125
  2.67927	-0.0703125
  2.67937	-0.0703125
  2.67946	-0.078125
  2.67955	-0.09375
  2.67964	-0.125
  2.67973	-0.148438
  2.67982	-0.179688
  2.67991	-0.1875
  2.68	-0.203125
  2.68009	-0.234375
  2.68018	-0.21875
  2.68027	-0.203125
  2.68036	-0.203125
  2.68045	-0.195312
  2.68054	-0.164062
  2.68063	-0.132812
  2.68073	-0.109375
  2.68082	-0.109375
  2.68091	-0.101562
  2.681	-0.078125
  2.68109	-0.0546875
  2.68118	-0.0390625
  2.68127	-0.0078125
  2.68136	0.015625
  2.68145	0.0234375
  2.68154	0.015625
  2.68163	-0.03125
  2.68172	-0.03125
  2.68181	0.0078125
  2.6819	0.0390625
  2.682	0.0625
  2.68209	0.0859375
  2.68218	0.09375
  2.68227	0.101562
  2.68236	0.117188
  2.68245	0.15625
  2.68254	0.195312
  2.68263	0.210938
  2.68272	0.226562
  2.68281	0.234375
  2.6829	0.226562
  2.68299	0.203125
  2.68308	0.195312
  2.68317	0.179688
  2.68327	0.148438
  2.68336	0.125
  2.68345	0.101562
  2.68354	0.0703125
  2.68363	0.0390625
  2.68372	0.046875
  2.68381	0.046875
  2.6839	0.0078125
  2.68399	-0.0390625
  2.68408	-0.0625
  2.68417	-0.0703125
  2.68426	-0.078125
  2.68435	-0.0859375
  2.68444	-0.0859375
  2.68454	-0.109375
  2.68463	-0.101562
  2.68472	-0.109375
  2.68481	-0.109375
  2.6849	-0.109375
  2.68499	-0.101562
  2.68508	-0.078125
  2.68517	-0.078125
  2.68526	-0.0625
  2.68535	-0.0546875
  2.68544	-0.0390625
  2.68553	-0.015625
  2.68562	-0.015625
  2.68571	-0.0234375
  2.68581	-0.015625
  2.6859	-0.0078125
  2.68599	0.0078125
  2.68608	0.0390625
  2.68617	0.0625
  2.68626	0.09375
  2.68635	0.125
  2.68644	0.15625
  2.68653	0.195312
  2.68662	0.210938
  2.68671	0.25
  2.6868	0.265625
  2.68689	0.257812
  2.68698	0.257812
  2.68707	0.25
  2.68717	0.226562
  2.68726	0.203125
  2.68735	0.171875
  2.68744	0.140625
  2.68753	0.117188
  2.68762	0.0859375
  2.68771	0.0546875
  2.6878	0.0078125
  2.68789	-0.0078125
  2.68798	-0.0234375
  2.68807	-0.0546875
  2.68816	-0.078125
  2.68825	-0.0859375
  2.68834	-0.117188
  2.68844	-0.140625
  2.68853	-0.132812
  2.68862	-0.132812
  2.68871	-0.148438
  2.6888	-0.148438
  2.68889	-0.15625
  2.68898	-0.15625
  2.68907	-0.132812
  2.68916	-0.140625
  2.68925	-0.132812
  2.68934	-0.125
  2.68943	-0.0859375
  2.68952	-0.0625
  2.68961	-0.0546875
  2.68971	-0.03125
  2.6898	-0.0078125
  2.68989	-0.0078125
  2.68998	0.015625
  2.69007	0.046875
  2.69016	0.0234375
  2.69025	0
  2.69034	0.0234375
  2.69043	0.046875
  2.69052	0.046875
  2.69061	0.078125
  2.6907	0.09375
  2.69079	0.09375
  2.69088	0.109375
  2.69098	0.140625
  2.69107	0.164062
  2.69116	0.171875
  2.69125	0.195312
  2.69134	0.203125
  2.69143	0.1875
  2.69152	0.1875
  2.69161	0.1875
  2.6917	0.1875
  2.69179	0.15625
  2.69188	0.101562
  2.69197	0.0703125
  2.69206	0.046875
  2.69215	0.03125
  2.69224	0.0078125
  2.69234	-0.015625
  2.69243	-0.046875
  2.69252	-0.078125
  2.69261	-0.101562
  2.6927	-0.109375
  2.69279	-0.125
  2.69288	-0.140625
  2.69297	-0.148438
  2.69306	-0.164062
  2.69315	-0.164062
  2.69324	-0.148438
  2.69333	-0.117188
  2.69342	-0.09375
  2.69351	-0.0859375
  2.69361	-0.078125
  2.6937	-0.0703125
  2.69379	-0.0546875
  2.69388	-0.0390625
  2.69397	-0.03125
  2.69406	-0.03125
  2.69415	-0.0390625
  2.69424	-0.015625
  2.69433	0
  2.69442	0.015625
  2.69451	0.046875
  2.6946	0.0859375
  2.69469	0.101562
  2.69478	0.109375
  2.69488	0.132812
  2.69497	0.164062
  2.69506	0.195312
  2.69515	0.203125
  2.69524	0.226562
  2.69533	0.242188
  2.69542	0.21875
  2.69551	0.234375
  2.6956	0.21875
  2.69569	0.195312
  2.69578	0.171875
  2.69587	0.140625
  2.69596	0.101562
  2.69605	0.09375
  2.69615	0.078125
  2.69624	0.0390625
  2.69633	0.015625
  2.69642	-0.0078125
  2.69651	-0.0390625
  2.6966	-0.0625
  2.69669	-0.0859375
  2.69678	-0.109375
  2.69687	-0.132812
  2.69696	-0.148438
  2.69705	-0.164062
  2.69714	-0.203125
  2.69723	-0.210938
  2.69732	-0.203125
  2.69741	-0.203125
  2.69751	-0.203125
  2.6976	-0.203125
  2.69769	-0.195312
  2.69778	-0.179688
  2.69787	-0.15625
  2.69796	-0.125
  2.69805	-0.09375
  2.69814	-0.078125
  2.69823	-0.046875
  2.69832	-0.0078125
  2.69841	0
  2.6985	0.015625
  2.69859	0.0390625
  2.69868	0.0625
  2.69878	0.0859375
  2.69887	0.0703125
  2.69896	0.046875
  2.69905	0.0703125
  2.69914	0.0859375
  2.69923	0.09375
  2.69932	0.109375
  2.69941	0.140625
  2.6995	0.164062
  2.69959	0.179688
  2.69968	0.179688
  2.69977	0.1875
  2.69986	0.1875
  2.69995	0.195312
  2.70005	0.203125
  2.70014	0.210938
  2.70023	0.203125
  2.70032	0.195312
  2.70041	0.195312
  2.7005	0.195312
  2.70059	0.1875
  2.70068	0.140625
  2.70077	0.09375
  2.70086	0.0625
  2.70095	0.03125
  2.70104	0.0078125
  2.70113	-0.03125
  2.70122	-0.0625
  2.70132	-0.09375
  2.70141	-0.09375
  2.7015	-0.101562
  2.70159	-0.125
  2.70168	-0.132812
  2.70177	-0.117188
  2.70186	-0.109375
  2.70195	-0.117188
  2.70204	-0.132812
  2.70213	-0.125
  2.70222	-0.101562
  2.70231	-0.109375
  2.7024	-0.101562
  2.70249	-0.09375
  2.70259	-0.078125
  2.70268	-0.0546875
  2.70277	-0.046875
  2.70286	-0.0390625
  2.70295	-0.03125
  2.70304	-0.0234375
  2.70313	0.0078125
  2.70322	0.046875
  2.70331	0.0703125
  2.7034	0.101562
  2.70349	0.125
  2.70358	0.140625
  2.70367	0.164062
  2.70376	0.179688
  2.70385	0.1875
  2.70395	0.21875
  2.70404	0.242188
  2.70413	0.242188
  2.70422	0.242188
  2.70431	0.234375
  2.7044	0.21875
  2.70449	0.179688
  2.70458	0.148438
  2.70467	0.125
  2.70476	0.09375
  2.70485	0.0703125
  2.70494	0.046875
  2.70503	0.015625
  2.70512	-0.0078125
  2.70522	-0.0234375
  2.70531	-0.0546875
  2.7054	-0.0859375
  2.70549	-0.0859375
  2.70558	-0.117188
  2.70567	-0.140625
  2.70576	-0.148438
  2.70585	-0.171875
  2.70594	-0.195312
  2.70603	-0.195312
  2.70612	-0.195312
  2.70621	-0.1875
  2.7063	-0.171875
  2.70639	-0.15625
  2.70649	-0.132812
  2.70658	-0.109375
  2.70667	-0.101562
  2.70676	-0.101562
  2.70685	-0.0859375
  2.70694	-0.046875
  2.70703	0
  2.70712	0.015625
  2.70721	0.03125
  2.7073	0.0703125
  2.70739	0.0703125
  2.70748	0.078125
  2.70757	0.0859375
  2.70766	0.0859375
  2.70776	0.0859375
  2.70785	0.0625
  2.70794	0.0625
  2.70803	0.078125
  2.70812	0.0625
  2.70821	0.0625
  2.7083	0.078125
  2.70839	0.09375
  2.70848	0.101562
  2.70857	0.117188
  2.70866	0.140625
  2.70875	0.15625
  2.70884	0.132812
  2.70893	0.125
  2.70902	0.140625
  2.70912	0.15625
  2.70921	0.140625
  2.7093	0.117188
  2.70939	0.101562
  2.70948	0.0703125
  2.70957	0.046875
  2.70966	0.015625
  2.70975	0
  2.70984	-0.015625
  2.70993	-0.0546875
  2.71002	-0.0703125
  2.71011	-0.0703125
  2.7102	-0.078125
  2.71029	-0.0703125
  2.71039	-0.0703125
  2.71048	-0.0703125
  2.71057	-0.0625
  2.71066	-0.0625
  2.71075	-0.0546875
  2.71084	-0.046875
  2.71093	-0.046875
  2.71102	-0.0390625
  2.71111	-0.03125
  2.7112	-0.03125
  2.71129	-0.0390625
  2.71138	-0.015625
  2.71147	-0.015625
  2.71156	-0.015625
  2.71166	-0.0078125
  2.71175	-0.015625
  2.71184	-0.015625
  2.71193	0.015625
  2.71202	0.0390625
  2.71211	0.0546875
  2.7122	0.046875
  2.71229	0.0546875
  2.71238	0.078125
  2.71247	0.09375
  2.71256	0.101562
  2.71265	0.125
  2.71274	0.148438
  2.71283	0.164062
  2.71293	0.195312
  2.71302	0.210938
  2.71311	0.21875
  2.7132	0.1875
  2.71329	0.15625
  2.71338	0.15625
  2.71347	0.148438
  2.71356	0.132812
  2.71365	0.117188
  2.71374	0.09375
  2.71383	0.0625
  2.71392	0.0234375
  2.71401	0.0078125
  2.7141	-0.015625
  2.7142	-0.0234375
  2.71429	-0.046875
  2.71438	-0.078125
  2.71447	-0.101562
  2.71456	-0.117188
  2.71465	-0.148438
  2.71474	-0.15625
  2.71483	-0.164062
  2.71492	-0.15625
  2.71501	-0.171875
  2.7151	-0.179688
  2.71519	-0.179688
  2.71528	-0.164062
  2.71537	-0.132812
  2.71546	-0.132812
  2.71556	-0.117188
  2.71565	-0.09375
  2.71574	-0.0625
  2.71583	-0.03125
  2.71592	-0.0078125
  2.71601	-0.0078125
  2.7161	0.0078125
  2.71619	0.03125
  2.71628	0.0390625
  2.71637	0.0625
  2.71646	0.0703125
  2.71655	0.0625
  2.71664	0.0703125
  2.71673	0.0703125
  2.71683	0.0859375
  2.71692	0.0859375
  2.71701	0.117188
  2.7171	0.132812
  2.71719	0.117188
  2.71728	0.109375
  2.71737	0.09375
  2.71746	0.117188
  2.71755	0.109375
  2.71764	0.09375
  2.71773	0.078125
  2.71782	0.078125
  2.71791	0.078125
  2.718	0.0625
  2.7181	0.0390625
  2.71819	0.015625
  2.71828	0
  2.71837	-0.015625
  2.71846	-0.03125
  2.71855	-0.03125
  2.71864	-0.0390625
  2.71873	-0.0390625
  2.71882	-0.0390625
  2.71891	-0.03125
  2.719	-0.015625
  2.71909	-0.015625
  2.71918	-0.0078125
  2.71927	-0.015625
  2.71937	-0.0390625
  2.71946	-0.046875
  2.71955	-0.03125
  2.71964	-0.0078125
  2.71973	-0.015625
  2.71982	-0.015625
  2.71991	-0.0078125
  2.72	0
  2.72009	0.015625
  2.72018	0.015625
  2.72027	0.0234375
  2.72036	0.0234375
  2.72045	0.0234375
  2.72054	0.015625
  2.72063	0.0078125
  2.72073	0.03125
  2.72082	0.0390625
  2.72091	0.03125
  2.721	0.015625
  2.72109	0.0078125
  2.72118	0.0078125
  2.72127	0.0234375
  2.72136	0.03125
  2.72145	0.0390625
  2.72154	0.0390625
  2.72163	0.046875
  2.72172	0.0546875
  2.72181	0.078125
  2.7219	0.015625
  2.722	-0.03125
  2.72209	0.0234375
  2.72218	0.0625
  2.72227	0.0625
  2.72236	0.03125
  2.72245	0.0234375
  2.72254	0.0078125
  2.72263	0.0078125
  2.72272	0.0234375
  2.72281	0.0390625
  2.7229	0.046875
  2.72299	0.046875
  2.72308	0.046875
  2.72317	0.0234375
  2.72327	0.015625
  2.72336	0.015625
  2.72345	0.03125
  2.72354	0.0390625
  2.72363	0.0703125
  2.72372	0.03125
  2.72381	0.015625
  2.7239	0.0234375
  2.72399	0.0546875
  2.72408	0.09375
  2.72417	0
  2.72426	0.015625
  2.72435	0.0546875
  2.72444	0.03125
  2.72454	0.0546875
  2.72463	0.078125
  2.72472	0.0859375
  2.72481	0.03125
  2.7249	0
  2.72499	0.0078125
  2.72508	0.03125
  2.72517	0.0390625
  2.72526	0.0234375
  2.72535	0.0390625
  2.72544	0
  2.72553	-0.0234375
  2.72562	-0.03125
  2.72571	-0.03125
  2.7258	-0.015625
  2.7259	0.015625
  2.72599	0.015625
  2.72608	-0.0078125
  2.72617	-0.015625
  2.72626	-0.03125
  2.72635	-0.015625
  2.72644	0.015625
  2.72653	0.0546875
  2.72662	0.0546875
  2.72671	0.015625
  2.7268	0.0078125
  2.72689	0.0078125
  2.72698	-0.0078125
  2.72707	0
  2.72717	0.015625
  2.72726	0.0234375
  2.72735	0
  2.72744	0.0234375
  2.72753	0.0703125
  2.72762	0.0546875
  2.72771	0.0546875
  2.7278	0.078125
  2.72789	0.101562
  2.72798	0.078125
  2.72807	0.078125
  2.72816	0.101562
  2.72825	0.0859375
  2.72834	0.078125
  2.72844	0.0546875
  2.72853	0.015625
  2.72862	0
  2.72871	0.0078125
  2.7288	0.0078125
  2.72889	0
  2.72898	0.0078125
  2.72907	0.0078125
  2.72916	0.015625
  2.72925	0.03125
  2.72934	0.0390625
  2.72943	0.046875
  2.72952	0.046875
  2.72961	0.0546875
  2.72971	0.0703125
  2.7298	0.046875
  2.72989	-0.0078125
  2.72998	0
  2.73007	0.015625
  2.73016	-0.015625
  2.73025	-0.03125
  2.73034	-0.015625
  2.73043	-0.015625
  2.73052	-0.0625
  2.73061	-0.078125
  2.7307	-0.046875
  2.73079	-0.03125
  2.73088	-0.03125
  2.73098	0.0390625
  2.73107	0.0390625
  2.73116	-0.0234375
  2.73125	0.0078125
  2.73134	0.0078125
  2.73143	-0.015625
  2.73152	-0.015625
  2.73161	0.0078125
  2.7317	0.015625
  2.73179	0.015625
  2.73188	0.0078125
  2.73197	0.015625
  2.73206	0.0390625
  2.73215	-0.0234375
  2.73224	-0.0390625
  2.73234	0.0390625
  2.73243	-0.03125
  2.73252	-0.0390625
  2.73261	0.015625
  2.7327	0.0234375
  2.73279	-0.046875
  2.73288	-0.0390625
  2.73297	-0.0078125
  2.73306	0.0234375
  2.73315	-0.0234375
  2.73324	-0.0078125
  2.73333	0.046875
  2.73342	-0.0390625
  2.73351	-0.0234375
  2.73361	-0.0078125
  2.7337	0.03125
  2.73379	0
  2.73388	0.015625
  2.73397	0.0546875
  2.73406	0.0390625
  2.73415	0.0390625
  2.73424	0.0703125
  2.73433	0.0546875
  2.73442	0.078125
  2.73451	0.109375
  2.7346	0.0234375
  2.73469	0.0703125
  2.73478	0.117188
  2.73488	0.046875
  2.73497	0.0625
  2.73506	0.109375
  2.73515	-0.0078125
  2.73524	0.015625
  2.73533	0.101562
  2.73542	0.0546875
  2.73551	0.078125
  2.7356	0.0234375
  2.73569	0.0546875
  2.73578	0.09375
  2.73587	-0.03125
  2.73596	0.0546875
  2.73605	0.0859375
  2.73615	-0.03125
  2.73624	0.0078125
  2.73633	0.03125
  2.73642	0.015625
  2.73651	0
  2.7366	0.0625
  2.73669	0.046875
  2.73678	-0.0078125
  2.73687	0
  2.73696	0.0078125
  2.73705	0.0234375
  2.73714	0.0390625
  2.73723	0.03125
  2.73732	0.0234375
  2.73741	-0.03125
  2.73751	-0.0546875
  2.7376	0
  2.73769	-0.0234375
  2.73778	-0.03125
  2.73787	0.015625
  2.73796	-0.015625
  2.73805	-0.0546875
  2.73814	-0.0078125
  2.73823	0.0390625
  2.73832	0.0546875
  2.73841	-0.015625
  2.7385	0.0078125
  2.73859	0.0234375
  2.73868	-0.0859375
  2.73878	0.0078125
  2.73887	0
  2.73896	-0.046875
  2.73905	0.0390625
  2.73914	-0.015625
  2.73923	-0.0234375
  2.73932	0.046875
  2.73941	0.015625
  2.7395	0.046875
  2.73959	0.0078125
  2.73968	0.0078125
  2.73977	0.0390625
  2.73986	-0.03125
  2.73995	0.0390625
  2.74005	0.0703125
  2.74014	0.0234375
  2.74023	0.046875
  2.74032	0.0390625
  2.74041	0.0078125
  2.7405	-0.0234375
  2.74059	0.015625
  2.74068	0.0625
  2.74077	0.015625
  2.74086	0.046875
  2.74095	0.0625
  2.74104	0.03125
  2.74113	0.0546875
  2.74122	0.109375
  2.74132	0.0078125
  2.74141	0.015625
  2.7415	0.03125
  2.74159	0.0390625
  2.74168	0.015625
  2.74177	-0.0078125
  2.74186	0.09375
  2.74195	0
  2.74204	0.03125
  2.74213	0.101562
  2.74222	0.0234375
  2.74231	0.0390625
  2.7424	0.09375
  2.74249	-0.0078125
  2.74259	-0.015625
  2.74268	0.015625
  2.74277	0.0078125
  2.74286	0.015625
  2.74295	0.03125
  2.74304	0.0625
  2.74313	-0.03125
  2.74322	0.0078125
  2.74331	0.0390625
  2.7434	-0.0703125
  2.74349	0.03125
  2.74358	-0.0390625
  2.74367	-0.0078125
  2.74376	0.0859375
  2.74385	-0.0703125
  2.74395	0.0234375
  2.74404	0.101562
  2.74413	-0.0390625
  2.74422	0.0546875
  2.74431	0.0546875
  2.7444	-0.0625
  2.74449	0.078125
  2.74458	-0.0234375
  2.74467	0.015625
  2.74476	0.03125
  2.74485	-0.0078125
  2.74494	0.0234375
  2.74503	-0.0859375
  2.74512	0.0546875
  2.74522	0.0234375
  2.74531	0.015625
  2.7454	0.125
  2.74549	0.078125
  2.74558	0.09375
  2.74567	0.0625
  2.74576	0.0703125
  2.74585	0.132812
  2.74594	0.0078125
  2.74603	0.0859375
  2.74612	0.101562
  2.74621	-0.0625
  2.7463	0.09375
  2.74639	0
  2.74649	0.03125
  2.74658	0.0703125
  2.74667	-0.015625
  2.74676	0.0859375
  2.74685	0.015625
  2.74694	0.0078125
  2.74703	0.0859375
  2.74712	0.03125
  2.74721	0.0390625
  2.7473	0.0625
  2.74739	-0.0234375
  2.74748	0.078125
  2.74757	0.015625
  2.74766	0.0390625
  2.74776	0.078125
  2.74785	-0.0625
  2.74794	0.101562
  2.74803	-0.0625
  2.74812	-0.0390625
  2.74821	0.0859375
  2.7483	-0.125
  2.74839	0.0703125
  2.74848	0.0234375
  2.74857	-0.125
  2.74866	0.0859375
  2.74875	-0.0546875
  2.74884	-0.0703125
  2.74893	0.0234375
  2.74902	-0.117188
  2.74912	-0.0390625
  2.74921	-0.0546875
  2.7493	-0.0546875
  2.74939	0
  2.74948	-0.09375
  2.74957	0
  2.74966	0
  2.74975	-0.046875
  2.74984	0.03125
  2.74993	0.0078125
  2.75002	-0.0234375
  2.75011	-0.03125
  2.7502	0.0390625
  2.75029	-0.0390625
  2.75039	-0.0234375
  2.75048	0.046875
  2.75057	-0.0234375
  2.75066	0.0078125
  2.75075	0.0546875
  2.75084	0.0234375
  2.75093	0.046875
  2.75102	0.03125
  2.75111	0.046875
  2.7512	0.0546875
  2.75129	0.0234375
  2.75138	0.101562
  2.75147	0.015625
  2.75156	0.015625
  2.75166	0.0859375
  2.75175	-0.046875
  2.75184	0.101562
  2.75193	-0.015625
  2.75202	0.0078125
  2.75211	0.0703125
  2.7522	0.015625
  2.75229	0.0234375
  2.75238	0.0234375
  2.75247	0.03125
  2.75256	-0.03125
  2.75265	0.0234375
  2.75274	0.0390625
  2.75283	-0.03125
  2.75293	0.046875
  2.75302	0.03125
  2.75311	-0.0234375
  2.7532	0.0546875
  2.75329	-0.0234375
  2.75338	0.0859375
  2.75347	0.046875
  2.75356	-0.0234375
  2.75365	0.0859375
  2.75374	-0.0703125
  2.75383	0.0390625
  2.75392	0.03125
  2.75401	-0.03125
  2.7541	0.09375
  2.7542	-0.015625
  2.75429	0.0390625
  2.75438	0.0234375
  2.75447	0.0234375
  2.75456	0.046875
  2.75465	0.0390625
  2.75474	0.0390625
  2.75483	0.0078125
  2.75492	0.0703125
  2.75501	0.015625
  2.7551	0.015625
  2.75519	0.0390625
  2.75528	-0.0078125
  2.75537	0.0703125
  2.75546	0.015625
  2.75556	0.015625
  2.75565	0.03125
  2.75574	-0.0234375
  2.75583	0.0234375
  2.75592	0.101562
  2.75601	0
  2.7561	0.101562
  2.75619	0.0859375
  2.75628	0.0078125
  2.75637	0.101562
  2.75646	0.0390625
  2.75655	0.015625
  2.75664	0.0625
  2.75673	0.0546875
  2.75683	0.015625
  2.75692	0.0703125
  2.75701	0.0234375
  2.7571	0.03125
  2.75719	0.046875
  2.75728	0.0546875
  2.75737	0.0546875
  2.75746	0.0234375
  2.75755	0.125
  2.75764	0.015625
  2.75773	0.0390625
  2.75782	0.125
  2.75791	-0.046875
  2.758	0.125
  2.7581	0
  2.75819	0.015625
  2.75828	0.078125
  2.75837	-0.046875
  2.75846	0.046875
  2.75855	-0.03125
  2.75864	0
  2.75873	-0.015625
  2.75882	-0.03125
  2.75891	0.015625
  2.759	-0.0625
  2.75909	0.0078125
  2.75918	-0.0078125
  2.75927	-0.0078125
  2.75937	0.0390625
  2.75946	0
  2.75955	0.0390625
  2.75964	0.03125
  2.75973	0.03125
  2.75982	0.0234375
  2.75991	0.015625
  2.76	0.0078125
  2.76009	-0.015625
  2.76018	0
  2.76027	0
  2.76036	-0.015625
  2.76045	0.015625
  2.76054	-0.015625
  2.76063	-0.0390625
  2.76073	0.03125
  2.76082	0
  2.76091	0.0234375
  2.761	0.0859375
  2.76109	0.0234375
  2.76118	0.0625
  2.76127	0.0703125
  2.76136	0.0546875
  2.76145	0.0234375
  2.76154	0.0703125
  2.76163	0.0078125
  2.76172	0.03125
  2.76181	0.09375
  2.7619	-0.0390625
  2.762	0.0859375
  2.76209	0.0234375
  2.76218	0.015625
  2.76227	0.0703125
  2.76236	0
  2.76245	0.03125
  2.76254	-0.0078125
  2.76263	0.03125
  2.76272	-0.015625
  2.76281	0
  2.7629	0.015625
  2.76299	-0.0546875
  2.76308	0.0390625
  2.76317	-0.03125
  2.76327	-0.0390625
  2.76336	0
  2.76345	-0.03125
  2.76354	-0.046875
  2.76363	0.015625
  2.76372	0
  2.76381	-0.0546875
  2.7639	0.0625
  2.76399	-0.046875
  2.76408	0
  2.76417	0.0078125
  2.76426	-0.03125
  2.76435	-0.03125
  2.76444	0.015625
  2.76454	-0.046875
  2.76463	-0.0546875
  2.76472	0.0546875
  2.76481	-0.0390625
  2.7649	0.0546875
  2.76499	0.046875
  2.76508	-0.0625
  2.76517	0.0859375
  2.76526	0.0234375
  2.76535	-0.015625
  2.76544	0.0625
  2.76553	-0.0078125
  2.76562	-0.0078125
  2.76571	0.046875
  2.7658	-0.0078125
  2.7659	0.015625
  2.76599	0.0625
  2.76608	0.03125
  2.76617	0.0625
  2.76626	0.0234375
  2.76635	0.0078125
  2.76644	0
  2.76653	0.0390625
  2.76662	-0.015625
  2.76671	0.0234375
  2.7668	0.0234375
  2.76689	-0.0546875
  2.76698	0.078125
  2.76707	-0.0234375
  2.76717	-0.046875
  2.76726	0.0390625
  2.76735	-0.03125
  2.76744	-0.015625
  2.76753	0.0390625
  2.76762	-0.0078125
  2.76771	0
  2.7678	0.0625
  2.76789	-0.03125
  2.76798	0.03125
  2.76807	0.03125
  2.76816	-0.0234375
  2.76825	0.0625
  2.76834	0.046875
  2.76844	-0.0078125
  2.76853	0.0703125
  2.76862	0.0546875
  2.76871	0.0390625
  2.7688	0.101562
  2.76889	0.0703125
  2.76898	0.0859375
  2.76907	0.0703125
  2.76916	0.078125
  2.76925	0.078125
  2.76934	0.140625
  2.76943	-0.0234375
  2.76952	0.101562
  2.76961	0.078125
  2.76971	-0.03125
  2.7698	0.164062
  2.76989	0.0078125
  2.76998	0.03125
  2.77007	0.125
  2.77016	-0.03125
  2.77025	0.109375
  2.77034	0.101562
  2.77043	-0.03125
  2.77052	0.148438
  2.77061	0.0078125
  2.7707	0
  2.77079	0.101562
  2.77088	-0.0234375
  2.77098	0.0234375
  2.77107	0.0703125
  2.77116	-0.015625
  2.77125	-0.0234375
  2.77134	0.03125
  2.77143	-0.0546875
  2.77152	0.0234375
  2.77161	0.03125
  2.7717	-0.046875
  2.77179	0.0703125
  2.77188	-0.0234375
  2.77197	0.015625
  2.77206	0.0703125
  2.77215	-0.046875
  2.77224	0.101562
  2.77234	0.0234375
  2.77243	0.015625
  2.77252	0.101562
  2.77261	-0.0546875
  2.7727	0.117188
  2.77279	-0.0234375
  2.77288	0.046875
  2.77297	0.109375
  2.77306	-0.046875
  2.77315	0.117188
  2.77324	-0.03125
  2.77333	0.0078125
  2.77342	0.0703125
  2.77351	-0.0703125
  2.77361	0.0859375
  2.7737	0.015625
  2.77379	0.015625
  2.77388	0.0390625
  2.77397	-0.03125
  2.77406	-0.015625
  2.77415	0
  2.77424	0.03125
  2.77433	-0.015625
  2.77442	0.0703125
  2.77451	-0.03125
  2.7746	0
  2.77469	0.0234375
  2.77478	0.0234375
  2.77488	0.03125
  2.77497	-0.0078125
  2.77506	0.0078125
  2.77515	-0.0078125
  2.77524	-0.015625
  2.77533	0.03125
  2.77542	-0.0078125
  2.77551	-0.0078125
  2.7756	0.078125
  2.77569	-0.0546875
  2.77578	0.046875
  2.77587	0.0078125
  2.77596	0.015625
  2.77605	0.0234375
  2.77615	-0.015625
  2.77624	0
  2.77633	-0.015625
  2.77642	0.0078125
  2.77651	-0.078125
  2.7766	0.03125
  2.77669	-0.03125
  2.77678	-0.0546875
  2.77687	0.046875
  2.77696	-0.0859375
  2.77705	0.046875
  2.77714	-0.015625
  2.77723	-0.03125
  2.77732	0.078125
  2.77741	-0.078125
  2.77751	0.0703125
  2.7776	0
  2.77769	-0.03125
  2.77778	0.125
  2.77787	-0.078125
  2.77796	0.046875
  2.77805	0
  2.77814	-0.0625
  2.77823	0.0703125
  2.77832	-0.0234375
  2.77841	0.0390625
  2.7785	0.0390625
  2.77859	-0.0234375
  2.77868	0.0546875
  2.77878	-0.0390625
  2.77887	0
  2.77896	0.0078125
  2.77905	0.0078125
  2.77914	0.046875
  2.77923	-0.0390625
  2.77932	0.0859375
  2.77941	-0.0859375
  2.7795	0.0234375
  2.77959	0.046875
  2.77968	-0.101562
  2.77977	0.117188
  2.77986	-0.078125
  2.77995	0
  2.78005	0.0234375
  2.78014	-0.078125
  2.78023	0.0546875
  2.78032	-0.0703125
  2.78041	-0.0078125
  2.7805	0
  2.78059	-0.0078125
  2.78068	0.03125
  2.78077	-0.0390625
  2.78086	0.046875
  2.78095	-0.046875
  2.78104	0.0390625
  2.78113	0
  2.78122	0.015625
  2.78132	0.109375
  2.78141	0.015625
  2.7815	0.0546875
  2.78159	0.046875
  2.78168	0.0234375
  2.78177	0.0703125
  2.78186	0.0234375
  2.78195	0.046875
  2.78204	0.03125
  2.78213	0.03125
  2.78222	0.0703125
  2.78231	0
  2.7824	0.0703125
  2.78249	0.03125
  2.78259	0.0546875
  2.78268	0.078125
  2.78277	-0.0234375
  2.78286	0.101562
  2.78295	0.046875
  2.78304	0.03125
  2.78313	0.078125
  2.78322	-0.0234375
  2.78331	0.0703125
  2.7834	-0.0078125
  2.78349	0.0390625
  2.78358	0.015625
  2.78367	-0.03125
  2.78376	0.0625
  2.78385	-0.0234375
  2.78395	0.046875
  2.78404	0.0078125
  2.78413	0.015625
  2.78422	0.0703125
  2.78431	0.0078125
  2.7844	0.0390625
  2.78449	0.03125
  2.78458	0.0390625
  2.78467	0.0390625
  2.78476	0.03125
  2.78485	0.0703125
  2.78494	0.0078125
  2.78503	0.0234375
  2.78512	0.078125
  2.78522	-0.015625
  2.78531	0.0546875
  2.7854	0.0234375
  2.78549	-0.03125
  2.78558	0.078125
  2.78567	0
  2.78576	0.046875
  2.78585	0.015625
  2.78594	0.015625
  2.78603	0.0390625
  2.78612	-0.0234375
  2.78621	0.0546875
  2.7863	0.0234375
  2.78639	0.0390625
  2.78649	0.0859375
  2.78658	0.03125
  2.78667	0.101562
  2.78676	0.0546875
  2.78685	0.0703125
  2.78694	0.132812
  2.78703	0.0234375
  2.78712	0.0859375
  2.78721	0.0859375
  2.7873	0.0546875
  2.78739	0.078125
  2.78748	0.0859375
  2.78757	0.0703125
  2.78766	0.0390625
  2.78776	0.03125
  2.78785	0.0703125
  2.78794	0
  2.78803	0.0546875
  2.78812	0.03125
  2.78821	0.0078125
  2.7883	0.046875
  2.78839	-0.0078125
  2.78848	0.0390625
  2.78857	0
  2.78866	0.0078125
  2.78875	0
  2.78884	0.015625
  2.78893	-0.0234375
  2.78902	0.0390625
  2.78912	0.0234375
  2.78921	-0.0859375
  2.7893	0.046875
  2.78939	-0.0390625
  2.78948	-0.0625
  2.78957	0.03125
  2.78966	-0.046875
  2.78975	-0.0546875
  2.78984	-0.0078125
  2.78993	-0.0859375
  2.79002	-0.046875
  2.79011	-0.03125
  2.7902	-0.0546875
  2.79029	-0.0078125
  2.79039	-0.015625
  2.79048	-0.0546875
  2.79057	-0.015625
  2.79066	-0.0078125
  2.79075	-0.078125
  2.79084	0.0546875
  2.79093	-0.0078125
  2.79102	-0.0234375
  2.79111	0.0703125
  2.7912	-0.046875
  2.79129	0.0546875
  2.79138	0.03125
  2.79147	0.015625
  2.79156	0.046875
  2.79166	0
  2.79175	0.015625
  2.79184	0.03125
  2.79193	0.0390625
  2.79202	0.0078125
  2.79211	0.0390625
  2.7922	0.03125
  2.79229	-0.0078125
  2.79238	0.0625
  2.79247	-0.0390625
  2.79256	0.03125
  2.79265	0
  2.79274	-0.0234375
  2.79283	0.0390625
  2.79293	-0.0390625
  2.79302	0.0078125
  2.79311	0.015625
  2.7932	0.0078125
  2.79329	-0.0078125
  2.79338	0.0234375
  2.79347	-0.0234375
  2.79356	0.03125
  2.79365	0.015625
  2.79374	0
  2.79383	0.0625
  2.79392	-0.015625
  2.79401	0.03125
  2.7941	0.0078125
  2.7942	0.015625
  2.79429	0.015625
  2.79438	0.015625
  2.79447	0.0234375
  2.79456	0.0234375
  2.79465	0.015625
  2.79474	0.015625
  2.79483	-0.0078125
  2.79492	0
  2.79501	0.03125
  2.7951	0.0234375
  2.79519	0.046875
  2.79528	0.0234375
  2.79537	0.0625
  2.79546	0.0234375
  2.79556	0.078125
  2.79565	0.03125
  2.79574	0.0625
  2.79583	0.0859375
  2.79592	0.0234375
  2.79601	0.109375
  2.7961	0.0703125
  2.79619	0.03125
  2.79628	0.148438
  2.79637	-0.0078125
  2.79646	0.0859375
  2.79655	0.0546875
  2.79664	0.015625
  2.79673	0.078125
  2.79683	0.0625
  2.79692	0.0390625
  2.79701	0.03125
  2.7971	0.0625
  2.79719	-0.03125
  2.79728	0.09375
  2.79737	-0.0078125
  2.79746	0.0546875
  2.79755	0.101562
  2.79764	0.015625
  2.79773	0.078125
  2.79782	0.0390625
  2.79791	-0.0234375
  2.798	0.03125
  2.7981	0.0078125
  2.79819	0.0078125
  2.79828	0.0234375
  2.79837	-0.015625
  2.79846	0.046875
  2.79855	-0.0390625
  2.79864	-0.015625
  2.79873	0.0078125
  2.79882	0
  2.79891	0.015625
  2.799	0.0546875
  2.79909	0.0078125
  2.79918	0.015625
  2.79927	0.03125
  2.79937	-0.0234375
  2.79946	0.078125
  2.79955	0.015625
  2.79964	0.0625
  2.79973	0.0390625
  2.79982	-0.0390625
  2.79991	0.03125
  2.8	0
  2.80009	-0.0078125
  2.80018	0.0703125
  2.80027	-0.015625
  2.80036	0.046875
  2.80045	0.015625
  2.80054	-0.0078125
  2.80063	0.0078125
  2.80073	-0.015625
  2.80082	0.0859375
  2.80091	0.015625
  2.801	0.0390625
  2.80109	0.03125
  2.80118	0.0078125
  2.80127	0.015625
  2.80136	-0.0234375
  2.80145	0.0234375
  2.80154	0
  2.80163	0.015625
  2.80172	0.0546875
  2.80181	-0.0234375
  2.8019	0.0078125
  2.802	0.015625
  2.80209	-0.046875
  2.80218	0.0390625
  2.80227	-0.0078125
  2.80236	0.015625
  2.80245	0.0390625
  2.80254	-0.0390625
  2.80263	0.0546875
  2.80272	0.0234375
  2.80281	0.0234375
  2.8029	0.046875
  2.80299	0.03125
  2.80308	0.0078125
  2.80317	-0.0390625
  2.80327	-0.0078125
  2.80336	-0.0234375
  2.80345	-0.03125
  2.80354	0.03125
  2.80363	0
  2.80372	-0.015625
  2.80381	0.015625
  2.8039	0.0390625
  2.80399	0
  2.80408	0.046875
  2.80417	0.0703125
  2.80426	0.0390625
  2.80435	0.0390625
  2.80444	0.015625
  2.80454	0
  2.80463	-0.0234375
  2.80472	0.015625
  2.80481	0.0234375
  2.8049	0
  2.80499	0.0234375
  2.80508	0.03125
  2.80517	0.015625
  2.80526	-0.0234375
  2.80535	0
  2.80544	0.0234375
  2.80553	0.0390625
  2.80562	0.0234375
  2.80571	0.0390625
  2.8058	0.0546875
  2.8059	0
  2.80599	0.0625
  2.80608	0.0703125
  2.80617	-0.0234375
  2.80626	0.0546875
  2.80635	0.03125
  2.80644	-0.0390625
  2.80653	0.0078125
  2.80662	0
  2.80671	0.0390625
  2.8068	-0.0078125
  2.80689	0.0390625
  2.80698	-0.015625
  2.80707	-0.0234375
  2.80717	-0.015625
  2.80726	-0.0234375
  2.80735	0.03125
  2.80744	-0.03125
  2.80753	0.0625
  2.80762	0.015625
  2.80771	-0.0390625
  2.8078	0.0703125
  2.80789	-0.0390625
  2.80798	-0.0078125
  2.80807	0.0625
  2.80816	-0.0546875
  2.80825	0.046875
  2.80834	0.03125
  2.80844	-0.0546875
  2.80853	0.0703125
  2.80862	0.0234375
  2.80871	0.03125
  2.8088	0.101562
  2.80889	0
  2.80898	0.0234375
  2.80907	0.0546875
  2.80916	0.0078125
  2.80925	0.0390625
  2.80934	0.03125
  2.80943	0.046875
  2.80952	0.03125
  2.80961	0.046875
  2.80971	0.0625
  2.8098	0.0234375
  2.80989	0.015625
  2.80998	0.0625
  2.81007	0.03125
  2.81016	-0.0078125
  2.81025	0.0390625
  2.81034	-0.0078125
  2.81043	0.03125
  2.81052	0
  2.81061	0.03125
  2.8107	0.0234375
  2.81079	-0.0078125
  2.81088	0.0859375
  2.81098	-0.0078125
  2.81107	0.078125
  2.81116	0
  2.81125	0.015625
  2.81134	0.0390625
  2.81143	-0.0234375
  2.81152	0.046875
  2.81161	0.015625
  2.8117	0.0234375
  2.81179	0.0390625
  2.81188	0.0078125
  2.81197	0.0234375
  2.81206	0.0703125
  2.81215	-0.0234375
  2.81224	0.0546875
  2.81234	0.0390625
  2.81243	0.0078125
  2.81252	0.015625
  2.81261	0.0625
  2.8127	0.0390625
  2.81279	0.0234375
  2.81288	0.0703125
  2.81297	-0.015625
  2.81306	0.046875
  2.81315	-0.0078125
  2.81324	0
  2.81333	0.0390625
  2.81342	-0.03125
  2.81351	0.046875
  2.81361	-0.0234375
  2.8137	0.0078125
  2.81379	0.0625
  2.81388	-0.0078125
  2.81397	0.046875
  2.81406	0.046875
  2.81415	0
  2.81424	0.03125
  2.81433	0.046875
  2.81442	0
  2.81451	0.046875
  2.8146	0.0625
  2.81469	0
  2.81478	0.03125
  2.81488	0.0625
  2.81497	-0.046875
  2.81506	0.0078125
  2.81515	0.0078125
  2.81524	-0.0390625
  2.81533	0.0234375
  2.81542	-0.03125
  2.81551	-0.0078125
  2.8156	-0.015625
  2.81569	-0.0234375
  2.81578	0.03125
  2.81587	0
  2.81596	0.015625
  2.81605	0.0390625
  2.81615	-0.015625
  2.81624	-0.0234375
  2.81633	0.03125
  2.81642	-0.0078125
  2.81651	0.0390625
  2.8166	0.046875
  2.81669	0.03125
  2.81678	0.046875
  2.81687	0.015625
  2.81696	0.046875
  2.81705	0.0234375
  2.81714	0
  2.81723	0.046875
  2.81732	0.03125
  2.81742	-0.0078125
  2.81751	0.03125
  2.8176	0.046875
  2.81769	0.03125
  2.81778	0.0546875
  2.81787	0.0078125
  2.81796	0.0234375
  2.81805	0.015625
  2.81814	-0.03125
  2.81823	0.0546875
  2.81832	0.046875
  2.81841	0.03125
  2.8185	0.0546875
  2.81859	0.046875
  2.81868	-0.0390625
  2.81878	0.015625
  2.81887	0.0390625
  2.81896	0
  2.81905	0.0390625
  2.81914	0.0078125
  2.81923	-0.03125
  2.81932	-0.015625
  2.81941	0.015625
  2.8195	0.0234375
  2.81959	0
  2.81968	0.0234375
  2.81977	-0.0078125
  2.81986	0
  2.81995	0.0078125
  2.82005	-0.0078125
  2.82014	0
  2.82023	0
  2.82032	-0.0234375
  2.82041	0
  2.8205	-0.0078125
  2.82059	-0.0078125
  2.82068	0.0390625
  2.82077	0
  2.82086	0.015625
  2.82095	0.0390625
  2.82104	0.0078125
  2.82113	0.015625
  2.82122	0.0390625
  2.82132	0.015625
  2.82141	-0.015625
  2.8215	0.0078125
  2.82159	0.015625
  2.82168	0.0390625
  2.82177	0.0390625
  2.82186	0.015625
  2.82195	0.0546875
  2.82204	0.03125
  2.82213	0.03125
  2.82222	0.046875
  2.82231	0.03125
  2.8224	0.0546875
  2.82249	0.0390625
  2.82259	0.0390625
  2.82268	0.0390625
  2.82277	0.0234375
  2.82286	0.0390625
  2.82295	0.046875
  2.82304	0.0546875
  2.82313	0.03125
  2.82322	0.0234375
  2.82331	0.0390625
  2.8234	0.0390625
  2.82349	0.0390625
  2.82358	0.015625
  2.82367	0.015625
  2.82376	0
  2.82385	-0.015625
  2.82395	0.03125
  2.82404	0.0234375
  2.82413	0.0078125
  2.82422	0.03125
  2.82431	0
  2.8244	-0.0078125
  2.82449	0.0390625
  2.82458	0.0078125
  2.82467	0.0078125
  2.82476	0.0390625
  2.82485	0
  2.82494	0.015625
  2.82503	0.0234375
  2.82512	0.015625
  2.82522	0.0546875
  2.82531	0.046875
  2.8254	0.0390625
  2.82549	0.0390625
  2.82558	0.0078125
  2.82567	0.015625
  2.82576	0.046875
  2.82585	0.0546875
  2.82594	0.015625
  2.82603	0
  2.82612	-0.0234375
  2.82621	-0.0546875
  2.8263	-0.03125
  2.82639	0.015625
  2.82649	0
  2.82658	-0.0234375
  2.82667	-0.0078125
  2.82676	0
  2.82685	0
  2.82694	0.015625
  2.82703	0.015625
  2.82712	0.0390625
  2.82721	0.0625
  2.8273	0.03125
  2.82739	0.03125
  2.82748	0.0234375
  2.82757	0.0078125
  2.82766	0.046875
  2.82776	0.0234375
  2.82785	0
  2.82794	0.046875
  2.82803	0.0546875
  2.82812	0.0390625
  2.82821	0.0390625
  2.8283	0.0390625
  2.82839	0.03125
  2.82848	0.0625
  2.82857	0.0546875
  2.82866	0.0234375
  2.82875	0.03125
  2.82884	0.0234375
  2.82893	0.03125
  2.82902	0.0390625
  2.82912	0.015625
  2.82921	0.015625
  2.8293	0.0234375
  2.82939	0.015625
  2.82948	0.015625
  2.82957	0.0234375
  2.82966	-0.0078125
  2.82975	-0.0234375
  2.82984	-0.015625
  2.82993	-0.0234375
  2.83002	-0.015625
  2.83011	-0.0078125
  2.8302	-0.015625
  2.83029	0.0078125
  2.83039	-0.0078125
  2.83048	-0.0234375
  2.83057	0.015625
  2.83066	0.015625
  2.83075	0.0078125
  2.83084	0.0234375
  2.83093	0.03125
  2.83102	0.0078125
  2.83111	-0.0234375
  2.8312	-0.015625
  2.83129	-0.0078125
  2.83138	-0.0390625
  2.83147	-0.0390625
  2.83156	-0.03125
  2.83166	-0.03125
  2.83175	-0.0234375
  2.83184	0
  2.83193	0.015625
  2.83202	-0.0234375
  2.83211	-0.0234375
  2.8322	0.03125
  2.83229	0.03125
  2.83238	0
  2.83247	0.015625
  2.83256	0
  2.83265	-0.03125
  2.83274	0
  2.83283	-0.0234375
  2.83293	-0.046875
  2.83302	-0.046875
  2.83311	-0.03125
  2.8332	-0.0390625
  2.83329	-0.0390625
  2.83338	-0.046875
  2.83347	-0.0078125
  2.83356	0
  2.83365	-0.015625
  2.83374	0.015625
  2.83383	0.0078125
  2.83392	0.015625
  2.83401	0.0234375
  2.8341	0.0234375
  2.83419	0.046875
  2.83429	0.046875
  2.83438	0.03125
  2.83447	0.03125
  2.83456	0.0234375
  2.83465	0.015625
  2.83474	0.015625
  2.83483	0.0078125
  2.83492	0.015625
  2.83501	0.046875
  2.8351	0.0546875
  2.83519	0.0546875
  2.83528	0.03125
  2.83537	0.046875
  2.83546	0.0546875
  2.83556	0.0625
  2.83565	0.0703125
  2.83574	0.046875
  2.83583	0.0546875
  2.83592	0.03125
  2.83601	0.015625
  2.8361	0.0390625
  2.83619	0.046875
  2.83628	0.0546875
  2.83637	0.0703125
  2.83646	0.0390625
  2.83655	0.0390625
  2.83664	0.0546875
  2.83673	0.0703125
  2.83683	0.0703125
  2.83692	0.0390625
  2.83701	0.078125
  2.8371	0.0703125
  2.83719	0.046875
  2.83728	0.046875
  2.83737	0.0546875
  2.83746	0.0390625
  2.83755	0.0390625
  2.83764	0.0390625
  2.83773	0.03125
  2.83782	0.0234375
  2.83791	0.0078125
  2.838	0.015625
  2.8381	0.03125
  2.83819	0.0546875
  2.83828	0.0390625
  2.83837	0.0546875
  2.83846	0.0390625
  2.83855	0.015625
  2.83864	0.03125
  2.83873	0.0078125
  2.83882	0.0078125
  2.83891	0.015625
  2.839	0.0390625
  2.83909	0.0546875
  2.83918	0.046875
  2.83927	0.046875
  2.83937	0.0390625
  2.83946	0.046875
  2.83955	0.0546875
  2.83964	0.046875
  2.83973	0.0390625
  2.83982	0.0390625
  2.83991	0.0390625
  2.84	0.046875
  2.84009	0.0390625
  2.84018	0.03125
  2.84027	0.0390625
  2.84036	0.03125
  2.84045	0.0234375
  2.84054	0.015625
  2.84063	0.046875
  2.84073	0.03125
  2.84082	0.0078125
  2.84091	-0.0078125
  2.841	-0.015625
  2.84109	0
  2.84118	-0.0078125
  2.84127	0
  2.84136	0
  2.84145	0
  2.84154	0.0078125
  2.84163	0
  2.84172	-0.015625
  2.84181	-0.015625
  2.8419	0
  2.842	0
  2.84209	-0.015625
  2.84218	-0.015625
  2.84227	-0.0078125
  2.84236	-0.0390625
  2.84245	-0.046875
  2.84254	-0.03125
  2.84263	-0.03125
  2.84272	-0.0234375
  2.84281	-0.0234375
  2.8429	-0.03125
  2.84299	-0.015625
  2.84308	-0.0078125
  2.84317	-0.0078125
  2.84327	0.015625
  2.84336	0.03125
  2.84345	0.015625
  2.84354	0.015625
  2.84363	0.03125
  2.84372	0.0234375
  2.84381	0.0390625
  2.8439	0.046875
  2.84399	0.0390625
  2.84408	0.03125
  2.84417	0.0234375
  2.84426	0.015625
  2.84435	0
  2.84444	0.015625
  2.84454	0.03125
  2.84463	0.03125
  2.84472	0.0078125
  2.84481	0.015625
  2.8449	0.03125
  2.84499	0.0390625
  2.84508	0.046875
  2.84517	0.0390625
  2.84526	0.03125
  2.84535	0.015625
  2.84544	0.0078125
  2.84553	0.015625
  2.84562	0.0234375
  2.84571	0.03125
  2.8458	0.03125
  2.8459	0.046875
  2.84599	0.046875
  2.84608	0.0390625
  2.84617	0.046875
  2.84626	0.0546875
  2.84635	0.0234375
  2.84644	0.0078125
  2.84653	0.015625
  2.84662	0.0234375
  2.84671	0.0234375
  2.8468	0.015625
  2.84689	0.015625
  2.84698	0.0078125
  2.84707	0.0078125
  2.84717	0.015625
  2.84726	0.0234375
  2.84735	0.0234375
  2.84744	-0.0078125
  2.84753	-0.015625
  2.84762	-0.0234375
  2.84771	-0.0234375
  2.8478	0.0078125
  2.84789	0.015625
  2.84798	0.015625
  2.84807	0.015625
  2.84816	0.0078125
  2.84825	0.03125
  2.84834	0.0234375
  2.84844	0.015625
  2.84853	0.015625
  2.84862	0
  2.84871	0.0078125
  2.8488	0.0234375
  2.84889	0.03125
  2.84898	0.0078125
  2.84907	0
  2.84916	0.015625
  2.84925	0.015625
  2.84934	0.0234375
  2.84943	0.0234375
  2.84952	0.03125
  2.84961	0.03125
  2.84971	0.0234375
  2.8498	0.015625
  2.84989	0.015625
  2.84998	0
  2.85007	-0.0078125
  2.85016	-0.0234375
  2.85025	-0.03125
  2.85034	-0.0234375
  2.85043	-0.03125
  2.85052	0
  2.85061	0
  2.8507	0
  2.85079	-0.0234375
  2.85088	-0.0234375
  2.85098	0
  2.85107	0.015625
  2.85116	0.015625
  2.85125	0.0078125
  2.85134	0.015625
  2.85143	0.0234375
  2.85152	0.03125
  2.85161	0.015625
  2.8517	0.015625
  2.85179	0.015625
  2.85188	0.015625
  2.85197	0.0078125
  2.85206	0.015625
  2.85215	0.0390625
  2.85224	0.046875
  2.85234	0.0390625
  2.85243	0.0234375
  2.85252	0.0234375
  2.85261	0.0234375
  2.8527	0.0390625
  2.85279	0.046875
  2.85288	0.0546875
  2.85297	0.03125
  2.85306	0.0234375
  2.85315	0.0390625
  2.85324	0.0390625
  2.85333	0.0390625
  2.85342	0.0234375
  2.85351	0.0078125
  2.85361	0.015625
  2.8537	0.015625
  2.85379	0.015625
  2.85388	0.0234375
  2.85397	0.0390625
  2.85406	0.0546875
  2.85415	0.046875
  2.85424	0.0390625
  2.85433	0.03125
  2.85442	0.03125
  2.85451	0.0546875
  2.8546	0.046875
  2.85469	0.0390625
  2.85478	0.0390625
  2.85488	0.03125
  2.85497	0.03125
  2.85506	0.0390625
  2.85515	0.0390625
  2.85524	0.03125
  2.85533	0.03125
  2.85542	0.0234375
  2.85551	0.03125
  2.8556	0.03125
  2.85569	0.03125
  2.85578	0.0390625
  2.85587	0.015625
  2.85596	0.0078125
  2.85605	0.015625
  2.85615	0.03125
  2.85624	0.03125
  2.85633	0.03125
  2.85642	0.03125
  2.85651	0.015625
  2.8566	0.0234375
  2.85669	0.03125
  2.85678	0.015625
  2.85687	0.0078125
  2.85696	0.0234375
  2.85705	0.0234375
  2.85714	0.0234375
  2.85723	0.03125
  2.85732	0.015625
  2.85742	0
  2.85751	-0.0078125
  2.8576	-0.03125
  2.85769	-0.0078125
  2.85778	0.015625
  2.85787	0.0234375
  2.85796	0.015625
  2.85805	0.03125
  2.85814	0.03125
  2.85823	0.03125
  2.85832	0.03125
  2.85841	0.03125
  2.8585	0.03125
  2.85859	0.015625
  2.85868	0.015625
  2.85878	0.03125
  2.85887	0.0234375
  2.85896	0.0234375
  2.85905	0.03125
  2.85914	0.03125
  2.85923	0.0234375
  2.85932	0.0234375
  2.85941	0.0234375
  2.8595	0.0078125
  2.85959	-0.015625
  2.85968	-0.015625
  2.85977	-0.03125
  2.85986	-0.03125
  2.85995	-0.03125
  2.86005	-0.046875
  2.86014	-0.0234375
  2.86023	0
  2.86032	0
  2.86041	0.015625
  2.8605	0.03125
  2.86059	0.0234375
  2.86068	0.015625
  2.86077	0.015625
  2.86086	0.03125
  2.86095	0.0546875
  2.86104	0.0546875
  2.86113	0.046875
  2.86122	0.0390625
  2.86132	0.0546875
  2.86141	0.0625
  2.8615	0.0703125
  2.86159	0.0703125
  2.86168	0.0546875
  2.86177	0.0390625
  2.86186	0.0625
  2.86195	0.078125
  2.86204	0.0625
  2.86213	0.0703125
  2.86222	0.046875
  2.86231	0.0234375
  2.8624	0.0390625
  2.86249	0.046875
  2.86259	0.0234375
  2.86268	0.0234375
  2.86277	0.015625
  2.86286	0.015625
  2.86295	0.03125
  2.86304	0.0390625
  2.86313	0.046875
  2.86322	0.0390625
  2.86331	0.03125
  2.8634	0.0234375
  2.86349	0.0078125
  2.86358	0
  2.86367	0.0078125
  2.86376	0
  2.86385	-0.015625
  2.86395	-0.0234375
  2.86404	-0.03125
  2.86413	-0.0234375
  2.86422	-0.03125
  2.86431	-0.03125
  2.8644	-0.03125
  2.86449	-0.046875
  2.86458	-0.0390625
  2.86467	-0.0390625
  2.86476	-0.03125
  2.86485	-0.0078125
  2.86494	-0.0078125
  2.86503	-0.015625
  2.86512	0
  2.86522	0.015625
  2.86531	0.0234375
  2.8654	0.015625
  2.86549	0
  2.86558	0
  2.86567	0.0234375
  2.86576	0.03125
  2.86585	0.03125
  2.86594	0.0234375
  2.86603	0.0078125
  2.86612	0.015625
  2.86621	0.0078125
  2.8663	0.0078125
  2.86639	0
  2.86649	-0.0078125
  2.86658	0.015625
  2.86667	0.0234375
  2.86676	0.03125
  2.86685	0.0390625
  2.86694	0.046875
  2.86703	0.0390625
  2.86712	0.0390625
  2.86721	0.046875
  2.8673	0.0234375
  2.86739	0.0234375
  2.86748	0.03125
  2.86757	0.03125
  2.86766	0.03125
  2.86776	0.03125
  2.86785	0.015625
  2.86794	0
  2.86803	-0.015625
  2.86812	0
  2.86821	0.0078125
  2.8683	0.0234375
  2.86839	0.0546875
  2.86848	0.0546875
  2.86857	0.046875
  2.86866	0.0234375
  2.86875	0
  2.86884	0
  2.86893	0.0078125
  2.86902	0.015625
  2.86912	0.015625
  2.86921	0.015625
  2.8693	0.015625
  2.86939	0.015625
  2.86948	0.015625
  2.86957	0.0078125
  2.86966	0.015625
  2.86975	0.03125
  2.86984	0.0234375
  2.86993	0.015625
  2.87002	0.0234375
  2.87011	0.046875
  2.8702	0.046875
  2.87029	0.0390625
  2.87039	0.03125
  2.87048	0.03125
  2.87057	0.03125
  2.87066	0.03125
  2.87075	0.0390625
  2.87084	0.046875
  2.87093	0.03125
  2.87102	0.0234375
  2.87111	0.0390625
  2.8712	0.015625
  2.87129	0.0078125
  2.87138	0.0234375
  2.87147	0.03125
  2.87156	0.03125
  2.87166	0.015625
  2.87175	-0.0078125
  2.87184	0
  2.87193	0.015625
  2.87202	0.0390625
  2.87211	0.046875
  2.8722	0.03125
  2.87229	0.03125
  2.87238	0.0390625
  2.87247	0.0390625
  2.87256	0.0546875
  2.87265	0.0546875
  2.87274	0.0390625
  2.87283	0.03125
  2.87293	0.0234375
  2.87302	0.03125
  2.87311	0.03125
  2.8732	0.0390625
  2.87329	0.0546875
  2.87338	0.0390625
  2.87347	0.0234375
  2.87356	0.0390625
  2.87365	0.0625
  2.87374	0.0625
  2.87383	0.0546875
  2.87392	0.0390625
  2.87401	0.046875
  2.8741	0.046875
  2.87419	0.0546875
  2.87429	0.046875
  2.87438	0.0546875
  2.87447	0.03125
  2.87456	0.015625
  2.87465	0.0078125
  2.87474	0.0078125
  2.87483	0.015625
  2.87492	0.0078125
  2.87501	0.0078125
  2.8751	0.015625
  2.87519	0.0078125
  2.87528	0
  2.87537	0
  2.87546	0
  2.87556	0.0078125
  2.87565	0
  2.87574	0.0078125
  2.87583	-0.0078125
  2.87592	-0.0078125
  2.87601	0.0078125
  2.8761	0.0078125
  2.87619	0.0234375
  2.87628	0.0078125
  2.87637	0
  2.87646	-0.0078125
  2.87655	0
  2.87664	0.0078125
  2.87673	0
  2.87683	-0.0078125
  2.87692	-0.0078125
  2.87701	-0.0078125
  2.8771	0
  2.87719	-0.015625
  2.87728	-0.0234375
  2.87737	-0.0234375
  2.87746	-0.0234375
  2.87755	-0.0390625
  2.87764	-0.03125
  2.87773	0
  2.87782	0.0078125
  2.87791	0.015625
  2.878	0.015625
  2.8781	0.015625
  2.87819	-0.0078125
  2.87828	-0.0078125
  2.87837	-0.015625
  2.87846	-0.015625
  2.87855	-0.0078125
  2.87864	0
  2.87873	0
  2.87882	0
  2.87891	0
  2.879	0.0078125
  2.87909	0.0234375
  2.87918	0.03125
  2.87927	0.0234375
  2.87937	0.03125
  2.87946	0.0234375
  2.87955	0.0234375
  2.87964	0.03125
  2.87973	0.0390625
  2.87982	0.0390625
  2.87991	0.03125
  2.88	0.03125
  2.88009	0.0234375
  2.88018	0.0078125
  2.88027	0.0078125
  2.88036	0.015625
  2.88045	0.0234375
  2.88054	0.0234375
  2.88063	0.03125
  2.88073	0.0390625
  2.88082	0.0234375
  2.88091	0.0234375
  2.881	0.03125
  2.88109	0.0546875
  2.88118	0.0390625
  2.88127	0.046875
  2.88136	0.0625
  2.88145	0.0703125
  2.88154	0.0625
  2.88163	0.046875
  2.88172	0.03125
  2.88181	0.015625
  2.8819	0.0078125
  2.882	0.015625
  2.88209	0.015625
  2.88218	0.015625
  2.88227	0.0078125
  2.88236	0
  2.88245	0
  2.88254	0.0234375
  2.88263	0.0234375
  2.88272	0.015625
  2.88281	0.03125
  2.8829	0.0390625
  2.88299	0.0234375
  2.88308	0
  2.88317	-0.03125
  2.88327	-0.03125
  2.88336	0.0078125
  2.88345	0
  2.88354	-0.015625
  2.88363	-0.03125
  2.88372	-0.0390625
  2.88381	-0.0234375
  2.8839	0
  2.88399	0.0234375
  2.88408	0.0390625
  2.88417	0.0390625
  2.88426	0.046875
  2.88435	0.046875
  2.88444	0.046875
  2.88454	0.03125
  2.88463	0.0390625
  2.88472	0.046875
  2.88481	0.03125
  2.8849	0.0390625
  2.88499	0.046875
  2.88508	0.0546875
  2.88517	0.0625
  2.88526	0.0546875
  2.88535	0.046875
  2.88544	0.0546875
  2.88553	0.046875
  2.88562	0.0390625
  2.88571	0.03125
  2.8858	0.015625
  2.8859	0.015625
  2.88599	0.046875
  2.88608	0.078125
  2.88617	0.0703125
  2.88626	0.0625
  2.88635	0.0390625
  2.88644	0.0078125
  2.88653	0.0078125
  2.88662	0.0078125
  2.88671	0.0234375
  2.8868	0.015625
  2.88689	0.0078125
  2.88698	0.0078125
  2.88707	-0.0078125
  2.88717	0
  2.88726	0.0390625
  2.88735	0.0390625
  2.88744	0.0390625
  2.88753	0.03125
  2.88762	0.0234375
  2.88771	0.0390625
  2.8878	0.0390625
  2.88789	0.0390625
  2.88798	0.0234375
  2.88807	0
  2.88816	0.0078125
  2.88825	0.015625
  2.88834	0.0234375
  2.88844	0.0078125
  2.88853	0
  2.88862	0.015625
  2.88871	0.0234375
  2.8888	0.0234375
  2.88889	0.0390625
  2.88898	0.0546875
  2.88907	0.046875
  2.88916	0.03125
  2.88925	0
  2.88934	-0.0078125
  2.88943	0
  2.88952	0.015625
  2.88961	0.015625
  2.88971	0.0078125
  2.8898	-0.0078125
  2.88989	-0.0078125
  2.88998	-0.015625
  2.89007	-0.015625
  2.89016	-0.015625
  2.89025	-0.0078125
  2.89034	0
  2.89043	0.0078125
  2.89052	0.0078125
  2.89061	0
  2.8907	0.0078125
  2.89079	0
  2.89088	0
  2.89098	0.015625
  2.89107	0.0078125
  2.89116	0.015625
  2.89125	0.0078125
  2.89134	0
  2.89143	-0.015625
  2.89152	-0.0234375
  2.89161	0
  2.8917	0
  2.89179	-0.0078125
  2.89188	-0.0234375
  2.89197	-0.0078125
  2.89206	0.015625
  2.89215	0.0390625
  2.89224	0.0546875
  2.89234	0.0546875
  2.89243	0.0234375
  2.89252	0
  2.89261	-0.0078125
  2.8927	-0.0078125
  2.89279	0.015625
  2.89288	0.03125
  2.89297	0.0234375
  2.89306	0.0078125
  2.89315	0.0078125
  2.89324	0.015625
  2.89333	0.0234375
  2.89342	0.015625
  2.89351	-0.0234375
  2.89361	-0.0546875
  2.8937	-0.046875
  2.89379	-0.03125
  2.89388	-0.015625
  2.89397	0.015625
  2.89406	0.0234375
  2.89415	0.0078125
  2.89424	0.0078125
  2.89433	-0.0078125
  2.89442	0
  2.89451	0.015625
  2.8946	0.0078125
  2.89469	0.015625
  2.89478	0.0078125
  2.89488	-0.015625
  2.89497	-0.0078125
  2.89506	0
  2.89515	0.0078125
  2.89524	0.0234375
  2.89533	0.046875
  2.89542	0.046875
  2.89551	0.0390625
  2.8956	0.015625
  2.89569	0.0078125
  2.89578	0.0078125
  2.89587	0.0234375
  2.89596	0.03125
  2.89605	0.03125
  2.89615	0.015625
  2.89624	0.0078125
  2.89633	0
  2.89642	0
  2.89651	0.015625
  2.8966	0.046875
  2.89669	0.0546875
  2.89678	0.046875
  2.89687	0.046875
  2.89696	0.0703125
  2.89705	0.0703125
  2.89714	0.0625
  2.89723	0.0625
  2.89732	0.046875
  2.89742	0.0234375
  2.89751	0.0078125
  2.8976	0.0078125
  2.89769	0.03125
  2.89778	0.046875
  2.89787	0.0546875
  2.89796	0.0546875
  2.89805	0.0234375
  2.89814	0.03125
  2.89823	0.046875
  2.89832	0.0625
  2.89841	0.0625
  2.8985	0.046875
  2.89859	0.03125
  2.89868	0.046875
  2.89878	0.046875
  2.89887	0.0390625
  2.89896	0.03125
  2.89905	0.015625
  2.89914	0.0078125
  2.89923	-0.0234375
  2.89932	-0.0234375
  2.89941	0
  2.8995	0.015625
  2.89959	0.0546875
  2.89968	0.078125
  2.89977	0.0546875
  2.89986	0.03125
  2.89995	0.0234375
  2.90005	0.0234375
  2.90014	0.015625
  2.90023	0.015625
  2.90032	0.0390625
  2.90041	0.046875
  2.9005	0.0625
  2.90059	0.0625
  2.90068	0.046875
  2.90077	0.0234375
  2.90086	0
  2.90095	0.015625
  2.90104	0.03125
  2.90113	0.03125
  2.90122	0
  2.90132	0.0234375
  2.90141	0.0234375
  2.9015	-0.015625
  2.90159	0
  2.90168	0.0390625
  2.90177	0.046875
  2.90186	0.0625
  2.90195	0.0625
  2.90204	0.03125
  2.90213	0.015625
  2.90222	0.0234375
  2.90231	0.046875
  2.9024	0.0390625
  2.90249	0.0234375
  2.90259	0
  2.90268	-0.0078125
  2.90277	-0.0234375
  2.90286	-0.015625
  2.90295	-0.0078125
  2.90304	0.015625
  2.90313	0.0234375
  2.90322	0.0390625
  2.90331	0.0546875
  2.9034	0.0078125
  2.90349	0.0234375
  2.90358	0.0234375
  2.90367	0.0234375
  2.90376	0
  2.90385	0.0234375
  2.90395	0.015625
  2.90404	0.015625
  2.90413	0.03125
  2.90422	0.0234375
  2.90431	0.015625
  2.9044	0
  2.90449	0.0078125
  2.90458	-0.015625
  2.90467	0
  2.90476	-0.0078125
  2.90485	0.015625
  2.90494	0.015625
  2.90503	0.03125
  2.90512	0.0390625
  2.90522	0.046875
  2.90531	0.0078125
  2.9054	-0.0078125
  2.90549	0
  2.90558	-0.0078125
  2.90567	-0.03125
  2.90576	-0.03125
  2.90585	0
  2.90594	-0.03125
  2.90603	-0.03125
  2.90612	-0.015625
  2.90621	-0.03125
  2.9063	-0.0390625
  2.90639	0
  2.90649	-0.015625
  2.90658	-0.0234375
  2.90667	0.03125
  2.90676	0.015625
  2.90685	0.0078125
  2.90694	-0.015625
  2.90703	0
  2.90712	0
  2.90721	0.015625
  2.9073	0.046875
  2.90739	0.015625
  2.90748	0
  2.90757	-0.0078125
  2.90766	0
  2.90776	0
  2.90785	0.03125
  2.90794	0.0546875
  2.90803	0.0625
  2.90812	0.0546875
  2.90821	0.0546875
  2.9083	0.0703125
  2.90839	0.046875
  2.90848	0.03125
  2.90857	0.0703125
  2.90866	0.0625
  2.90875	0.03125
  2.90884	0.015625
  2.90893	0
  2.90902	-0.0078125
  2.90912	0
  2.90921	0.0078125
  2.9093	0.03125
  2.90939	0.0703125
  2.90948	0.0546875
  2.90957	0.0625
  2.90966	0.0546875
  2.90975	0.046875
  2.90984	0.0625
  2.90993	0.03125
  2.91002	0.0390625
  2.91011	0.0234375
  2.9102	0.0078125
  2.91029	0
  2.91039	-0.015625
  2.91048	0
  2.91057	0.03125
  2.91066	0.03125
  2.91075	0.0078125
  2.91084	0.015625
  2.91093	0.046875
  2.91102	0.0703125
  2.91111	0.0625
  2.9112	0.0390625
  2.91129	0.0234375
  2.91138	0
  2.91147	0.0234375
  2.91156	0.0234375
  2.91166	0.0078125
  2.91175	-0.0078125
  2.91184	-0.0234375
  2.91193	-0.0078125
  2.91202	0.0078125
  2.91211	0.0234375
  2.9122	0
  2.91229	-0.0078125
  2.91238	-0.015625
  2.91247	-0.0078125
  2.91256	0.03125
  2.91265	0.0546875
  2.91274	0.0703125
  2.91283	0.0703125
  2.91293	0.046875
  2.91302	0.0234375
  2.91311	0.046875
  2.9132	0.0546875
  2.91329	0.0546875
  2.91338	0.0546875
  2.91347	0.0390625
  2.91356	0.03125
  2.91365	0.0078125
  2.91374	0.015625
  2.91383	0.046875
  2.91392	0.0546875
  2.91401	0.0390625
  2.9141	0.015625
  2.91419	0.0078125
  2.91429	0
  2.91438	0
  2.91447	0
  2.91456	0.0234375
  2.91465	0.015625
  2.91474	-0.0078125
  2.91483	-0.0078125
  2.91492	-0.0078125
  2.91501	-0.0078125
  2.9151	0.015625
  2.91519	0.046875
  2.91528	0.0390625
  2.91537	0.0234375
  2.91546	0
  2.91556	-0.0078125
  2.91565	0
  2.91574	0.0078125
  2.91583	0.0234375
  2.91592	0.0078125
  2.91601	0.015625
  2.9161	0.03125
  2.91619	0.0078125
  2.91628	0
  2.91637	0.03125
  2.91646	0.0546875
  2.91655	0.015625
  2.91664	-0.0078125
  2.91673	-0.0234375
  2.91683	-0.0390625
  2.91692	-0.015625
  2.91701	0.03125
  2.9171	0.046875
  2.91719	0.0390625
  2.91728	0.046875
  2.91737	0.046875
  2.91746	0.0625
  2.91755	0.0234375
  2.91764	0
  2.91773	0
  2.91782	0
  2.91791	0
  2.918	0.015625
  2.9181	0.0390625
  2.91819	0.046875
  2.91828	0.046875
  2.91837	0.0234375
  2.91846	0.03125
  2.91855	0.03125
  2.91864	0
  2.91873	-0.015625
  2.91882	-0.015625
  2.91891	-0.0390625
  2.919	-0.0390625
  2.91909	0
  2.91918	0
  2.91927	0
  2.91937	-0.015625
  2.91946	-0.015625
  2.91955	-0.0078125
  2.91964	-0.0078125
  2.91973	0.015625
  2.91982	0.0390625
  2.91991	0.0390625
  2.92	0.03125
  2.92009	0.015625
  2.92018	0.0234375
  2.92027	0.046875
  2.92036	0.0390625
  2.92045	0.0390625
  2.92054	0.046875
  2.92063	0.0234375
  2.92073	0.015625
  2.92082	0
  2.92091	0.015625
  2.921	0.046875
  2.92109	0.0390625
  2.92118	0.03125
  2.92127	0.03125
  2.92136	0.03125
  2.92145	0.03125
  2.92154	0.03125
  2.92163	0.015625
  2.92172	0.0234375
  2.92181	0.0234375
  2.9219	0.015625
  2.922	0.0078125
  2.92209	0
  2.92218	-0.015625
  2.92227	-0.0078125
  2.92236	0.0078125
  2.92245	0
  2.92254	0.015625
  2.92263	0.015625
  2.92272	0.0234375
  2.92281	0.015625
  2.9229	0.0234375
  2.92299	0.0390625
  2.92308	0.03125
  2.92317	0.0390625
  2.92327	0.03125
  2.92336	0.0078125
  2.92345	0.015625
  2.92354	0
  2.92363	0.0078125
  2.92372	0.03125
  2.92381	0.015625
  2.9239	0.0234375
  2.92399	0.0078125
  2.92408	0
  2.92417	0.0078125
  2.92426	0.015625
  2.92435	0.0234375
  2.92444	0.03125
  2.92454	0.03125
  2.92463	0.0234375
  2.92472	0.015625
  2.92481	0.015625
  2.9249	0
  2.92499	0
  2.92508	0.015625
  2.92517	0.03125
  2.92526	0.046875
  2.92535	0.03125
  2.92544	0.0390625
  2.92553	0.046875
  2.92562	0.0625
  2.92571	0.0625
  2.9258	0.0546875
  2.9259	0.046875
  2.92599	0.015625
  2.92608	-0.0078125
  2.92617	-0.0078125
  2.92626	0.015625
  2.92635	0.0078125
  2.92644	-0.0078125
  2.92653	-0.0078125
  2.92662	0.0078125
  2.92671	0.03125
  2.9268	0.0625
  2.92689	0.101562
  2.92698	0.179688
  2.92707	0.226562
  2.92717	0.226562
  2.92726	0.203125
  2.92735	0.148438
  2.92744	0.0703125
  2.92753	0.0234375
  2.92762	-0.0078125
  2.92771	-0.046875
  2.9278	-0.078125
  2.92789	-0.125
  2.92798	-0.148438
  2.92807	-0.164062
  2.92816	-0.148438
  2.92825	-0.117188
  2.92834	-0.117188
  2.92844	-0.109375
  2.92853	-0.101562
  2.92862	-0.125
  2.92871	-0.117188
  2.9288	-0.101562
  2.92889	-0.046875
  2.92898	-0.015625
  2.92907	0
  2.92916	0.0390625
  2.92925	0.0390625
  2.92934	0.0546875
  2.92943	0.0859375
  2.92952	0.09375
  2.92961	0.09375
  2.92971	0.09375
  2.9298	0.078125
  2.92989	0.0625
  2.92998	0.0390625
  2.93007	0.015625
  2.93016	-0.015625
  2.93025	-0.0078125
  2.93034	-0.0078125
  2.93043	0.0078125
  2.93052	0.015625
  2.93061	0
  2.9307	0
  2.93079	0
  2.93088	0.03125
  2.93098	0.0546875
  2.93107	0.078125
  2.93116	0.117188
  2.93125	0.148438
  2.93134	0.148438
  2.93143	0.132812
  2.93152	0.101562
  2.93161	0.0859375
  2.9317	0.0703125
  2.93179	0.046875
  2.93188	0.0078125
  2.93197	-0.03125
  2.93206	-0.0390625
  2.93215	-0.0625
  2.93224	-0.0234375
  2.93234	0.0078125
  2.93243	-0.046875
  2.93252	-0.078125
  2.93261	-0.0546875
  2.9327	-0.0859375
  2.93279	-0.148438
  2.93288	-0.179688
  2.93297	-0.15625
  2.93306	-0.0390625
  2.93315	0.03125
  2.93324	0.0859375
  2.93333	0.234375
  2.93342	0.34375
  2.93351	0.382812
  2.93361	0.445312
  2.9337	0.453125
  2.93379	0.398438
  2.93388	0.328125
  2.93397	0.148438
  2.93406	-0.0390625
  2.93415	-0.132812
  2.93424	-0.289062
  2.93433	-0.390625
  2.93442	-0.382812
  2.93451	-0.40625
  2.9346	-0.390625
  2.93469	-0.304688
  2.93478	-0.265625
  2.93488	-0.195312
  2.93497	-0.09375
  2.93506	-0.0859375
  2.93515	-0.0546875
  2.93524	-0.015625
  2.93533	-0.0234375
  2.93542	0.015625
  2.93551	0.0625
  2.9356	0.0546875
  2.93569	0.15625
  2.93578	0.273438
  2.93587	0.265625
  2.93596	0.25
  2.93605	0.226562
  2.93615	0.15625
  2.93624	0.125
  2.93633	0.015625
  2.93642	-0.15625
  2.93651	-0.203125
  2.9366	-0.265625
  2.93669	-0.320312
  2.93678	-0.265625
  2.93687	-0.21875
  2.93696	-0.117188
  2.93705	0.046875
  2.93714	0.132812
  2.93723	0.203125
  2.93732	0.320312
  2.93742	0.34375
  2.93751	0.335938
  2.9376	0.351562
  2.93769	0.28125
  2.93778	0.242188
  2.93787	0.203125
  2.93796	0.09375
  2.93805	0.0390625
  2.93814	0.0390625
  2.93823	-0.015625
  2.93832	-0.0625
  2.93841	-0.0703125
  2.9385	-0.117188
  2.93859	-0.109375
  2.93868	-0.101562
  2.93878	-0.109375
  2.93887	-0.046875
  2.93896	-0.03125
  2.93905	-0.0625
  2.93914	-0.0546875
  2.93923	-0.046875
  2.93932	-0.046875
  2.93941	0.0078125
  2.9395	0.03125
  2.93959	0.0703125
  2.93968	0.078125
  2.93977	-0.0078125
  2.93986	-0.0625
  2.93995	-0.078125
  2.94005	-0.164062
  2.94014	-0.234375
  2.94023	-0.242188
  2.94032	-0.210938
  2.94041	-0.0703125
  2.9405	0.0234375
  2.94059	0.0859375
  2.94068	0.265625
  2.94077	0.414062
  2.94086	0.4375
  2.94095	0.460938
  2.94104	0.421875
  2.94113	0.3125
  2.94122	0.203125
  2.94132	0
  2.94141	-0.15625
  2.9415	-0.21875
  2.94159	-0.335938
  2.94168	-0.4375
  2.94177	-0.429688
  2.94186	-0.4375
  2.94195	-0.359375
  2.94204	-0.203125
  2.94213	-0.148438
  2.94222	-0.0625
  2.94231	0.0234375
  2.9424	0.015625
  2.94249	0.0390625
  2.94258	0.0625
  2.94268	0.0234375
  2.94277	0.0703125
  2.94286	0.101562
  2.94295	0.0859375
  2.94304	0.140625
  2.94313	0.203125
  2.94322	0.179688
  2.94331	0.148438
  2.9434	0.109375
  2.94349	0.0546875
  2.94358	-0.015625
  2.94367	-0.132812
  2.94376	-0.242188
  2.94385	-0.234375
  2.94395	-0.226562
  2.94404	-0.25
  2.94413	-0.1875
  2.94422	-0.078125
  2.94431	0
  2.9444	0.0859375
  2.94449	0.210938
  2.94458	0.335938
  2.94467	0.429688
  2.94476	0.429688
  2.94485	0.40625
  2.94494	0.28125
  2.94503	0.1875
  2.94512	0.0625
  2.94522	-0.0546875
  2.94531	-0.109375
  2.9454	-0.210938
  2.94549	-0.1875
  2.94558	-0.164062
  2.94567	-0.140625
  2.94576	-0.046875
  2.94585	-0.0546875
  2.94594	0
  2.94603	0.0390625
  2.94612	0.03125
  2.94621	0.0390625
  2.9463	0.0546875
  2.94639	0.046875
  2.94649	-0.015625
  2.94658	-0.03125
  2.94667	-0.0625
  2.94676	-0.03125
  2.94685	-0.0078125
  2.94694	-0.0625
  2.94703	-0.0859375
  2.94712	-0.0703125
  2.94721	-0.132812
  2.9473	-0.203125
  2.94739	-0.203125
  2.94748	-0.1875
  2.94757	-0.0859375
  2.94766	-0.015625
  2.94776	0.0390625
  2.94785	0.195312
  2.94794	0.335938
  2.94803	0.367188
  2.94812	0.429688
  2.94821	0.453125
  2.9483	0.375
  2.94839	0.289062
  2.94848	0.0859375
  2.94857	-0.109375
  2.94866	-0.203125
  2.94875	-0.328125
  2.94884	-0.429688
  2.94893	-0.398438
  2.94902	-0.40625
  2.94912	-0.382812
  2.94921	-0.25
  2.9493	-0.203125
  2.94939	-0.0703125
  2.94948	0.046875
  2.94957	0.0859375
  2.94966	0.125
  2.94975	0.132812
  2.94984	0.09375
  2.94993	0.0859375
  2.95002	0.0859375
  2.95011	0.0546875
  2.9502	0.0703125
  2.95029	0.109375
  2.95039	0.140625
  2.95048	0.117188
  2.95057	0.0703125
  2.95066	0.046875
  2.95075	0.0390625
  2.95084	-0.0078125
  2.95093	-0.09375
  2.95102	-0.148438
  2.95111	-0.164062
  2.9512	-0.234375
  2.95129	-0.242188
  2.95138	-0.164062
  2.95147	-0.0546875
  2.95156	0.078125
  2.95166	0.1875
  2.95175	0.265625
  2.95184	0.351562
  2.95193	0.390625
  2.95202	0.40625
  2.95211	0.398438
  2.9522	0.34375
  2.95229	0.234375
  2.95238	0.101562
  2.95247	-0.015625
  2.95256	-0.109375
  2.95265	-0.164062
  2.95274	-0.195312
  2.95283	-0.203125
  2.95293	-0.164062
  2.95302	-0.101562
  2.95311	-0.046875
  2.9532	0.0234375
  2.95329	0.078125
  2.95338	0.109375
  2.95347	0.140625
  2.95356	0.15625
  2.95365	0.132812
  2.95374	0.101562
  2.95383	0.0859375
  2.95392	0.0390625
  2.95401	0.0625
  2.9541	0.0234375
  2.95419	-0.0546875
  2.95429	-0.0546875
  2.95438	-0.078125
  2.95447	-0.164062
  2.95456	-0.179688
  2.95465	-0.1875
  2.95474	-0.164062
  2.95483	-0.046875
  2.95492	0.0234375
  2.95501	0.09375
  2.9551	0.265625
  2.95519	0.351562
  2.95528	0.390625
  2.95537	0.484375
  2.95546	0.484375
  2.95556	0.414062
  2.95565	0.328125
  2.95574	0.132812
  2.95583	-0.046875
  2.95592	-0.140625
  2.95601	-0.296875
  2.9561	-0.414062
  2.95619	-0.429688
  2.95628	-0.460938
  2.95637	-0.445312
  2.95646	-0.359375
  2.95655	-0.273438
  2.95664	-0.148438
  2.95673	0.0078125
  2.95683	0.0703125
  2.95692	0.132812
  2.95701	0.171875
  2.9571	0.132812
  2.95719	0.132812
  2.95728	0.148438
  2.95737	0.0859375
  2.95746	0.078125
  2.95755	0.078125
  2.95764	0.0546875
  2.95773	0.0234375
  2.95782	-0.015625
  2.95791	-0.0234375
  2.958	0
  2.9581	-0.0078125
  2.95819	-0.078125
  2.95828	-0.109375
  2.95837	-0.148438
  2.95846	-0.1875
  2.95855	-0.171875
  2.95864	-0.117188
  2.95873	-0.0390625
  2.95882	0.0390625
  2.95891	0.101562
  2.959	0.203125
  2.95909	0.3125
  2.95918	0.375
  2.95927	0.390625
  2.95937	0.367188
  2.95946	0.328125
  2.95955	0.242188
  2.95964	0.132812
  2.95973	0.03125
  2.95982	-0.0859375
  2.95991	-0.171875
  2.96	-0.210938
  2.96009	-0.25
  2.96018	-0.242188
  2.96027	-0.179688
  2.96036	-0.117188
  2.96045	-0.03125
  2.96054	0.0390625
  2.96063	0.0859375
  2.96073	0.117188
  2.96082	0.140625
  2.96091	0.132812
  2.961	0.109375
  2.96109	0.0859375
  2.96118	0.0234375
  2.96127	0.015625
  2.96136	0
  2.96145	-0.109375
  2.96154	-0.164062
  2.96163	-0.179688
  2.96172	-0.25
  2.96181	-0.265625
  2.9619	-0.25
  2.962	-0.21875
  2.96209	-0.109375
  2.96218	-0.0546875
  2.96227	0
  2.96236	0.15625
  2.96245	0.3125
  2.96254	0.359375
  2.96263	0.421875
  2.96272	0.445312
  2.96281	0.398438
  2.9629	0.359375
  2.96299	0.1875
  2.96308	0
  2.96317	-0.101562
  2.96327	-0.25
  2.96336	-0.375
  2.96345	-0.414062
  2.96354	-0.429688
  2.96363	-0.414062
  2.96372	-0.359375
  2.96381	-0.289062
  2.9639	-0.179688
  2.96399	-0.03125
  2.96408	0.078125
  2.96417	0.148438
  2.96426	0.21875
  2.96435	0.226562
  2.96444	0.234375
  2.96454	0.242188
  2.96463	0.164062
  2.96472	0.125
  2.96481	0.125
  2.9649	0.109375
  2.96499	0.09375
  2.96508	0.046875
  2.96517	0.015625
  2.96526	0.03125
  2.96535	0
  2.96544	-0.0546875
  2.96553	-0.0703125
  2.96562	-0.078125
  2.96571	-0.109375
  2.96581	-0.101562
  2.9659	-0.078125
  2.96599	-0.0390625
  2.96608	0.0390625
  2.96617	0.109375
  2.96626	0.1875
  2.96635	0.296875
  2.96644	0.375
  2.96653	0.390625
  2.96662	0.398438
  2.96671	0.375
  2.9668	0.3125
  2.96689	0.226562
  2.96698	0.125
  2.96707	0.0078125
  2.96717	-0.078125
  2.96726	-0.140625
  2.96735	-0.203125
  2.96744	-0.21875
  2.96753	-0.179688
  2.96762	-0.140625
  2.96771	-0.0625
  2.9678	0.0234375
  2.96789	0.09375
  2.96798	0.179688
  2.96807	0.226562
  2.96816	0.210938
  2.96825	0.171875
  2.96834	0.15625
  2.96844	0.101562
  2.96853	0.078125
  2.96862	0.0234375
  2.96871	-0.0859375
  2.9688	-0.140625
  2.96889	-0.1875
  2.96898	-0.265625
  2.96907	-0.28125
  2.96916	-0.265625
  2.96925	-0.242188
  2.96934	-0.125
  2.96943	-0.0625
  2.96952	0.0078125
  2.96961	0.1875
  2.96971	0.335938
  2.9698	0.375
  2.96989	0.460938
  2.96998	0.476562
  2.97007	0.414062
  2.97016	0.359375
  2.97025	0.1875
  2.97034	-0.0078125
  2.97043	-0.109375
  2.97052	-0.242188
  2.97061	-0.367188
  2.9707	-0.40625
  2.97079	-0.46875
  2.97088	-0.453125
  2.97098	-0.382812
  2.97107	-0.335938
  2.97116	-0.210938
  2.97125	-0.0546875
  2.97134	0.0546875
  2.97143	0.140625
  2.97152	0.210938
  2.97161	0.226562
  2.9717	0.25
  2.97179	0.21875
  2.97188	0.171875
  2.97197	0.148438
  2.97206	0.109375
  2.97215	0.0625
  2.97224	0.0234375
  2.97234	0
  2.97243	0.015625
  2.97252	-0.0078125
  2.97261	-0.0625
  2.9727	-0.0703125
  2.97279	-0.0625
  2.97288	-0.0546875
  2.97297	-0.0703125
  2.97306	-0.0859375
  2.97315	-0.078125
  2.97324	-0.0390625
  2.97333	0.0234375
  2.97342	0.101562
  2.97351	0.1875
  2.97361	0.265625
  2.9737	0.304688
  2.97379	0.328125
  2.97388	0.335938
  2.97397	0.3125
  2.97406	0.273438
  2.97415	0.203125
  2.97424	0.101562
  2.97433	-0.0078125
  2.97442	-0.125
  2.97451	-0.203125
  2.9746	-0.25
  2.97469	-0.226562
  2.97478	-0.171875
  2.97488	-0.125
  2.97497	-0.0703125
  2.97506	-0.015625
  2.97515	0.078125
  2.97524	0.148438
  2.97533	0.179688
  2.97542	0.171875
  2.97551	0.171875
  2.9756	0.109375
  2.97569	0.0546875
  2.97578	0.03125
  2.97587	-0.0703125
  2.97596	-0.148438
  2.97605	-0.171875
  2.97615	-0.234375
  2.97624	-0.304688
  2.97633	-0.296875
  2.97642	-0.296875
  2.97651	-0.203125
  2.9766	-0.0390625
  2.97669	0.0390625
  2.97678	0.132812
  2.97687	0.304688
  2.97696	0.375
  2.97705	0.40625
  2.97714	0.453125
  2.97723	0.429688
  2.97732	0.398438
  2.97742	0.3125
  2.97751	0.140625
  2.9776	-0.0078125
  2.97769	-0.125
  2.97778	-0.28125
  2.97787	-0.398438
  2.97796	-0.460938
  2.97805	-0.476562
  2.97814	-0.414062
  2.97823	-0.3125
  2.97832	-0.242188
  2.97841	-0.140625
  2.9785	-0.03125
  2.97859	0.046875
  2.97868	0.132812
  2.97878	0.1875
  2.97887	0.21875
  2.97896	0.242188
  2.97905	0.203125
  2.97914	0.140625
  2.97923	0.125
  2.97932	0.09375
  2.97941	0.078125
  2.9795	0.0546875
  2.97959	0
  2.97968	-0.0234375
  2.97977	-0.0546875
  2.97986	-0.078125
  2.97995	-0.078125
  2.98005	-0.078125
  2.98014	-0.0859375
  2.98023	-0.0859375
  2.98032	-0.0859375
  2.98041	-0.078125
  2.9805	-0.0234375
  2.98059	0.03125
  2.98068	0.0703125
  2.98077	0.148438
  2.98086	0.226562
  2.98095	0.273438
  2.98104	0.320312
  2.98113	0.335938
  2.98122	0.335938
  2.98132	0.296875
  2.98141	0.21875
  2.9815	0.101562
  2.98159	-0.0078125
  2.98168	-0.0859375
  2.98177	-0.171875
  2.98186	-0.21875
  2.98195	-0.21875
  2.98204	-0.195312
  2.98213	-0.140625
  2.98222	-0.078125
  2.98231	-0.0078125
  2.9824	0.0859375
  2.98249	0.171875
  2.98258	0.21875
  2.98268	0.226562
  2.98277	0.203125
  2.98286	0.15625
  2.98295	0.125
  2.98304	0.109375
  2.98313	0.0390625
  2.98322	-0.046875
  2.98331	-0.0859375
  2.9834	-0.179688
  2.98349	-0.257812
  2.98358	-0.265625
  2.98367	-0.257812
  2.98376	-0.148438
  2.98385	-0.015625
  2.98395	0.0390625
  2.98404	0.140625
  2.98413	0.289062
  2.98422	0.375
  2.98431	0.4375
  2.9844	0.492188
  2.98449	0.46875
  2.98458	0.40625
  2.98467	0.320312
  2.98476	0.125
  2.98485	-0.03125
  2.98494	-0.132812
  2.98503	-0.296875
  2.98512	-0.398438
  2.98522	-0.4375
  2.98531	-0.476562
  2.9854	-0.4375
  2.98549	-0.359375
  2.98558	-0.289062
  2.98567	-0.171875
  2.98576	-0.0390625
  2.98585	0.046875
  2.98594	0.117188
  2.98603	0.171875
  2.98612	0.195312
  2.98621	0.234375
  2.9863	0.203125
  2.98639	0.132812
  2.98649	0.109375
  2.98658	0.0859375
  2.98667	0.046875
  2.98676	-0.0078125
  2.98685	-0.046875
  2.98694	-0.0390625
  2.98703	-0.03125
  2.98712	-0.0703125
  2.98721	-0.078125
  2.9873	-0.0859375
  2.98739	-0.078125
  2.98748	-0.0703125
  2.98757	-0.078125
  2.98766	-0.0546875
  2.98776	0
  2.98785	0.0546875
  2.98794	0.101562
  2.98803	0.15625
  2.98812	0.21875
  2.98821	0.265625
  2.9883	0.3125
  2.98839	0.335938
  2.98848	0.320312
  2.98857	0.289062
  2.98866	0.203125
  2.98875	0.0703125
  2.98884	-0.015625
  2.98893	-0.09375
  2.98902	-0.164062
  2.98912	-0.195312
  2.98921	-0.203125
  2.9893	-0.203125
  2.98939	-0.164062
  2.98948	-0.109375
  2.98957	-0.046875
  2.98966	0.0390625
  2.98975	0.132812
  2.98984	0.179688
  2.98993	0.179688
  2.99002	0.164062
  2.99011	0.140625
  2.9902	0.101562
  2.99029	0.0625
  2.99039	-0.0234375
  2.99048	-0.109375
  2.99057	-0.132812
  2.99066	-0.195312
  2.99075	-0.265625
  2.99084	-0.273438
  2.99093	-0.28125
  2.99102	-0.210938
  2.99111	-0.0703125
  2.9912	0.0078125
  2.99129	0.117188
  2.99138	0.273438
  2.99147	0.335938
  2.99156	0.375
  2.99166	0.4375
  2.99175	0.421875
  2.99184	0.382812
  2.99193	0.296875
  2.99202	0.117188
  2.99211	-0.015625
  2.9922	-0.117188
  2.99229	-0.28125
  2.99238	-0.375
  2.99247	-0.421875
  2.99256	-0.46875
  2.99265	-0.4375
  2.99274	-0.367188
  2.99283	-0.304688
  2.99293	-0.1875
  2.99302	-0.0390625
  2.99311	0.046875
  2.9932	0.140625
  2.99329	0.203125
  2.99338	0.210938
  2.99347	0.242188
  2.99356	0.226562
  2.99365	0.164062
  2.99374	0.140625
  2.99383	0.109375
  2.99392	0.0625
  2.99401	0.03125
  2.9941	0.0078125
  2.99419	0.0078125
  2.99429	-0.015625
  2.99438	-0.046875
  2.99447	-0.0625
  2.99456	-0.046875
  2.99465	-0.0390625
  2.99474	-0.03125
  2.99483	-0.0234375
  2.99492	0
  2.99501	0.0234375
  2.9951	0.0390625
  2.99519	0.101562
  2.99528	0.171875
  2.99537	0.234375
  2.99546	0.28125
  2.99556	0.3125
  2.99565	0.304688
  2.99574	0.28125
  2.99583	0.25
  2.99592	0.203125
  2.99601	0.140625
  2.9961	0.046875
  2.99619	-0.0390625
  2.99628	-0.109375
  2.99637	-0.164062
  2.99646	-0.195312
  2.99655	-0.164062
  2.99664	-0.109375
  2.99673	-0.0703125
  2.99683	-0.0078125
  2.99692	0.078125
  2.99701	0.140625
  2.9971	0.1875
  2.99719	0.210938
  2.99728	0.203125
  2.99737	0.179688
  2.99746	0.148438
  2.99755	0.101562
  2.99764	0.0078125
  2.99773	-0.078125
  2.99782	-0.132812
  2.99791	-0.1875
  2.998	-0.234375
  2.9981	-0.265625
  2.99819	-0.28125
  2.99828	-0.203125
  2.99837	-0.09375
  2.99846	-0.0078125
  2.99855	0.109375
  2.99864	0.265625
  2.99873	0.351562
  2.99882	0.40625
  2.99891	0.46875
  2.999	0.460938
  2.99909	0.429688
  2.99918	0.328125
  2.99927	0.140625
  2.99937	-0.015625
  2.99946	-0.132812
  2.99955	-0.289062
  2.99964	-0.40625
  2.99973	-0.445312
  2.99982	-0.492188
  2.99991	-0.46875
  3	-0.382812
  3.00009	-0.3125
  3.00018	-0.195312
  3.00027	-0.046875
  3.00036	0.0625
  3.00045	0.164062
  3.00054	0.226562
  3.00063	0.234375
  3.00073	0.226562
  3.00082	0.210938
  3.00091	0.132812
  3.001	0.078125
  3.00109	0.0625
  3.00118	0.0078125
  3.00127	-0.0234375
  3.00136	-0.03125
  3.00145	-0.046875
  3.00154	-0.0703125
  3.00163	-0.0859375
  3.00172	-0.101562
  3.00181	-0.0859375
  3.0019	-0.0703125
  3.002	-0.101562
  3.00209	-0.109375
  3.00218	-0.0703125
  3.00227	-0.046875
  3.00236	-0.015625
  3.00245	0.0546875
  3.00254	0.140625
  3.00263	0.210938
  3.00272	0.257812
  3.00281	0.304688
  3.0029	0.320312
  3.00299	0.328125
  3.00308	0.304688
  3.00317	0.242188
  3.00327	0.179688
  3.00336	0.0703125
  3.00345	-0.0390625
  3.00354	-0.125
  3.00363	-0.1875
  3.00372	-0.210938
  3.00381	-0.195312
  3.0039	-0.148438
  3.00399	-0.101562
  3.00408	-0.0234375
  3.00417	0.0546875
  3.00426	0.132812
  3.00435	0.1875
  3.00444	0.210938
  3.00454	0.21875
  3.00463	0.203125
  3.00472	0.125
  3.00481	0.0703125
  3.0049	0
  3.00499	-0.117188
  3.00508	-0.171875
  3.00517	-0.195312
  3.00526	-0.257812
  3.00535	-0.296875
  3.00544	-0.289062
  3.00553	-0.242188
  3.00562	-0.109375
  3.00571	0.015625
  3.00581	0.109375
  3.0059	0.242188
  3.00599	0.351562
  3.00608	0.398438
  3.00617	0.453125
  3.00626	0.46875
  3.00635	0.414062
  3.00644	0.367188
  3.00653	0.234375
  3.00662	0.046875
  3.00671	-0.0625
  3.0068	-0.195312
  3.00689	-0.328125
  3.00698	-0.390625
  3.00707	-0.453125
  3.00717	-0.46875
  3.00726	-0.390625
  3.00735	-0.3125
  3.00744	-0.226562
  3.00753	-0.109375
  3.00762	0.0078125
  3.00771	0.0703125
  3.0078	0.15625
  3.00789	0.203125
  3.00798	0.226562
  3.00807	0.257812
  3.00816	0.226562
  3.00825	0.164062
  3.00834	0.15625
  3.00844	0.140625
  3.00853	0.0859375
  3.00862	0.0625
  3.00871	0.03125
  3.0088	0.0234375
  3.00889	0.0078125
  3.00898	-0.0234375
  3.00907	-0.0390625
  3.00916	-0.015625
  3.00925	-0.015625
  3.00934	-0.046875
  3.00943	-0.0546875
  3.00952	-0.046875
  3.00961	-0.0234375
  3.00971	0.015625
  3.0098	0.0859375
  3.00989	0.148438
  3.00998	0.210938
  3.01007	0.265625
  3.01016	0.296875
  3.01025	0.328125
  3.01034	0.328125
  3.01043	0.304688
  3.01052	0.234375
  3.01061	0.132812
  3.0107	0.0234375
  3.01079	-0.0625
  3.01088	-0.125
  3.01098	-0.179688
  3.01107	-0.210938
  3.01116	-0.203125
  3.01125	-0.171875
  3.01134	-0.125
  3.01143	-0.0625
  3.01152	0.0078125
  3.01161	0.0859375
  3.0117	0.164062
  3.01179	0.21875
  3.01188	0.21875
  3.01197	0.1875
  3.01206	0.125
  3.01215	0.078125
  3.01224	0.0703125
  3.01234	-0.0234375
  3.01243	-0.132812
  3.01252	-0.195312
  3.01261	-0.234375
  3.0127	-0.28125
  3.01279	-0.289062
  3.01288	-0.28125
  3.01297	-0.210938
  3.01306	-0.0859375
  3.01315	0.0078125
  3.01324	0.09375
  3.01333	0.25
  3.01342	0.351562
  3.01351	0.390625
  3.01361	0.453125
  3.0137	0.445312
  3.01379	0.390625
  3.01388	0.328125
  3.01397	0.1875
  3.01406	0.046875
  3.01415	-0.0546875
  3.01424	-0.203125
  3.01433	-0.335938
  3.01442	-0.390625
  3.01451	-0.453125
  3.0146	-0.453125
  3.01469	-0.375
  3.01478	-0.3125
  3.01488	-0.242188
  3.01497	-0.117188
  3.01506	-0.015625
  3.01515	0.078125
  3.01524	0.164062
  3.01533	0.195312
  3.01542	0.21875
  3.01551	0.234375
  3.0156	0.1875
  3.01569	0.132812
  3.01578	0.117188
  3.01587	0.078125
  3.01596	0.03125
  3.01605	0.0078125
  3.01615	-0.0078125
  3.01624	-0.0234375
  3.01633	-0.0390625
  3.01642	-0.0703125
  3.01651	-0.0859375
  3.0166	-0.0859375
  3.01669	-0.09375
  3.01678	-0.101562
  3.01687	-0.0703125
  3.01696	-0.046875
  3.01705	-0.03125
  3.01714	0.0078125
  3.01723	0.046875
  3.01732	0.101562
  3.01742	0.179688
  3.01751	0.242188
  3.0176	0.28125
  3.01769	0.3125
  3.01778	0.289062
  3.01787	0.242188
  3.01796	0.179688
  3.01805	0.09375
  3.01814	0.0078125
  3.01823	-0.0625
  3.01832	-0.125
  3.01841	-0.195312
  3.0185	-0.234375
  3.01859	-0.226562
  3.01868	-0.195312
  3.01878	-0.132812
  3.01887	-0.0546875
  3.01896	0.03125
  3.01905	0.101562
  3.01914	0.140625
  3.01923	0.15625
  3.01932	0.164062
  3.01941	0.15625
  3.0195	0.117188
  3.01959	0.0625
  3.01968	0.03125
  3.01977	-0.0234375
  3.01986	-0.125
  3.01995	-0.179688
  3.02005	-0.1875
  3.02014	-0.203125
  3.02023	-0.21875
  3.02032	-0.210938
  3.02041	-0.171875
  3.0205	-0.0703125
  3.02059	0.0078125
  3.02068	0.046875
  3.02077	0.15625
  3.02086	0.296875
  3.02095	0.382812
  3.02104	0.445312
  3.02113	0.484375
  3.02122	0.445312
  3.02132	0.40625
  3.02141	0.328125
  3.0215	0.148438
  3.02159	0.015625
  3.02168	-0.09375
  3.02177	-0.242188
  3.02186	-0.335938
  3.02195	-0.398438
  3.02204	-0.460938
  3.02213	-0.421875
  3.02222	-0.351562
  3.02231	-0.304688
  3.0224	-0.179688
  3.02249	-0.03125
  3.02258	0.0859375
  3.02268	0.1875
  3.02277	0.234375
  3.02286	0.257812
  3.02295	0.304688
  3.02304	0.3125
  3.02313	0.25
  3.02322	0.226562
  3.02331	0.203125
  3.0234	0.140625
  3.02349	0.078125
  3.02358	0.0390625
  3.02367	0.015625
  3.02376	0.0078125
  3.02385	0
  3.02395	-0.0234375
  3.02404	-0.015625
  3.02413	-0.0078125
  3.02422	-0.03125
  3.02431	-0.0390625
  3.0244	-0.03125
  3.02449	-0.0234375
  3.02458	0.0078125
  3.02467	0.0625
  3.02476	0.109375
  3.02485	0.179688
  3.02494	0.242188
  3.02503	0.289062
  3.02512	0.3125
  3.02522	0.328125
  3.02531	0.320312
  3.0254	0.25
  3.02549	0.148438
  3.02558	0.0234375
  3.02567	-0.0859375
  3.02576	-0.164062
  3.02585	-0.226562
  3.02594	-0.265625
  3.02603	-0.273438
  3.02612	-0.242188
  3.02621	-0.1875
  3.0263	-0.117188
  3.02639	-0.046875
  3.02649	0.0390625
  3.02658	0.117188
  3.02667	0.15625
  3.02676	0.164062
  3.02685	0.171875
  3.02694	0.125
  3.02703	0.046875
  3.02712	-0.0234375
  3.02721	-0.0703125
  3.0273	-0.109375
  3.02739	-0.164062
  3.02748	-0.210938
  3.02757	-0.234375
  3.02766	-0.226562
  3.02776	-0.234375
  3.02785	-0.226562
  3.02794	-0.210938
  3.02803	-0.140625
  3.02812	-0.0234375
  3.02821	0.03125
  3.0283	0.101562
  3.02839	0.234375
  3.02848	0.34375
  3.02857	0.398438
  3.02866	0.445312
  3.02875	0.429688
  3.02884	0.382812
  3.02893	0.335938
  3.02902	0.203125
  3.02912	0.0390625
  3.02921	-0.078125
  3.0293	-0.203125
  3.02939	-0.335938
  3.02948	-0.414062
  3.02957	-0.484375
  3.02966	-0.5
  3.02975	-0.429688
  3.02984	-0.351562
  3.02993	-0.265625
  3.03002	-0.140625
  3.03011	-0.0078125
  3.0302	0.109375
  3.03029	0.179688
  3.03039	0.210938
  3.03048	0.234375
  3.03057	0.257812
  3.03066	0.234375
  3.03075	0.1875
  3.03084	0.164062
  3.03093	0.132812
  3.03102	0.0859375
  3.03111	0.0390625
  3.0312	0.015625
  3.03129	0
  3.03138	-0.015625
  3.03147	-0.0390625
  3.03156	-0.0703125
  3.03166	-0.078125
  3.03175	-0.078125
  3.03184	-0.09375
  3.03193	-0.09375
  3.03202	-0.0703125
  3.03211	-0.0390625
  3.0322	0
  3.03229	0.0625
  3.03238	0.132812
  3.03247	0.210938
  3.03256	0.273438
  3.03265	0.335938
  3.03274	0.367188
  3.03283	0.375
  3.03293	0.351562
  3.03302	0.28125
  3.03311	0.171875
  3.0332	0.0390625
  3.03329	-0.09375
  3.03338	-0.195312
  3.03347	-0.257812
  3.03356	-0.289062
  3.03365	-0.265625
  3.03374	-0.21875
  3.03383	-0.15625
  3.03392	-0.0703125
  3.03401	0.0234375
  3.0341	0.101562
  3.03419	0.171875
  3.03429	0.210938
  3.03438	0.203125
  3.03447	0.195312
  3.03456	0.148438
  3.03465	0.0703125
  3.03474	0.0078125
  3.03483	-0.0546875
  3.03492	-0.101562
  3.03501	-0.0859375
  3.0351	-0.101562
  3.03519	-0.164062
  3.03528	-0.171875
  3.03537	-0.148438
  3.03546	-0.15625
  3.03556	-0.148438
  3.03565	-0.148438
  3.03574	-0.132812
  3.03583	-0.0234375
  3.03592	0.0625
  3.03601	0.09375
  3.0361	0.226562
  3.03619	0.375
  3.03628	0.445312
  3.03637	0.515625
  3.03646	0.53125
  3.03655	0.476562
  3.03664	0.414062
  3.03673	0.273438
  3.03683	0.0546875
  3.03692	-0.101562
  3.03701	-0.234375
  3.0371	-0.375
  3.03719	-0.46875
  3.03728	-0.53125
  3.03737	-0.539062
  3.03746	-0.445312
  3.03755	-0.320312
  3.03764	-0.203125
  3.03773	-0.0546875
  3.03782	0.0859375
  3.03791	0.203125
  3.038	0.273438
  3.0381	0.289062
  3.03819	0.304688
  3.03828	0.304688
  3.03837	0.265625
  3.03846	0.1875
  3.03855	0.109375
  3.03864	0.09375
  3.03873	0.078125
  3.03882	0.0234375
  3.03891	-0.0234375
  3.039	-0.0234375
  3.03909	-0.0390625
  3.03918	-0.0703125
  3.03927	-0.117188
  3.03937	-0.148438
  3.03946	-0.140625
  3.03955	-0.140625
  3.03964	-0.164062
  3.03973	-0.15625
  3.03982	-0.109375
  3.03991	-0.03125
  3.04	0.046875
  3.04009	0.140625
  3.04018	0.242188
  3.04027	0.320312
  3.04036	0.375
  3.04045	0.382812
  3.04054	0.359375
  3.04063	0.304688
  3.04073	0.21875
  3.04082	0.0859375
  3.04091	-0.0390625
  3.041	-0.15625
  3.04109	-0.257812
  3.04118	-0.320312
  3.04127	-0.359375
  3.04136	-0.367188
  3.04145	-0.296875
  3.04154	-0.195312
  3.04163	-0.101562
  3.04172	-0.0078125
  3.04181	0.109375
  3.0419	0.195312
  3.042	0.226562
  3.04209	0.21875
  3.04218	0.1875
  3.04227	0.140625
  3.04236	0.101562
  3.04245	0.03125
  3.04254	-0.046875
  3.04263	-0.09375
  3.04272	-0.117188
  3.04281	-0.132812
  3.0429	-0.101562
  3.04299	-0.09375
  3.04308	-0.15625
  3.04317	-0.179688
  3.04327	-0.15625
  3.04336	-0.1875
  3.04345	-0.210938
  3.04354	-0.210938
  3.04363	-0.171875
  3.04372	-0.0390625
  3.04381	0.0859375
  3.0439	0.171875
  3.04399	0.320312
  3.04408	0.484375
  3.04417	0.570312
  3.04426	0.59375
  3.04435	0.585938
  3.04444	0.507812
  3.04454	0.375
  3.04463	0.179688
  3.04472	-0.0546875
  3.04481	-0.234375
  3.0449	-0.375
  3.04499	-0.515625
  3.04508	-0.585938
  3.04517	-0.570312
  3.04526	-0.476562
  3.04535	-0.335938
  3.04544	-0.1875
  3.04553	-0.046875
  3.04562	0.0703125
  3.04571	0.171875
  3.04581	0.257812
  3.0459	0.289062
  3.04599	0.289062
  3.04608	0.273438
  3.04617	0.242188
  3.04626	0.203125
  3.04635	0.164062
  3.04644	0.132812
  3.04653	0.117188
  3.04662	0.125
  3.04671	0.101562
  3.0468	0.03125
  3.04689	-0.0234375
  3.04698	-0.0703125
  3.04707	-0.140625
  3.04717	-0.210938
  3.04726	-0.265625
  3.04735	-0.265625
  3.04744	-0.210938
  3.04753	-0.140625
  3.04762	-0.0703125
  3.04771	0.0703125
  3.0478	0.226562
  3.04789	0.320312
  3.04798	0.390625
  3.04807	0.453125
  3.04816	0.476562
  3.04825	0.460938
  3.04834	0.40625
  3.04844	0.296875
  3.04853	0.171875
  3.04862	0.078125
  3.04871	-0.03125
  3.0488	-0.132812
  3.04889	-0.195312
  3.04898	-0.257812
  3.04907	-0.265625
  3.04916	-0.242188
  3.04925	-0.203125
  3.04934	-0.164062
  3.04943	-0.0859375
  3.04952	0.0078125
  3.04961	0.0625
  3.04971	0.132812
  3.0498	0.195312
  3.04989	0.210938
  3.04998	0.1875
  3.05007	0.15625
  3.05016	0.125
  3.05025	0.0859375
  3.05034	0.0390625
  3.05043	-0.03125
  3.05052	-0.0859375
  3.05061	-0.132812
  3.0507	-0.171875
  3.05079	-0.195312
  3.05088	-0.195312
  3.05098	-0.15625
  3.05107	-0.117188
  3.05116	-0.140625
  3.05125	-0.1875
  3.05134	-0.195312
  3.05143	-0.1875
  3.05152	-0.179688
  3.05161	-0.15625
  3.0517	-0.117188
  3.05179	-0.0078125
  3.05188	0.15625
  3.05197	0.257812
  3.05206	0.34375
  3.05215	0.46875
  3.05224	0.546875
  3.05234	0.570312
  3.05243	0.515625
  3.05252	0.359375
  3.05261	0.1875
  3.0527	0.0234375
  3.05279	-0.1875
  3.05288	-0.367188
  3.05297	-0.476562
  3.05306	-0.53125
  3.05315	-0.523438
  3.05324	-0.476562
  3.05333	-0.398438
  3.05342	-0.265625
  3.05351	-0.132812
  3.05361	0.0078125
  3.0537	0.117188
  3.05379	0.179688
  3.05388	0.234375
  3.05397	0.28125
  3.05406	0.265625
  3.05415	0.242188
  3.05424	0.234375
  3.05433	0.226562
  3.05442	0.210938
  3.05451	0.164062
  3.0546	0.101562
  3.05469	0.0625
  3.05478	0.015625
  3.05488	-0.0703125
  3.05497	-0.179688
  3.05506	-0.25
  3.05515	-0.28125
  3.05524	-0.296875
  3.05533	-0.28125
  3.05542	-0.234375
  3.05551	-0.140625
  3.0556	-0.0078125
  3.05569	0.125
  3.05578	0.234375
  3.05587	0.335938
  3.05596	0.40625
  3.05605	0.421875
  3.05615	0.390625
  3.05624	0.335938
  3.05633	0.257812
  3.05642	0.179688
  3.05651	0.109375
  3.0566	0.015625
  3.05669	-0.0390625
  3.05678	-0.0625
  3.05687	-0.09375
  3.05696	-0.125
  3.05705	-0.164062
  3.05714	-0.195312
  3.05723	-0.195312
  3.05732	-0.164062
  3.05742	-0.125
  3.05751	-0.0703125
  3.0576	0.0078125
  3.05769	0.09375
  3.05778	0.164062
  3.05787	0.210938
  3.05796	0.242188
  3.05805	0.242188
  3.05814	0.195312
  3.05823	0.125
  3.05832	0.0625
  3.05841	0
  3.0585	-0.0703125
  3.05859	-0.125
  3.05868	-0.164062
  3.05878	-0.171875
  3.05887	-0.164062
  3.05896	-0.15625
  3.05905	-0.132812
  3.05914	-0.109375
  3.05923	-0.0703125
  3.05932	-0.0078125
  3.05941	0.0078125
  3.0595	-0.0546875
  3.05959	-0.109375
  3.05968	-0.109375
  3.05977	-0.109375
  3.05986	-0.101562
  3.05995	-0.0703125
  3.06005	0.0078125
  3.06014	0.148438
  3.06023	0.296875
  3.06032	0.359375
  3.06041	0.40625
  3.0605	0.484375
  3.06059	0.484375
  3.06068	0.390625
  3.06077	0.242188
  3.06086	0.0625
  3.06095	-0.0859375
  3.06104	-0.226562
  3.06113	-0.359375
  3.06122	-0.445312
  3.06132	-0.460938
  3.06141	-0.414062
  3.0615	-0.34375
  3.06159	-0.265625
  3.06168	-0.179688
  3.06177	-0.0703125
  3.06186	0.0234375
  3.06195	0.09375
  3.06204	0.140625
  3.06213	0.164062
  3.06222	0.210938
  3.06231	0.25
  3.0624	0.257812
  3.06249	0.242188
  3.06258	0.234375
  3.06268	0.21875
  3.06277	0.1875
  3.06286	0.109375
  3.06295	-0.0078125
  3.06304	-0.125
  3.06313	-0.1875
  3.06322	-0.242188
  3.06331	-0.304688
  3.0634	-0.3125
  3.06349	-0.25
  3.06358	-0.164062
  3.06367	-0.0703125
  3.06376	0.046875
  3.06385	0.164062
  3.06395	0.273438
  3.06404	0.34375
  3.06413	0.359375
  3.06422	0.351562
  3.06431	0.351562
  3.0644	0.3125
  3.06449	0.25
  3.06458	0.1875
  3.06467	0.109375
  3.06476	0.0546875
  3.06485	0.015625
  3.06494	-0.0234375
  3.06503	-0.0625
  3.06512	-0.09375
  3.06522	-0.101562
  3.06531	-0.117188
  3.0654	-0.132812
  3.06549	-0.132812
  3.06558	-0.0859375
  3.06567	-0.03125
  3.06576	0.015625
  3.06585	0.078125
  3.06594	0.125
  3.06603	0.171875
  3.06612	0.203125
  3.06621	0.210938
  3.0663	0.1875
  3.06639	0.140625
  3.06649	0.078125
  3.06658	0.015625
  3.06667	-0.0546875
  3.06676	-0.109375
  3.06685	-0.132812
  3.06694	-0.15625
  3.06703	-0.15625
  3.06712	-0.164062
  3.06721	-0.140625
  3.0673	-0.109375
  3.06739	-0.078125
  3.06748	-0.0625
  3.06757	-0.046875
  3.06766	-0.0390625
  3.06776	-0.015625
  3.06785	0.0234375
  3.06794	0.015625
  3.06803	-0.0390625
  3.06812	-0.0546875
  3.06821	-0.03125
  3.0683	-0.0390625
  3.06839	-0.0234375
  3.06848	0.0078125
  3.06857	0.0546875
  3.06866	0.171875
  3.06875	0.28125
  3.06884	0.296875
  3.06893	0.3125
  3.06902	0.328125
  3.06912	0.296875
  3.06921	0.226562
  3.0693	0.101562
  3.06939	-0.0390625
  3.06948	-0.125
  3.06957	-0.203125
  3.06966	-0.273438
  3.06975	-0.3125
  3.06984	-0.328125
  3.06993	-0.296875
  3.07002	-0.210938
  3.07011	-0.164062
  3.0702	-0.109375
  3.07029	-0.03125
  3.07039	0.015625
  3.07048	0.0859375
  3.07057	0.140625
  3.07066	0.132812
  3.07075	0.148438
  3.07084	0.1875
  3.07093	0.210938
  3.07102	0.203125
  3.07111	0.15625
  3.0712	0.101562
  3.07129	0.0703125
  3.07138	0
  3.07147	-0.101562
  3.07156	-0.171875
  3.07166	-0.21875
  3.07175	-0.21875
  3.07184	-0.203125
  3.07193	-0.195312
  3.07202	-0.140625
  3.07211	-0.03125
  3.0722	0.046875
  3.07229	0.140625
  3.07238	0.21875
  3.07247	0.257812
  3.07256	0.3125
  3.07265	0.328125
  3.07274	0.28125
  3.07283	0.242188
  3.07293	0.195312
  3.07302	0.125
  3.07311	0.078125
  3.0732	0.03125
  3.07329	-0.0234375
  3.07338	-0.0546875
  3.07347	-0.0703125
  3.07356	-0.101562
  3.07365	-0.101562
  3.07374	-0.09375
  3.07383	-0.0703125
  3.07392	-0.03125
  3.07401	-0.03125
  3.0741	0.0078125
  3.0742	0.0390625
  3.07429	0.0703125
  3.07438	0.101562
  3.07447	0.109375
  3.07456	0.109375
  3.07465	0.101562
  3.07474	0.0859375
  3.07483	0.0703125
  3.07492	0.046875
  3.07501	0.015625
  3.0751	-0.015625
  3.07519	-0.046875
  3.07528	-0.078125
  3.07537	-0.109375
  3.07546	-0.132812
  3.07556	-0.148438
  3.07565	-0.140625
  3.07574	-0.125
  3.07583	-0.109375
  3.07592	-0.078125
  3.07601	-0.0546875
  3.0761	-0.0390625
  3.07619	-0.015625
  3.07628	0
  3.07637	0
  3.07646	0
  3.07655	0.0234375
  3.07664	0.0625
  3.07673	0.046875
  3.07683	-0.0234375
  3.07692	-0.0625
  3.07701	-0.0546875
  3.0771	-0.0625
  3.07719	-0.0703125
  3.07728	-0.0390625
  3.07737	0.0234375
  3.07746	0.125
  3.07755	0.257812
  3.07764	0.3125
  3.07773	0.3125
  3.07782	0.320312
  3.07791	0.296875
  3.078	0.234375
  3.0781	0.109375
  3.07819	-0.03125
  3.07828	-0.109375
  3.07837	-0.164062
  3.07846	-0.195312
  3.07855	-0.210938
  3.07864	-0.210938
  3.07873	-0.164062
  3.07882	-0.0859375
  3.07891	-0.0546875
  3.079	-0.046875
  3.07909	-0.0234375
  3.07918	0
  3.07927	0.0625
  3.07937	0.125
  3.07946	0.15625
  3.07955	0.179688
  3.07964	0.203125
  3.07973	0.226562
  3.07982	0.234375
  3.07991	0.195312
  3.08	0.101562
  3.08009	0.0234375
  3.08018	-0.03125
  3.08027	-0.101562
  3.08036	-0.164062
  3.08045	-0.203125
  3.08054	-0.210938
  3.08063	-0.15625
  3.08073	-0.09375
  3.08082	-0.03125
  3.08091	0.0234375
  3.081	0.078125
  3.08109	0.125
  3.08118	0.15625
  3.08127	0.15625
  3.08136	0.148438
  3.08145	0.179688
  3.08154	0.1875
  3.08163	0.179688
  3.08172	0.171875
  3.08181	0.140625
  3.0819	0.0859375
  3.082	0.0546875
  3.08209	0.0078125
  3.08218	-0.0546875
  3.08227	-0.09375
  3.08236	-0.125
  3.08245	-0.117188
  3.08254	-0.0859375
  3.08263	-0.0625
  3.08272	0
  3.08281	0.046875
  3.0829	0.0625
  3.08299	0.0703125
  3.08308	0.0703125
  3.08317	0.0703125
  3.08327	0.0703125
  3.08336	0.0859375
  3.08345	0.0703125
  3.08354	0.0546875
  3.08363	0.0546875
  3.08372	0.046875
  3.08381	0.03125
  3.0839	0
  3.08399	-0.0546875
  3.08408	-0.09375
  3.08417	-0.125
  3.08426	-0.15625
  3.08435	-0.15625
  3.08444	-0.140625
  3.08454	-0.117188
  3.08463	-0.078125
  3.08472	-0.046875
  3.08481	-0.03125
  3.0849	0
  3.08499	0
  3.08508	-0.0078125
  3.08517	0.0078125
  3.08526	0.015625
  3.08535	0.015625
  3.08544	0.03125
  3.08553	0.0546875
  3.08562	0.109375
  3.08571	0.15625
  3.08581	0.117188
  3.0859	0.0234375
  3.08599	-0.03125
  3.08608	-0.0546875
  3.08617	-0.078125
  3.08626	-0.0546875
  3.08635	0
  3.08644	0.0625
  3.08653	0.171875
  3.08662	0.28125
  3.08671	0.335938
  3.0868	0.328125
  3.08689	0.273438
  3.08698	0.210938
  3.08707	0.140625
  3.08717	0.03125
  3.08726	-0.0859375
  3.08735	-0.164062
  3.08744	-0.210938
  3.08753	-0.210938
  3.08762	-0.179688
  3.08771	-0.179688
  3.0878	-0.179688
  3.08789	-0.148438
  3.08798	-0.117188
  3.08807	-0.101562
  3.08816	-0.109375
  3.08825	-0.101562
  3.08834	-0.0234375
  3.08844	0.0703125
  3.08853	0.140625
  3.08862	0.203125
  3.08871	0.21875
  3.0888	0.179688
  3.08889	0.164062
  3.08898	0.117188
  3.08907	0.0078125
  3.08916	-0.09375
  3.08925	-0.132812
  3.08934	-0.15625
  3.08943	-0.148438
  3.08952	-0.125
  3.08961	-0.109375
  3.08971	-0.0546875
  3.0898	-0.0078125
  3.08989	0.03125
  3.08998	0.0703125
  3.09007	0.0703125
  3.09016	0.0625
  3.09025	0.109375
  3.09034	0.15625
  3.09043	0.195312
  3.09052	0.226562
  3.09061	0.21875
  3.0907	0.195312
  3.09079	0.1875
  3.09088	0.132812
  3.09098	0.0390625
  3.09107	-0.046875
  3.09116	-0.109375
  3.09125	-0.132812
  3.09134	-0.125
  3.09143	-0.117188
  3.09152	-0.0703125
  3.09161	-0.015625
  3.0917	0.0234375
  3.09179	0.0625
  3.09188	0.0703125
  3.09197	0.046875
  3.09206	0.03125
  3.09215	0.0390625
  3.09224	0.0546875
  3.09234	0.0703125
  3.09243	0.0703125
  3.09252	0.078125
  3.09261	0.09375
  3.0927	0.078125
  3.09279	0.03125
  3.09288	-0.0234375
  3.09297	-0.0703125
  3.09306	-0.101562
  3.09315	-0.109375
  3.09324	-0.101562
  3.09333	-0.101562
  3.09342	-0.078125
  3.09351	-0.046875
  3.09361	-0.03125
  3.0937	-0.0234375
  3.09379	-0.015625
  3.09388	-0.0078125
  3.09397	-0.0234375
  3.09406	-0.0234375
  3.09415	-0.03125
  3.09424	-0.03125
  3.09433	-0.0234375
  3.09442	-0.015625
  3.09451	0.0078125
  3.0946	0.046875
  3.09469	0.0625
  3.09478	0.078125
  3.09488	0.078125
  3.09497	0.09375
  3.09506	0.0703125
  3.09515	0
  3.09524	-0.078125
  3.09533	-0.0859375
  3.09542	-0.0859375
  3.09551	-0.0390625
  3.0956	0.015625
  3.09569	0.0625
  3.09578	0.171875
  3.09587	0.242188
  3.09596	0.34375
  3.09605	0.34375
  3.09615	0.273438
  3.09624	0.21875
  3.09633	0.164062
  3.09642	0.125
  3.09651	0.046875
  3.0966	-0.0078125
  3.09669	-0.0546875
  3.09678	-0.09375
  3.09687	-0.101562
  3.09696	-0.09375
  3.09705	-0.148438
  3.09714	-0.1875
  3.09723	-0.195312
  3.09732	-0.171875
  3.09741	-0.101562
  3.09751	-0.0234375
  3.0976	0.0390625
  3.09769	0.125
  3.09778	0.203125
  3.09787	0.242188
  3.09796	0.242188
  3.09805	0.195312
  3.09814	0.117188
  3.09823	0.0625
  3.09832	0.0234375
  3.09841	-0.015625
  3.0985	-0.046875
  3.09859	-0.078125
  3.09868	-0.0859375
  3.09878	-0.078125
  3.09887	-0.0859375
  3.09896	-0.09375
  3.09905	-0.109375
  3.09914	-0.125
  3.09923	-0.117188
  3.09932	-0.0546875
  3.09941	0.0234375
  3.0995	0.09375
  3.09959	0.164062
  3.09968	0.226562
  3.09977	0.257812
  3.09986	0.25
  3.09995	0.1875
  3.10005	0.109375
  3.10014	0.03125
  3.10023	-0.03125
  3.10032	-0.0703125
  3.10041	-0.0859375
  3.1005	-0.101562
  3.10059	-0.101562
  3.10068	-0.0703125
  3.10077	-0.0625
  3.10086	-0.0625
  3.10095	-0.0625
  3.10104	-0.0703125
  3.10113	-0.0625
  3.10122	-0.0234375
  3.10132	0.0078125
  3.10141	0.0234375
  3.1015	0.046875
  3.10159	0.0703125
  3.10168	0.101562
  3.10177	0.109375
  3.10186	0.0703125
  3.10195	0.015625
  3.10204	-0.015625
  3.10213	-0.0390625
  3.10222	-0.0390625
  3.10231	-0.0234375
  3.1024	-0.03125
  3.10249	-0.046875
  3.10258	-0.0390625
  3.10268	-0.0390625
  3.10277	-0.0703125
  3.10286	-0.09375
  3.10295	-0.109375
  3.10304	-0.109375
  3.10313	-0.078125
  3.10322	-0.0390625
  3.10331	-0.0078125
  3.1034	0.0234375
  3.10349	0.0546875
  3.10358	0.0625
  3.10367	0.0703125
  3.10376	0.078125
  3.10385	0.078125
  3.10395	0.078125
  3.10404	0.0703125
  3.10413	0.0625
  3.10422	0.078125
  3.10431	0.117188
  3.1044	0.140625
  3.10449	0.101562
  3.10458	0
  3.10467	-0.078125
  3.10476	-0.109375
  3.10485	-0.09375
  3.10494	-0.046875
  3.10503	0.0390625
  3.10512	0.125
  3.10522	0.195312
  3.10531	0.257812
  3.1054	0.328125
  3.10549	0.34375
  3.10558	0.265625
  3.10567	0.164062
  3.10576	0.0859375
  3.10585	0.0390625
  3.10594	-0.03125
  3.10603	-0.0625
  3.10612	-0.0546875
  3.10621	-0.148438
  3.1063	-0.15625
  3.10639	-0.179688
  3.10649	-0.21875
  3.10658	-0.25
  3.10667	-0.273438
  3.10676	-0.21875
  3.10685	-0.132812
  3.10694	-0.015625
  3.10703	0.0859375
  3.10712	0.171875
  3.10721	0.226562
  3.1073	0.234375
  3.10739	0.21875
  3.10748	0.1875
  3.10757	0.125
  3.10766	0.0625
  3.10776	0.0390625
  3.10785	0.015625
  3.10794	0.015625
  3.10803	0.015625
  3.10812	-0.015625
  3.10821	-0.0703125
  3.1083	-0.09375
  3.10839	-0.101562
  3.10848	-0.109375
  3.10857	-0.117188
  3.10866	-0.101562
  3.10875	-0.03125
  3.10884	0.0546875
  3.10893	0.148438
  3.10902	0.226562
  3.10912	0.25
  3.10921	0.25
  3.1093	0.203125
  3.10939	0.148438
  3.10948	0.109375
  3.10957	0.0703125
  3.10966	0.03125
  3.10975	0.015625
  3.10984	0.0234375
  3.10993	0
  3.11002	-0.0390625
  3.11011	-0.046875
  3.1102	-0.0703125
  3.11029	-0.101562
  3.11039	-0.09375
  3.11048	-0.0859375
  3.11057	-0.0625
  3.11066	-0.015625
  3.11075	0.03125
  3.11084	0.0703125
  3.11093	0.0703125
  3.11102	0.078125
  3.11111	0.0625
  3.1112	0.0234375
  3.11129	0.0078125
  3.11138	-0.015625
  3.11147	-0.0234375
  3.11156	-0.03125
  3.11166	-0.0390625
  3.11175	-0.046875
  3.11184	-0.0703125
  3.11193	-0.09375
  3.11202	-0.125
  3.11211	-0.148438
  3.1122	-0.15625
  3.11229	-0.140625
  3.11238	-0.117188
  3.11247	-0.078125
  3.11256	-0.03125
  3.11265	0.0078125
  3.11274	0.0234375
  3.11283	0.0546875
  3.11293	0.0703125
  3.11302	0.0546875
  3.11311	0.03125
  3.1132	0.0234375
  3.11329	0.015625
  3.11338	0.046875
  3.11347	0.09375
  3.11356	0.117188
  3.11365	0.109375
  3.11374	0.101562
  3.11383	0.09375
  3.11392	0.101562
  3.11401	0.101562
  3.1141	0.046875
  3.1142	-0.0390625
  3.11429	-0.078125
  3.11438	-0.078125
  3.11447	-0.03125
  3.11456	0.0546875
  3.11465	0.132812
  3.11474	0.1875
  3.11483	0.226562
  3.11492	0.25
  3.11501	0.265625
  3.1151	0.25
  3.11519	0.195312
  3.11528	0.125
  3.11537	0.0703125
  3.11546	0.03125
  3.11556	0.0234375
  3.11565	0
  3.11574	-0.0625
  3.11583	-0.164062
  3.11592	-0.234375
  3.11601	-0.273438
  3.1161	-0.289062
  3.11619	-0.289062
  3.11628	-0.257812
  3.11637	-0.195312
  3.11646	-0.101562
  3.11655	0.0078125
  3.11664	0.0859375
  3.11673	0.140625
  3.11683	0.15625
  3.11692	0.140625
  3.11701	0.125
  3.1171	0.132812
  3.11719	0.117188
  3.11728	0.117188
  3.11737	0.101562
  3.11746	0.078125
  3.11755	0.046875
  3.11764	0.015625
  3.11773	-0.03125
  3.11782	-0.0859375
  3.11791	-0.132812
  3.118	-0.148438
  3.1181	-0.117188
  3.11819	-0.0703125
  3.11828	-0.0078125
  3.11837	0.0625
  3.11846	0.109375
  3.11855	0.140625
  3.11864	0.179688
  3.11873	0.203125
  3.11882	0.171875
  3.11891	0.140625
  3.119	0.140625
  3.11909	0.140625
  3.11918	0.15625
  3.11927	0.148438
  3.11937	0.117188
  3.11946	0.0546875
  3.11955	0.0078125
  3.11964	-0.0390625
  3.11973	-0.0703125
  3.11982	-0.09375
  3.11991	-0.09375
  3.12	-0.0703125
  3.12009	-0.0625
  3.12018	-0.046875
  3.12027	-0.0390625
  3.12036	-0.03125
  3.12045	-0.046875
  3.12054	-0.0390625
  3.12063	-0.015625
  3.12073	0.0234375
  3.12082	0.046875
  3.12091	0.0625
  3.121	0.0625
  3.12109	0.046875
  3.12118	0.015625
  3.12127	-0.015625
  3.12136	-0.0546875
  3.12145	-0.09375
  3.12154	-0.101562
  3.12163	-0.09375
  3.12172	-0.0859375
  3.12181	-0.0859375
  3.1219	-0.09375
  3.122	-0.0859375
  3.12209	-0.078125
  3.12218	-0.078125
  3.12227	-0.0546875
  3.12236	-0.03125
  3.12245	0
  3.12254	0.0390625
  3.12263	0.0625
  3.12272	0.0703125
  3.12281	0.0703125
  3.1229	0.0546875
  3.12299	0.0625
  3.12308	0.0625
  3.12317	0.0625
  3.12327	0.046875
  3.12336	0.0546875
  3.12345	0.0625
  3.12354	0.0625
  3.12363	0.101562
  3.12372	0.109375
  3.12381	0.0703125
  3.1239	0
  3.12399	-0.0625
  3.12408	-0.0703125
  3.12417	-0.0390625
  3.12426	0.0546875
  3.12435	0.148438
  3.12444	0.203125
  3.12454	0.21875
  3.12463	0.234375
  3.12472	0.257812
  3.12481	0.25
  3.1249	0.195312
  3.12499	0.140625
  3.12508	0.101562
  3.12517	0.0625
  3.12526	0.0546875
  3.12535	0.046875
  3.12544	0
  3.12553	-0.078125
  3.12562	-0.164062
  3.12571	-0.226562
  3.12581	-0.25
  3.1259	-0.257812
  3.12599	-0.226562
  3.12608	-0.171875
  3.12617	-0.117188
  3.12626	-0.046875
  3.12635	0.03125
  3.12644	0.078125
  3.12653	0.0859375
  3.12662	0.0703125
  3.12671	0.0625
  3.1268	0.0859375
  3.12689	0.125
  3.12698	0.148438
  3.12707	0.164062
  3.12717	0.148438
  3.12726	0.09375
  3.12735	0.0546875
  3.12744	-0.0078125
  3.12753	-0.0625
  3.12762	-0.109375
  3.12771	-0.125
  3.1278	-0.117188
  3.12789	-0.09375
  3.12798	-0.046875
  3.12807	-0.015625
  3.12816	0.0078125
  3.12825	0.0078125
  3.12834	0.015625
  3.12844	0.015625
  3.12853	0.03125
  3.12862	0.0703125
  3.12871	0.117188
  3.1288	0.140625
  3.12889	0.15625
  3.12898	0.148438
  3.12907	0.132812
  3.12916	0.109375
  3.12925	0.0625
  3.12934	0.03125
  3.12943	-0.0078125
  3.12952	-0.0234375
  3.12961	-0.03125
  3.12971	-0.03125
  3.1298	-0.0390625
  3.12989	-0.046875
  3.12998	-0.0703125
  3.13007	-0.09375
  3.13016	-0.09375
  3.13025	-0.078125
  3.13034	-0.0390625
  3.13043	0.0078125
  3.13052	0.0390625
  3.13061	0.0625
  3.1307	0.0625
  3.13079	0.0546875
  3.13088	0.0390625
  3.13098	0.0078125
  3.13107	-0.0078125
  3.13116	-0.015625
  3.13125	0.015625
  3.13134	0.015625
  3.13143	0.0078125
  3.13152	-0.015625
  3.13161	-0.0546875
  3.1317	-0.0859375
  3.13179	-0.109375
  3.13188	-0.109375
  3.13197	-0.078125
  3.13206	-0.03125
  3.13215	0
  3.13224	0.046875
  3.13234	0.0703125
  3.13243	0.078125
  3.13252	0.078125
  3.13261	0.078125
  3.1327	0.0625
  3.13279	0.046875
  3.13288	0.03125
  3.13297	0.0390625
  3.13306	0.0546875
  3.13315	0.0703125
  3.13324	0.0859375
  3.13333	0.078125
  3.13342	0.0703125
  3.13351	0.0625
  3.13361	0.0546875
  3.1337	0.0234375
  3.13379	-0.03125
  3.13388	-0.0625
  3.13397	-0.078125
  3.13406	-0.0546875
  3.13415	0.0234375
  3.13424	0.0859375
  3.13433	0.148438
  3.13442	0.171875
  3.13451	0.179688
  3.1346	0.179688
  3.13469	0.171875
  3.13478	0.148438
  3.13488	0.125
  3.13497	0.117188
  3.13506	0.109375
  3.13515	0.09375
  3.13524	0.0703125
  3.13533	0.0234375
  3.13542	-0.0625
  3.13551	-0.148438
  3.1356	-0.210938
  3.13569	-0.242188
  3.13578	-0.21875
  3.13587	-0.171875
  3.13596	-0.125
  3.13605	-0.078125
  3.13615	-0.046875
  3.13624	-0.0390625
  3.13633	-0.0078125
  3.13642	0.015625
  3.13651	0.0234375
  3.1366	0.0546875
  3.13669	0.09375
  3.13678	0.109375
  3.13687	0.15625
  3.13696	0.171875
  3.13705	0.15625
  3.13714	0.125
  3.13723	0.0859375
  3.13732	0.0390625
  3.13741	-0.0078125
  3.13751	-0.015625
  3.1376	-0.015625
  3.13769	0
  3.13778	0
  3.13787	-0.0078125
  3.13796	-0.015625
  3.13805	-0.015625
  3.13814	-0.03125
  3.13823	-0.0078125
  3.13832	0.03125
  3.13841	0.0625
  3.1385	0.09375
  3.13859	0.132812
  3.13868	0.132812
  3.13878	0.117188
  3.13887	0.109375
  3.13896	0.109375
  3.13905	0.109375
  3.13914	0.09375
  3.13923	0.09375
  3.13932	0.101562
  3.13941	0.0859375
  3.1395	0.078125
  3.13959	0.046875
  3.13968	0
  3.13977	-0.046875
  3.13986	-0.078125
  3.13995	-0.09375
  3.14005	-0.101562
  3.14014	-0.0859375
  3.14023	-0.0625
  3.14032	-0.03125
  3.14041	-0.0234375
  3.1405	-0.03125
  3.14059	-0.03125
  3.14068	-0.046875
  3.14077	-0.03125
  3.14086	-0.015625
  3.14095	-0.015625
  3.14104	0
  3.14113	0
  3.14122	-0.0078125
  3.14132	-0.0078125
  3.14141	-0.03125
  3.1415	-0.0546875
  3.14159	-0.0625
  3.14168	-0.0703125
  3.14177	-0.078125
  3.14186	-0.0546875
  3.14195	-0.015625
  3.14204	-0.015625
  3.14213	-0.015625
  3.14222	0
  3.14231	-0.0078125
  3.1424	0
  3.14249	0.015625
  3.14258	0.046875
  3.14268	0.078125
  3.14277	0.101562
  3.14286	0.09375
  3.14295	0.0703125
  3.14304	0.0546875
  3.14313	0.0546875
  3.14322	0.0546875
  3.14331	0.0703125
  3.1434	0.09375
  3.14349	0.109375
  3.14358	0.125
  3.14367	0.101562
  3.14376	0.0546875
  3.14385	-0.0078125
  3.14395	-0.0625
  3.14404	-0.0703125
  3.14413	-0.046875
  3.14422	0.0078125
  3.14431	0.078125
  3.1444	0.125
  3.14449	0.132812
  3.14458	0.117188
  3.14467	0.0859375
  3.14476	0.0546875
  3.14485	0.046875
  3.14494	0.0546875
  3.14503	0.0859375
  3.14512	0.101562
  3.14522	0.101562
  3.14531	0.0859375
  3.1454	0.03125
  3.14549	-0.046875
  3.14558	-0.125
  3.14567	-0.164062
  3.14576	-0.1875
  3.14585	-0.164062
  3.14594	-0.117188
  3.14603	-0.09375
  3.14612	-0.0859375
  3.14621	-0.0859375
  3.1463	-0.0859375
  3.14639	-0.0859375
  3.14649	-0.078125
  3.14658	-0.0390625
  3.14667	0.015625
  3.14676	0.078125
  3.14685	0.125
  3.14694	0.148438
  3.14703	0.164062
  3.14712	0.164062
  3.14721	0.132812
  3.1473	0.0859375
  3.14739	0.0703125
  3.14748	0.078125
  3.14757	0.078125
  3.14766	0.0859375
  3.14776	0.078125
  3.14785	0.0390625
  3.14794	0.0078125
  3.14803	-0.0234375
  3.14812	-0.0390625
  3.14821	-0.03125
  3.1483	0.0078125
  3.14839	0.0390625
  3.14848	0.0703125
  3.14857	0.09375
  3.14866	0.101562
  3.14875	0.078125
  3.14884	0.0703125
  3.14893	0.0546875
  3.14902	0.0625
  3.14912	0.0625
  3.14921	0.0859375
  3.1493	0.109375
  3.14939	0.101562
  3.14948	0.0859375
  3.14957	0.046875
  3.14966	0.0078125
  3.14975	-0.03125
  3.14984	-0.078125
  3.14993	-0.101562
  3.15002	-0.109375
  3.15011	-0.117188
  3.1502	-0.0859375
  3.15029	-0.0859375
  3.15039	-0.101562
  3.15048	-0.09375
  3.15057	-0.09375
  3.15066	-0.09375
  3.15075	-0.0859375
  3.15084	-0.0703125
  3.15093	-0.0546875
  3.15102	-0.03125
  3.15111	-0.015625
  3.1512	-0.0078125
  3.15129	-0.015625
  3.15138	-0.0390625
  3.15147	-0.0546875
  3.15156	-0.0546875
  3.15166	-0.046875
  3.15175	-0.0390625
  3.15184	-0.015625
  3.15193	0.0078125
  3.15202	0.015625
  3.15211	0.015625
  3.1522	0.015625
  3.15229	0.0078125
  3.15238	0.03125
  3.15247	0.0390625
  3.15256	0.0625
  3.15265	0.0859375
  3.15274	0.0859375
  3.15283	0.0703125
  3.15293	0.0390625
  3.15302	0.0234375
  3.15311	0.03125
  3.1532	0.0390625
  3.15329	0.0546875
  3.15338	0.09375
  3.15347	0.140625
  3.15356	0.164062
  3.15365	0.171875
  3.15374	0.132812
  3.15383	0.0625
  3.15392	0.0078125
  3.15401	-0.046875
  3.1541	-0.0234375
  3.1542	0.015625
  3.15429	0.0859375
  3.15438	0.140625
  3.15447	0.148438
  3.15456	0.117188
  3.15465	0.078125
  3.15474	0.046875
  3.15483	0.0625
  3.15492	0.078125
  3.15501	0.125
  3.1551	0.164062
  3.15519	0.171875
  3.15528	0.132812
  3.15537	0.0625
  3.15546	-0.0078125
  3.15556	-0.09375
  3.15565	-0.15625
  3.15574	-0.171875
  3.15583	-0.148438
  3.15592	-0.132812
  3.15601	-0.117188
  3.1561	-0.109375
  3.15619	-0.117188
  3.15628	-0.125
  3.15637	-0.125
  3.15646	-0.125
  3.15655	-0.0859375
  3.15664	-0.03125
  3.15673	0.03125
  3.15683	0.09375
  3.15692	0.117188
  3.15701	0.132812
  3.1571	0.109375
  3.15719	0.0625
  3.15728	0.03125
  3.15737	0.0234375
  3.15746	0.046875
  3.15755	0.0859375
  3.15764	0.109375
  3.15773	0.09375
  3.15782	0.0390625
  3.15791	0
  3.158	-0.0390625
  3.1581	-0.046875
  3.15819	-0.0234375
  3.15828	0
  3.15837	0.0234375
  3.15846	0.0390625
  3.15855	0.0234375
  3.15864	0.0078125
  3.15873	0
  3.15882	-0.0078125
  3.15891	0.0078125
  3.159	0.0390625
  3.15909	0.078125
  3.15918	0.109375
  3.15927	0.117188
  3.15937	0.125
  3.15946	0.101562
  3.15955	0.0703125
  3.15964	0.046875
  3.15973	0.03125
  3.15982	0.0390625
  3.15991	0.0390625
  3.16	0.0390625
  3.16009	0.015625
  3.16018	0
  3.16027	-0.03125
  3.16036	-0.0625
  3.16045	-0.0703125
  3.16054	-0.0703125
  3.16063	-0.078125
  3.16073	-0.0625
  3.16082	-0.0390625
  3.16091	-0.0390625
  3.161	-0.046875
  3.16109	-0.0546875
  3.16118	-0.03125
  3.16127	-0.03125
  3.16136	-0.0078125
  3.16145	0.015625
  3.16154	0.0234375
  3.16163	0.015625
  3.16172	0
  3.16181	-0.0234375
  3.1619	-0.0234375
  3.162	-0.0234375
  3.16209	-0.015625
  3.16218	0.0234375
  3.16227	0.0390625
  3.16236	0.0390625
  3.16245	0.0390625
  3.16254	0.0390625
  3.16263	0.0234375
  3.16272	0.015625
  3.16281	0.015625
  3.1629	0.0078125
  3.16299	0
  3.16308	0.015625
  3.16317	0.046875
  3.16327	0.046875
  3.16336	0.046875
  3.16345	0.0546875
  3.16354	0.0625
  3.16363	0.09375
  3.16372	0.117188
  3.16381	0.132812
  3.1639	0.164062
  3.16399	0.171875
  3.16408	0.140625
  3.16417	0.0859375
  3.16426	0.0234375
  3.16435	-0.046875
  3.16444	-0.0859375
  3.16454	-0.0234375
  3.16463	0.015625
  3.16472	0.0625
  3.16481	0.109375
  3.1649	0.0859375
  3.16499	0.078125
  3.16508	0.0625
  3.16517	0.0625
  3.16526	0.078125
  3.16535	0.109375
  3.16544	0.140625
  3.16553	0.15625
  3.16562	0.140625
  3.16571	0.078125
  3.16581	0.03125
  3.1659	-0.03125
  3.16599	-0.0703125
  3.16608	-0.09375
  3.16617	-0.101562
  3.16626	-0.101562
  3.16635	-0.109375
  3.16644	-0.109375
  3.16653	-0.125
  3.16662	-0.132812
  3.16671	-0.148438
  3.1668	-0.140625
  3.16689	-0.09375
  3.16698	-0.0546875
  3.16707	-0.015625
  3.16717	0.03125
  3.16726	0.0625
  3.16735	0.0703125
  3.16744	0.0703125
  3.16753	0.078125
  3.16762	0.078125
  3.16771	0.0859375
  3.1678	0.125
  3.16789	0.148438
  3.16798	0.148438
  3.16807	0.125
  3.16816	0.078125
  3.16825	0.03125
  3.16834	-0.0078125
  3.16844	-0.015625
  3.16853	0
  3.16862	0
  3.16871	0.015625
  3.1688	0.0078125
  3.16889	-0.03125
  3.16898	-0.0546875
  3.16907	-0.0703125
  3.16916	-0.0546875
  3.16925	-0.0078125
  3.16934	0.03125
  3.16943	0.0546875
  3.16952	0.0546875
  3.16961	0.0546875
  3.16971	0.03125
  3.1698	0.0234375
  3.16989	0.03125
  3.16998	0.03125
  3.17007	0.046875
  3.17016	0.0546875
  3.17025	0.0390625
  3.17034	0.0078125
  3.17043	-0.015625
  3.17052	-0.03125
  3.17061	-0.0546875
  3.1707	-0.0546875
  3.17079	-0.046875
  3.17088	-0.046875
  3.17098	-0.0390625
  3.17107	-0.046875
  3.17116	-0.0546875
  3.17125	-0.0625
  3.17134	-0.0703125
  3.17143	-0.0625
  3.17152	-0.046875
  3.17161	-0.0234375
  3.1717	-0.0078125
  3.17179	0.0078125
  3.17188	0.0078125
  3.17197	-0.0078125
  3.17206	-0.015625
  3.17215	-0.0078125
  3.17224	-0.0078125
  3.17234	0.0078125
  3.17243	0.03125
  3.17252	0.046875
  3.17261	0.0546875
  3.1727	0.0546875
  3.17279	0.0625
  3.17288	0.0625
  3.17297	0.046875
  3.17306	0.0390625
  3.17315	0.03125
  3.17324	0.0390625
  3.17333	0.0703125
  3.17342	0.078125
  3.17351	0.078125
  3.17361	0.0703125
  3.1737	0.0859375
  3.17379	0.078125
  3.17388	0.0625
  3.17397	0.0546875
  3.17406	0.078125
  3.17415	0.078125
  3.17424	0.0859375
  3.17433	0.078125
  3.17442	0.046875
  3.17451	0.0078125
  3.1746	-0.015625
  3.17469	0
  3.17478	0.0546875
  3.17488	0.117188
  3.17497	0.171875
  3.17506	0.15625
  3.17515	0.132812
  3.17524	0.0703125
  3.17533	-0.0234375
  3.17542	-0.0390625
  3.17551	-0.0234375
  3.1756	0.03125
  3.17569	0.0625
  3.17578	0.0390625
  3.17587	0.0078125
  3.17596	-0.0703125
  3.17605	-0.125
  3.17615	-0.109375
  3.17624	-0.078125
  3.17633	-0.0234375
  3.17642	0
  3.17651	0.015625
  3.1766	-0.0234375
  3.17669	-0.0625
  3.17678	-0.0546875
  3.17687	-0.015625
  3.17696	0.0390625
  3.17705	0.109375
  3.17714	0.140625
  3.17723	0.125
  3.17732	0.09375
  3.17741	0.0625
  3.17751	0.046875
  3.1776	0.0546875
  3.17769	0.078125
  3.17778	0.109375
  3.17787	0.117188
  3.17796	0.0859375
  3.17805	0.0390625
  3.17814	-0.0234375
  3.17823	-0.0859375
  3.17832	-0.117188
  3.17841	-0.0859375
  3.1785	-0.046875
  3.17859	-0.015625
  3.17868	-0.015625
  3.17878	-0.0546875
  3.17887	-0.117188
  3.17896	-0.132812
  3.17905	-0.09375
  3.17914	0
  3.17923	0.117188
  3.17932	0.210938
  3.17941	0.21875
  3.1795	0.171875
  3.17959	0.109375
  3.17968	0.0859375
  3.17977	0.101562
  3.17986	0.148438
  3.17995	0.1875
  3.18005	0.1875
  3.18014	0.132812
  3.18023	0.046875
  3.18032	-0.015625
  3.18041	-0.0390625
  3.1805	-0.015625
  3.18059	0.0234375
  3.18068	0.0234375
  3.18077	-0.015625
  3.18086	-0.0390625
  3.18095	-0.078125
  3.18104	-0.078125
  3.18113	-0.0703125
  3.18122	-0.0546875
  3.18132	-0.0234375
  3.18141	0
  3.1815	-0.0078125
  3.18159	-0.0234375
  3.18168	-0.0390625
  3.18177	-0.0234375
  3.18186	-0.015625
  3.18195	0.0234375
  3.18204	0.03125
  3.18213	0.03125
  3.18222	0.0390625
  3.18231	0.015625
  3.1824	-0.0078125
  3.18249	-0.0390625
  3.18258	-0.0390625
  3.18268	-0.0390625
  3.18277	-0.03125
  3.18286	-0.015625
  3.18295	-0.0234375
  3.18304	-0.0390625
  3.18313	-0.0390625
  3.18322	-0.0390625
  3.18331	-0.015625
  3.1834	0.015625
  3.18349	0.015625
  3.18358	0.0078125
  3.18367	-0.015625
  3.18376	-0.0625
  3.18385	-0.078125
  3.18395	-0.0625
  3.18404	-0.0390625
  3.18413	-0.0078125
  3.18422	0
  3.18431	-0.0078125
  3.1844	-0.015625
  3.18449	0
  3.18458	0.015625
  3.18467	0.046875
  3.18476	0.0703125
  3.18485	0.0625
  3.18494	0.0703125
  3.18503	0.0625
  3.18512	0.0625
  3.18522	0.0703125
  3.18531	0.0859375
  3.1854	0.101562
  3.18549	0.09375
  3.18558	0.078125
  3.18567	0.0546875
  3.18576	0.0234375
  3.18585	0.015625
  3.18594	0.0390625
  3.18603	0.046875
  3.18612	0.03125
  3.18621	0.0078125
  3.1863	-0.0234375
  3.18639	-0.03125
  3.18649	-0.03125
  3.18658	0.015625
  3.18667	0.0703125
  3.18676	0.078125
  3.18685	0.015625
  3.18694	-0.0546875
  3.18703	-0.078125
  3.18712	-0.0859375
  3.18721	-0.0390625
  3.1873	0.03125
  3.18739	0.078125
  3.18748	0.0390625
  3.18757	-0.0078125
  3.18766	-0.03125
  3.18776	0.0078125
  3.18785	0.0859375
  3.18794	0.140625
  3.18803	0.148438
  3.18812	0.0703125
  3.18821	-0.0078125
  3.1883	-0.0546875
  3.18839	-0.0234375
  3.18848	0.0625
  3.18857	0.125
  3.18866	0.132812
  3.18875	0.078125
  3.18884	-0.0078125
  3.18893	-0.03125
  3.18902	0.0078125
  3.18912	0.0703125
  3.18921	0.09375
  3.1893	0.0703125
  3.18939	0.0078125
  3.18948	-0.0546875
  3.18957	-0.0625
  3.18966	-0.046875
  3.18975	0
  3.18984	0.0234375
  3.18993	-0.015625
  3.19002	-0.046875
  3.19011	-0.0625
  3.1902	-0.0390625
  3.19029	0
  3.19039	0.0390625
  3.19048	0.0703125
  3.19057	0.0546875
  3.19066	0.0546875
  3.19075	0.0546875
  3.19084	0.0703125
  3.19093	0.078125
  3.19102	0.0625
  3.19111	0.0546875
  3.1912	0.0703125
  3.19129	0.0859375
  3.19138	0.09375
  3.19147	0.09375
  3.19156	0.09375
  3.19166	0.0859375
  3.19175	0.0625
  3.19184	0.046875
  3.19193	0.0625
  3.19202	0.078125
  3.19211	0.0625
  3.1922	0.03125
  3.19229	0.015625
  3.19238	0.015625
  3.19247	0.0390625
  3.19256	0.046875
  3.19265	0.0390625
  3.19274	0.015625
  3.19283	-0.03125
  3.19293	-0.0390625
  3.19302	-0.03125
  3.19311	-0.0234375
  3.1932	-0.015625
  3.19329	-0.015625
  3.19338	-0.015625
  3.19347	-0.015625
  3.19356	0
  3.19365	0.0078125
  3.19374	0.0234375
  3.19383	0.015625
  3.19392	-0.0078125
  3.19401	-0.0078125
  3.1941	-0.046875
  3.1942	-0.03125
  3.19429	-0.0078125
  3.19438	0.0078125
  3.19447	0.0234375
  3.19456	0.0078125
  3.19465	-0.015625
  3.19474	0
  3.19483	0.03125
  3.19492	0.046875
  3.19501	0.0390625
  3.1951	0
  3.19519	-0.015625
  3.19528	-0.0234375
  3.19537	-0.0078125
  3.19546	0.0078125
  3.19556	0.015625
  3.19565	0.0078125
  3.19574	0.015625
  3.19583	0.03125
  3.19592	0.0390625
  3.19601	0.0703125
  3.1961	0.078125
  3.19619	0.046875
  3.19628	0.0234375
  3.19637	0.0234375
  3.19646	0.015625
  3.19655	0.0390625
  3.19664	0.03125
  3.19673	0
  3.19683	0.015625
  3.19692	-0.03125
  3.19701	-0.03125
  3.1971	-0.0234375
  3.19719	-0.0234375
  3.19728	-0.0078125
  3.19737	-0.0390625
  3.19746	-0.03125
  3.19755	-0.03125
  3.19764	-0.015625
  3.19773	0.015625
  3.19782	0.0078125
  3.19791	0.0078125
  3.198	-0.0078125
  3.1981	0
  3.19819	0.0234375
  3.19828	0.03125
  3.19837	0.0390625
  3.19846	0.015625
  3.19855	0.0234375
  3.19864	0.0234375
  3.19873	-0.0078125
  3.19882	0.0078125
  3.19891	0.0078125
  3.199	0.0234375
  3.19909	0.0234375
  3.19918	-0.0078125
  3.19927	-0.0078125
  3.19937	0
  3.19946	0.015625
  3.19955	0.015625
  3.19964	0.015625
  3.19973	-0.0078125
  3.19982	0
  3.19991	0.0078125
  3.2	0.0078125
  3.20009	0.015625
  3.20018	0.015625
  3.20027	0.015625
  3.20036	0.0078125
  3.20045	0
  3.20054	0.0078125
  3.20063	0.03125
  3.20073	0.0390625
  3.20082	0.0546875
  3.20091	0.0625
  3.201	0.046875
  3.20109	0.0546875
  3.20118	0.0625
  3.20127	0.078125
  3.20136	0.0703125
  3.20145	0.0625
  3.20154	0.0546875
  3.20163	0.0390625
  3.20172	0.03125
  3.20181	0.0234375
  3.2019	0.015625
  3.202	0.015625
  3.20209	0.0390625
  3.20218	0.0390625
  3.20227	0.03125
  3.20236	0.015625
  3.20245	0
  3.20254	0
  3.20263	0.015625
  3.20272	0.015625
  3.20281	0.015625
  3.2029	0.0078125
  3.20299	0.0078125
  3.20308	0.0078125
  3.20317	0.0078125
  3.20327	0.015625
  3.20336	0
  3.20345	-0.0078125
  3.20354	0.0078125
  3.20363	0.03125
  3.20372	0.046875
  3.20381	0.0703125
  3.2039	0.101562
  3.20399	0.0859375
  3.20408	0.0390625
  3.20417	0.015625
  3.20426	0.015625
  3.20435	0.03125
  3.20444	0.03125
  3.20454	0.0078125
  3.20463	-0.015625
  3.20472	-0.0234375
  3.20481	0
  3.2049	0.0078125
  3.20499	0.0078125
  3.20508	0.015625
  3.20517	0.0390625
  3.20526	0.046875
  3.20535	0.0546875
  3.20544	0.046875
  3.20553	0.03125
  3.20562	0.0234375
  3.20571	0.0078125
  3.2058	0.0234375
  3.2059	0.03125
  3.20599	0.03125
  3.20608	0.046875
  3.20617	0.0390625
  3.20626	0.0234375
  3.20635	0.0234375
  3.20644	0.0234375
  3.20653	0.0234375
  3.20662	0.015625
  3.20671	0.0078125
  3.2068	0.015625
  3.20689	0.0234375
  3.20698	0.0390625
  3.20707	0.0625
  3.20717	0.0546875
  3.20726	0.046875
  3.20735	0.0546875
  3.20744	0.0625
  3.20753	0.0546875
  3.20762	0.0546875
  3.20771	0.0546875
  3.2078	0.03125
  3.20789	0.015625
  3.20798	0.015625
  3.20807	0.015625
  3.20816	0.0078125
  3.20825	0
  3.20834	0
  3.20844	-0.0078125
  3.20853	-0.015625
  3.20862	-0.03125
  3.20871	-0.0234375
  3.2088	-0.0078125
  3.20889	-0.0078125
  3.20898	-0.0078125
  3.20907	-0.0234375
  3.20916	-0.0390625
  3.20925	-0.03125
  3.20934	-0.0234375
  3.20943	0.0078125
  3.20952	0.03125
  3.20961	0.0390625
  3.20971	0.03125
  3.2098	0.0078125
  3.20989	-0.0078125
  3.20998	0.015625
  3.21007	0.03125
  3.21016	0.0390625
  3.21025	0.0234375
  3.21034	-0.0078125
  3.21043	-0.03125
  3.21052	-0.015625
  3.21061	0.0078125
  3.2107	0.0078125
  3.21079	0.0078125
  3.21088	0
  3.21098	0.015625
  3.21107	0.015625
  3.21116	0.0078125
  3.21125	0.0234375
  3.21134	0.0390625
  3.21143	0.03125
  3.21152	0.015625
  3.21161	0
  3.2117	0
  3.21179	0.0078125
  3.21188	0.0078125
  3.21197	0.015625
  3.21206	0.03125
  3.21215	0.0390625
  3.21224	0.03125
  3.21234	0.0234375
  3.21243	0.015625
  3.21252	0.0234375
  3.21261	0.03125
  3.2127	0.0390625
  3.21279	0.0234375
  3.21288	0.015625
  3.21297	0.0234375
  3.21306	0.015625
  3.21315	0.015625
  3.21324	0.0234375
  3.21333	0.0078125
  3.21342	-0.015625
  3.21351	-0.0078125
  3.21361	-0.0078125
  3.2137	-0.0234375
  3.21379	-0.015625
  3.21388	-0.0078125
  3.21397	-0.0078125
  3.21406	-0.0078125
  3.21415	-0.0078125
  3.21424	0
  3.21433	0.0078125
  3.21442	0.015625
  3.21451	0.015625
  3.2146	0.03125
  3.21469	0.0390625
  3.21478	0.0234375
  3.21488	0.015625
  3.21497	0.015625
  3.21506	0.015625
  3.21515	0.015625
  3.21524	0.015625
  3.21533	0
  3.21542	0
  3.21551	-0.0078125
  3.2156	-0.0078125
  3.21569	0
  3.21578	0
  3.21587	0.0078125
  3.21596	0.015625
  3.21605	0.015625
  3.21615	0.0234375
  3.21624	0.03125
  3.21633	0.0390625
  3.21642	0.0390625
  3.21651	0.0546875
  3.2166	0.0546875
  3.21669	0.0390625
  3.21678	0.0234375
  3.21687	0
  3.21696	0
  3.21705	0.0078125
  3.21714	0.0234375
  3.21723	0.0234375
  3.21732	0.0390625
  3.21741	0.0390625
  3.21751	0.0625
  3.2176	0.0390625
  3.21769	0.0234375
  3.21778	0.0546875
  3.21787	0.03125
  3.21796	0.03125
  3.21805	0.0859375
  3.21814	0.0859375
  3.21823	0.0625
  3.21832	0.0546875
  3.21841	0.03125
  3.2185	0.0078125
  3.21859	0.015625
  3.21868	0.046875
  3.21878	0.0546875
  3.21887	0.046875
  3.21896	0.078125
  3.21905	0.078125
  3.21914	0.0625
  3.21923	0.0703125
  3.21932	0.0625
  3.21941	0.0234375
  3.2195	0.015625
  3.21959	0.03125
  3.21968	0.0078125
  3.21977	0
  3.21986	0.0390625
  3.21995	0.03125
  3.22005	0.0234375
  3.22014	0.0390625
  3.22023	0.03125
  3.22032	0.0390625
  3.22041	0.0390625
  3.2205	0.0390625
  3.22059	0.0390625
  3.22068	0.0546875
  3.22077	0.078125
  3.22086	0.0546875
  3.22095	0.0390625
  3.22104	0.0625
  3.22113	0.0546875
  3.22122	0.046875
  3.22132	0.046875
  3.22141	0.046875
  3.2215	0.03125
  3.22159	0.046875
  3.22168	0.0390625
  3.22177	0.03125
  3.22186	0.0390625
  3.22195	0.015625
  3.22204	0
  3.22213	0.0078125
  3.22222	0.0234375
  3.22231	0.0234375
  3.2224	0.03125
  3.22249	0.015625
  3.22259	0.0078125
  3.22268	0.0078125
  3.22277	0.015625
  3.22286	0.03125
  3.22295	0.03125
  3.22304	0.03125
  3.22313	-0.015625
  3.22322	-0.0078125
  3.22331	-0.0078125
  3.2234	-0.03125
  3.22349	-0.015625
  3.22358	0.0078125
  3.22367	-0.015625
  3.22376	-0.015625
  3.22385	-0.0390625
  3.22395	-0.0390625
  3.22404	-0.0234375
  3.22413	-0.03125
  3.22422	-0.015625
  3.22431	0.015625
  3.2244	0
  3.22449	-0.0390625
  3.22458	-0.0078125
  3.22467	0
  3.22476	-0.0078125
  3.22485	-0.03125
  3.22494	-0.03125
  3.22503	-0.046875
  3.22512	-0.046875
  3.22522	-0.015625
  3.22531	-0.03125
  3.2254	-0.0546875
  3.22549	-0.0234375
  3.22558	-0.046875
  3.22567	-0.046875
  3.22576	-0.0078125
  3.22585	-0.015625
  3.22594	0.0078125
  3.22603	0.0234375
  3.22612	-0.0078125
  3.22621	0
  3.2263	0.0078125
  3.22639	0.0234375
  3.22649	0.0390625
  3.22658	0
  3.22667	-0.015625
  3.22676	0
  3.22685	0.0078125
  3.22694	0.0390625
  3.22703	0.03125
  3.22712	0.015625
  3.22721	0
  3.2273	0
  3.22739	0
  3.22748	-0.015625
  3.22757	0
  3.22766	0.03125
  3.22776	0.015625
  3.22785	0.0078125
  3.22794	0.03125
  3.22803	-0.0078125
  3.22812	0.0234375
  3.22821	0.0703125
  3.2283	0.015625
  3.22839	0
  3.22848	0
  3.22857	-0.03125
  3.22866	0.0078125
  3.22875	0.0078125
  3.22884	-0.0234375
  3.22893	0
  3.22902	-0.03125
  3.22912	-0.0078125
  3.22921	0.0390625
  3.2293	0.0234375
  3.22939	0.046875
  3.22948	0.078125
  3.22957	0.0546875
  3.22966	0.0703125
  3.22975	0.0625
  3.22984	0.046875
  3.22993	0.046875
  3.23002	0.03125
  3.23011	0.0390625
  3.2302	0.0625
  3.23029	0.046875
  3.23039	0.03125
  3.23048	0.0390625
  3.23057	0.0390625
  3.23066	0
  3.23075	0.015625
  3.23084	0.0234375
  3.23093	0.015625
  3.23102	0.046875
  3.23111	0.0546875
  3.2312	0.03125
  3.23129	0.0546875
  3.23138	0.0859375
  3.23147	0.101562
  3.23156	0.109375
  3.23166	0.09375
  3.23175	0.078125
  3.23184	0.0859375
  3.23193	0.0703125
  3.23202	0.03125
  3.23211	0.03125
  3.2322	0.0234375
  3.23229	0.0078125
  3.23238	0.015625
  3.23247	0.015625
  3.23256	0.0078125
  3.23265	0.0546875
  3.23274	0.0703125
  3.23283	0.0390625
  3.23293	0.0234375
  3.23302	0.0546875
  3.23311	0.0390625
  3.2332	0.0390625
  3.23329	0.0546875
  3.23338	0.03125
  3.23347	0.0390625
  3.23356	0.046875
  3.23365	0.0234375
  3.23374	0.0078125
  3.23383	-0.015625
  3.23392	-0.0390625
  3.23401	-0.015625
  3.2341	0.0078125
  3.2342	-0.0078125
  3.23429	-0.0078125
  3.23438	-0.0078125
  3.23447	0
  3.23456	0.0546875
  3.23465	0.0390625
  3.23474	0
  3.23483	0.03125
  3.23492	0.0390625
  3.23501	0.0234375
  3.2351	0.0546875
  3.23519	0.0625
  3.23528	0.0390625
  3.23537	0.0546875
  3.23546	0.0390625
  3.23556	0.0234375
  3.23565	0.0546875
  3.23574	0.0390625
  3.23583	0.046875
  3.23592	0.078125
  3.23601	0.0234375
  3.2361	0.03125
  3.23619	0.0859375
  3.23628	0.046875
  3.23637	0.0625
  3.23646	0.0859375
  3.23655	0.03125
  3.23664	0.0234375
  3.23673	0.046875
  3.23683	0.015625
  3.23692	0.0078125
  3.23701	0.0390625
  3.2371	0.0234375
  3.23719	0.015625
  3.23728	0
  3.23737	-0.0234375
  3.23746	-0.0234375
  3.23755	0.0078125
  3.23764	-0.03125
  3.23773	-0.046875
  3.23782	-0.015625
  3.23791	-0.0546875
  3.238	-0.03125
  3.2381	0.0234375
  3.23819	-0.015625
  3.23828	-0.03125
  3.23837	0.0078125
  3.23846	-0.03125
  3.23855	-0.0703125
  3.23864	-0.0078125
  3.23873	-0.046875
  3.23882	-0.078125
  3.23891	-0.0234375
  3.239	-0.03125
  3.23909	-0.0234375
  3.23918	0.0078125
  3.23927	-0.0234375
  3.23937	-0.015625
  3.23946	-0.0078125
  3.23955	-0.046875
  3.23964	-0.0234375
  3.23973	0
  3.23982	0.0234375
  3.23991	0.0390625
  3.24	0.0234375
  3.24009	0.0078125
  3.24018	0.046875
  3.24027	0.046875
  3.24036	0.0390625
  3.24045	0.0625
  3.24054	0.0390625
  3.24063	0.0234375
  3.24073	0.03125
  3.24082	-0.0078125
  3.24091	0.0234375
  3.241	0.0625
  3.24109	0.0234375
  3.24118	0
  3.24127	0.0078125
  3.24136	0.0078125
  3.24145	-0.015625
  3.24154	-0.0234375
  3.24163	0
  3.24172	-0.0390625
  3.24181	-0.0234375
  3.2419	-0.0078125
  3.242	-0.0234375
  3.24209	0.0078125
  3.24218	0
  3.24227	-0.0234375
  3.24236	0.0234375
  3.24245	0.03125
  3.24254	-0.03125
  3.24263	0.03125
  3.24272	0.03125
  3.24281	-0.0546875
  3.2429	0.0234375
  3.24299	0.046875
  3.24308	-0.0546875
  3.24317	0.015625
  3.24327	0.0234375
  3.24336	-0.0078125
  3.24345	0.03125
  3.24354	-0.0234375
  3.24363	0.03125
  3.24372	0.0546875
  3.24381	-0.0078125
  3.2439	0.0546875
  3.24399	0.0625
  3.24408	-0.0078125
  3.24417	0.0703125
  3.24426	0.0859375
  3.24435	0.0234375
  3.24444	0.0625
  3.24454	0.0859375
  3.24463	0.0546875
  3.24472	0.015625
  3.24481	0.015625
  3.2449	0.046875
  3.24499	0.0234375
  3.24508	0.0234375
  3.24517	0.0234375
  3.24526	0.03125
  3.24535	0.015625
  3.24544	0.03125
  3.24553	0.03125
  3.24562	0.0078125
  3.24571	0.03125
  3.2458	0.046875
  3.2459	0.0390625
  3.24599	0.046875
  3.24608	0.0625
  3.24617	0.0390625
  3.24626	0.0234375
  3.24635	0.078125
  3.24644	0.0546875
  3.24653	-0.0078125
  3.24662	0.0625
  3.24671	0.0546875
  3.2468	0
  3.24689	0.0703125
  3.24698	0.015625
  3.24707	-0.0390625
  3.24717	0.0859375
  3.24726	0.03125
  3.24735	0
  3.24744	0.0546875
  3.24753	-0.0078125
  3.24762	0.03125
  3.24771	0.0625
  3.2478	0.0078125
  3.24789	0.0703125
  3.24798	0.078125
  3.24807	0.0234375
  3.24816	0.109375
  3.24825	0.132812
  3.24834	0.0078125
  3.24844	0.015625
  3.24853	0.109375
  3.24862	0.0234375
  3.24871	0.03125
  3.2488	0.0703125
  3.24889	-0.0234375
  3.24898	0.0078125
  3.24907	0.0703125
  3.24916	-0.0078125
  3.24925	0.046875
  3.24934	0.101562
  3.24943	-0.0078125
  3.24952	0.0390625
  3.24961	0.078125
  3.24971	-0.0546875
  3.2498	0.0625
  3.24989	0.0546875
  3.24998	-0.015625
  3.25007	0.109375
  3.25016	-0.015625
  3.25025	-0.0390625
  3.25034	0.078125
  3.25043	-0.0859375
  3.25052	-0.0234375
  3.25061	0.09375
  3.2507	-0.09375
  3.25079	-0.0390625
  3.25088	0.078125
  3.25098	-0.0859375
  3.25107	-0.03125
  3.25116	0.125
  3.25125	-0.015625
  3.25134	-0.015625
  3.25143	0.101562
  3.25152	-0.046875
  3.25161	0.015625
  3.2517	0.046875
  3.25179	-0.0546875
  3.25188	0.03125
  3.25197	0.015625
  3.25206	-0.0390625
  3.25215	0.0078125
  3.25224	0.03125
  3.25234	-0.03125
  3.25243	0.0078125
  3.25252	0.046875
  3.25261	-0.0078125
  3.2527	0
  3.25279	0.0625
  3.25288	-0.0078125
  3.25297	-0.015625
  3.25306	0.0703125
  3.25315	0.03125
  3.25324	0.03125
  3.25333	0.0078125
  3.25342	-0.015625
  3.25351	0.015625
  3.25361	-0.015625
  3.2537	-0.0078125
  3.25379	0.0078125
  3.25388	-0.0234375
  3.25397	-0.046875
  3.25406	-0.0234375
  3.25415	0.0234375
  3.25424	0.015625
  3.25433	0.0078125
  3.25442	0.0234375
  3.25451	-0.0078125
  3.2546	-0.015625
  3.25469	-0.0078125
  3.25478	-0.03125
  3.25488	-0.046875
  3.25497	-0.0234375
  3.25506	-0.0078125
  3.25515	-0.03125
  3.25524	-0.015625
  3.25533	-0.046875
  3.25542	-0.0234375
  3.25551	0
  3.2556	-0.0703125
  3.25569	0.0546875
  3.25578	0.046875
  3.25587	-0.0546875
  3.25596	0.0859375
  3.25605	0.0703125
  3.25615	-0.015625
  3.25624	0.0625
  3.25633	0.046875
  3.25642	0.0078125
  3.25651	0.0234375
  3.2566	0.0078125
  3.25669	0.0625
  3.25678	0
  3.25687	0.0078125
  3.25696	0.101562
  3.25705	0.015625
  3.25714	0
  3.25723	0.125
  3.25732	0.0390625
  3.25741	-0.0390625
  3.25751	0.117188
  3.2576	0.09375
  3.25769	-0.015625
  3.25778	0.0703125
  3.25787	0.101562
  3.25796	-0.0234375
  3.25805	0.0078125
  3.25814	0.0546875
  3.25823	-0.0234375
  3.25832	-0.015625
  3.25841	-0.0078125
  3.2585	0.0546875
  3.25859	0
  3.25868	-0.046875
  3.25878	0.0859375
  3.25887	0.046875
  3.25896	-0.0390625
  3.25905	0.0390625
  3.25914	0.0625
  3.25923	-0.03125
  3.25932	-0.015625
  3.25941	0.0859375
  3.2595	-0.0078125
  3.25959	-0.03125
  3.25968	0.0625
  3.25977	0.046875
  3.25986	0.015625
  3.25995	0.0234375
  3.26005	-0.0078125
  3.26014	0.046875
  3.26023	0.0234375
  3.26032	0.0078125
  3.26041	0.0625
  3.2605	0.046875
  3.26059	0.0078125
  3.26068	0.078125
  3.26077	0.03125
  3.26086	-0.0390625
  3.26095	0.078125
  3.26104	0.0546875
  3.26113	-0.0546875
  3.26122	0.0859375
  3.26132	0.0234375
  3.26141	-0.0625
  3.2615	0.101562
  3.26159	0.0859375
  3.26168	-0.03125
  3.26177	0.0703125
  3.26186	0.078125
  3.26195	0
  3.26204	0.132812
  3.26213	0.078125
  3.26222	-0.015625
  3.26231	0.140625
  3.2624	0.078125
  3.26249	0.0078125
  3.26259	0.09375
  3.26268	0.015625
  3.26277	0.0546875
  3.26286	0.101562
  3.26295	-0.046875
  3.26304	0.0546875
  3.26313	0.0859375
  3.26322	-0.03125
  3.26331	0.0390625
  3.2634	0.0703125
  3.26349	-0.0625
  3.26358	0.015625
  3.26367	0.046875
  3.26376	-0.0546875
  3.26385	0.0234375
  3.26395	-0.03125
  3.26404	0
  3.26413	0.0625
  3.26422	-0.03125
  3.26431	0.015625
  3.2644	0.0390625
  3.26449	-0.015625
  3.26458	0.03125
  3.26467	-0.0078125
  3.26476	-0.0546875
  3.26485	0.03125
  3.26494	-0.0078125
  3.26503	-0.0625
  3.26512	0
  3.26522	-0.0078125
  3.26531	-0.046875
  3.2654	-0.015625
  3.26549	0.015625
  3.26558	-0.046875
  3.26567	-0.0546875
  3.26576	0.046875
  3.26585	0.03125
  3.26594	-0.015625
  3.26603	0.0390625
  3.26612	0.015625
  3.26621	-0.015625
  3.2663	0.0390625
  3.26639	0.046875
  3.26649	0.046875
  3.26658	0.0390625
  3.26667	0.0234375
  3.26676	0.03125
  3.26685	0.0390625
  3.26694	-0.015625
  3.26703	0.0546875
  3.26712	0.0703125
  3.26721	-0.0078125
  3.2673	0.03125
  3.26739	0.0546875
  3.26748	-0.03125
  3.26757	0.0234375
  3.26766	0.0625
  3.26776	-0.0234375
  3.26785	-0.0234375
  3.26794	0.0078125
  3.26803	0
  3.26812	-0.0546875
  3.26821	0.03125
  3.2683	0.101562
  3.26839	-0.03125
  3.26848	-0.03125
  3.26857	0.117188
  3.26866	0.015625
  3.26875	-0.0546875
  3.26884	0.0703125
  3.26893	0.0546875
  3.26902	-0.0546875
  3.26912	0.03125
  3.26921	0.0234375
  3.2693	-0.03125
  3.26939	-0.0234375
  3.26948	0.0703125
  3.26957	0.0234375
  3.26966	-0.078125
  3.26975	0.03125
  3.26984	0.0703125
  3.26993	-0.0234375
  3.27002	0.0234375
  3.27011	0.046875
  3.2702	-0.03125
  3.27029	-0.0390625
  3.27039	0
  3.27048	0.0546875
  3.27057	-0.0546875
  3.27066	-0.0390625
  3.27075	0.0546875
  3.27084	-0.046875
  3.27093	-0.0546875
  3.27102	0.0625
  3.27111	0
  3.2712	-0.0390625
  3.27129	0.046875
  3.27138	0.03125
  3.27147	-0.046875
  3.27156	0.0625
  3.27166	0.03125
  3.27175	-0.03125
  3.27184	0.0234375
  3.27193	0.0625
  3.27202	0.0390625
  3.27211	0.0234375
  3.2722	0.0625
  3.27229	0.0546875
  3.27238	0.0625
  3.27247	0.101562
  3.27256	0.0703125
  3.27265	0.0859375
  3.27274	0.03125
  3.27283	0.046875
  3.27293	0.148438
  3.27302	0.015625
  3.27311	0.0078125
  3.2732	0.0859375
  3.27329	0
  3.27338	-0.0234375
  3.27347	0.046875
  3.27356	0.0390625
  3.27365	-0.0078125
  3.27374	0.03125
  3.27383	0.03125
  3.27392	-0.015625
  3.27401	0.09375
  3.2741	0.0390625
  3.2742	-0.0234375
  3.27429	0.078125
  3.27438	0.0546875
  3.27447	-0.015625
  3.27456	0.0234375
  3.27465	0.0625
  3.27474	-0.0703125
  3.27483	-0.046875
  3.27492	0.09375
  3.27501	-0.09375
  3.2751	-0.0625
  3.27519	0.117188
  3.27528	0.046875
  3.27537	0
  3.27546	0.046875
  3.27556	0.0078125
  3.27565	0.0078125
  3.27574	0.03125
  3.27583	-0.03125
  3.27592	-0.03125
  3.27601	0
  3.2761	-0.0625
  3.27619	-0.0234375
  3.27628	0.046875
  3.27637	-0.0703125
  3.27646	0
  3.27655	0.0546875
  3.27664	-0.046875
  3.27673	-0.015625
  3.27683	0.046875
  3.27692	-0.015625
  3.27701	0.046875
  3.2771	0.0703125
  3.27719	-0.0390625
  3.27728	-0.0234375
  3.27737	0.0859375
  3.27746	-0.0234375
  3.27755	-0.03125
  3.27764	0.09375
  3.27773	0
  3.27782	-0.0390625
  3.27791	0.0546875
  3.278	0.0390625
  3.2781	0
  3.27819	0.015625
  3.27828	0.0234375
  3.27837	0
  3.27846	0.0078125
  3.27855	-0.0078125
  3.27864	0
  3.27873	0.0546875
  3.27882	0.015625
  3.27891	0
  3.279	0.0078125
  3.27909	-0.0078125
  3.27918	0
  3.27927	0.0078125
  3.27937	0.046875
  3.27946	0.03125
  3.27955	-0.015625
  3.27964	0.0078125
  3.27973	0.0625
  3.27982	0.0078125
  3.27991	0.0078125
  3.28	0.03125
  3.28009	-0.015625
  3.28018	0.0390625
  3.28027	0.0078125
  3.28036	-0.0234375
  3.28045	0.0703125
  3.28054	0.0390625
  3.28063	0.0390625
  3.28073	0.0703125
  3.28082	0.0390625
  3.28091	-0.0234375
  3.281	0.0390625
  3.28109	0.101562
  3.28118	0
  3.28127	-0.0078125
  3.28136	0.0546875
  3.28145	0.03125
  3.28154	-0.0078125
  3.28163	0.0078125
  3.28172	0.0546875
  3.28181	0.03125
  3.2819	-0.015625
  3.282	-0.0078125
  3.28209	0.015625
  3.28218	0.015625
  3.28227	0.03125
  3.28236	0.0546875
  3.28245	0.0234375
  3.28254	-0.0625
  3.28263	-0.0234375
  3.28272	0.0390625
  3.28281	-0.0234375
  3.2829	-0.03125
  3.28299	0
  3.28308	0
  3.28317	-0.0546875
  3.28327	0.015625
  3.28336	0.03125
  3.28345	-0.0234375
  3.28354	0.015625
  3.28363	-0.0234375
  3.28372	-0.0625
  3.28381	-0.03125
  3.2839	0
  3.28399	-0.0546875
  3.28408	-0.015625
  3.28417	0.0234375
  3.28426	-0.078125
  3.28435	-0.0234375
  3.28444	0.0390625
  3.28454	0
  3.28463	0.0234375
  3.28472	0.0234375
  3.28481	-0.0078125
  3.2849	0.0234375
  3.28499	0.109375
  3.28508	0.09375
  3.28517	0.046875
  3.28526	0.0390625
  3.28535	0.0859375
  3.28544	0.046875
  3.28553	0
  3.28562	0.0390625
  3.28571	0.03125
  3.2858	0.015625
  3.2859	0.0390625
  3.28599	0.0546875
  3.28608	0.0234375
  3.28617	0.046875
  3.28626	0.0859375
  3.28635	0.078125
  3.28644	0.0390625
  3.28653	0.0703125
  3.28662	0.0859375
  3.28671	0.046875
  3.2868	0.0703125
  3.28689	0.0625
  3.28698	0.046875
  3.28707	0.03125
  3.28717	0.03125
  3.28726	0.015625
  3.28735	-0.015625
  3.28744	-0.0546875
  3.28753	0.0234375
  3.28762	0.0546875
  3.28771	-0.0546875
  3.2878	-0.0234375
  3.28789	0.03125
  3.28798	-0.0390625
  3.28807	-0.015625
  3.28816	0.0625
  3.28825	0
  3.28834	-0.03125
  3.28844	0.0078125
  3.28853	0.0390625
  3.28862	0
  3.28871	-0.0234375
  3.2888	0.03125
  3.28889	0.0078125
  3.28898	-0.0078125
  3.28907	0.015625
  3.28916	-0.0234375
  3.28925	0.0234375
  3.28934	0
  3.28943	0.03125
  3.28952	0.0390625
  3.28961	0
  3.28971	0.0234375
  3.2898	0.0390625
  3.28989	0.0234375
  3.28998	0.0234375
  3.29007	0.0234375
  3.29016	-0.015625
  3.29025	0.0234375
  3.29034	0.046875
  3.29043	0.0390625
  3.29052	0.0546875
  3.29061	0.0625
  3.2907	0.0234375
  3.29079	0.03125
  3.29088	0.109375
  3.29098	0.0703125
  3.29107	0.0546875
  3.29116	0.132812
  3.29125	0.0859375
  3.29134	-0.015625
  3.29143	0.0703125
  3.29152	0.117188
  3.29161	0.015625
  3.2917	0.0546875
  3.29179	0.0703125
  3.29188	0.0234375
  3.29197	0
  3.29206	0.0234375
  3.29215	0.046875
  3.29224	0
  3.29234	-0.0234375
  3.29243	0
  3.29252	0
  3.29261	-0.0546875
  3.2927	-0.0234375
  3.29279	0.0546875
  3.29288	-0.0078125
  3.29297	-0.0390625
  3.29306	0.015625
  3.29315	-0.03125
  3.29324	-0.0546875
  3.29333	0.0390625
  3.29342	0
  3.29351	-0.0703125
  3.29361	0.0078125
  3.2937	-0.015625
  3.29379	-0.0546875
  3.29388	-0.0234375
  3.29397	-0.0078125
  3.29406	-0.015625
  3.29415	-0.0078125
  3.29424	-0.0546875
  3.29433	-0.0703125
  3.29442	0
  3.29451	-0.0859375
  3.2946	-0.03125
  3.29469	0.0078125
  3.29478	-0.0859375
  3.29488	-0.0703125
  3.29497	0.015625
  3.29506	-0.015625
  3.29515	-0.046875
  3.29524	0.03125
  3.29533	-0.015625
  3.29542	-0.015625
  3.29551	0.0390625
  3.2956	0
  3.29569	-0.0234375
  3.29578	0.0546875
  3.29587	0.0390625
  3.29596	-0.015625
  3.29605	0.03125
  3.29615	0.0234375
  3.29624	-0.015625
  3.29633	0.0390625
  3.29642	0.0546875
  3.29651	0
  3.2966	0.0546875
  3.29669	0.0078125
  3.29678	-0.015625
  3.29687	0.078125
  3.29696	-0.015625
  3.29705	-0.03125
  3.29714	0.078125
  3.29723	-0.015625
  3.29732	-0.0234375
  3.29741	0.0859375
  3.29751	0.015625
  3.2976	0.0078125
  3.29769	0.101562
  3.29778	0.0078125
  3.29787	-0.015625
  3.29796	0.015625
  3.29805	-0.03125
  3.29814	0.046875
  3.29823	0.046875
  3.29832	-0.0625
  3.29841	0.015625
  3.2985	0.046875
  3.29859	-0.046875
  3.29868	0
  3.29878	0.0546875
  3.29887	-0.0078125
  3.29896	-0.0234375
  3.29905	0.078125
  3.29914	0.0546875
  3.29923	0
  3.29932	0.046875
  3.29941	0.046875
  3.2995	-0.0078125
  3.29959	-0.0234375
  3.29968	0.015625
  3.29977	0.015625
  3.29986	0.015625
  3.29995	0.0234375
  3.30005	0.0234375
  3.30014	0.0703125
  3.30023	0.0234375
  3.30032	0.0546875
  3.30041	0.109375
  3.3005	-0.0234375
  3.30059	0.015625
  3.30068	0.101562
  3.30077	0.0078125
  3.30086	0.015625
  3.30095	0.046875
  3.30104	0.0390625
  3.30113	0.0234375
  3.30122	0.015625
  3.30132	0.0625
  3.30141	0.0546875
  3.3015	0.0703125
  3.30159	0.101562
  3.30168	0.03125
  3.30177	0.0234375
  3.30186	0.09375
  3.30195	0.0703125
  3.30204	0.015625
  3.30213	0.078125
  3.30222	0.046875
  3.30231	0.0625
  3.3024	0.0703125
  3.30249	0.0234375
  3.30259	0.0703125
  3.30268	0.015625
  3.30277	0.046875
  3.30286	0.0546875
  3.30295	-0.046875
  3.30304	0.0234375
  3.30313	0.09375
  3.30322	0.03125
  3.30331	0.0390625
  3.3034	0.0390625
  3.30349	0
  3.30358	0.03125
  3.30367	0.0390625
  3.30376	-0.03125
  3.30385	-0.0078125
  3.30395	0.046875
  3.30404	-0.0234375
  3.30413	-0.0234375
  3.30422	0.0234375
  3.30431	-0.0390625
  3.3044	-0.015625
  3.30449	0.078125
  3.30458	-0.03125
  3.30467	-0.0390625
  3.30476	0.0859375
  3.30485	0.0078125
  3.30494	-0.0546875
  3.30503	0.0625
  3.30512	-0.0078125
  3.30522	-0.0546875
  3.30531	0.03125
  3.3054	0.015625
  3.30549	-0.015625
  3.30558	-0.0390625
  3.30567	0
  3.30576	0.03125
  3.30585	0
  3.30594	-0.046875
  3.30603	-0.0078125
  3.30612	-0.0078125
  3.30621	-0.0625
  3.3063	0.03125
  3.30639	0.0234375
  3.30649	-0.0234375
  3.30658	-0.015625
  3.30667	0.046875
  3.30676	0.0546875
  3.30685	0.0234375
  3.30694	0.078125
  3.30703	0.0625
  3.30712	-0.03125
  3.30721	0.015625
  3.3073	0.046875
  3.30739	-0.0234375
  3.30748	-0.015625
  3.30757	0.046875
  3.30766	0.0234375
  3.30776	-0.0234375
  3.30785	0
  3.30794	0.0234375
  3.30803	-0.015625
  3.30812	0.0078125
  3.30821	0.046875
  3.3083	-0.03125
  3.30839	-0.03125
  3.30848	0.046875
  3.30857	0.0234375
  3.30866	0
  3.30875	0.0078125
  3.30884	-0.015625
  3.30893	-0.03125
  3.30902	-0.03125
  3.30912	-0.0234375
  3.30921	-0.046875
  3.3093	-0.046875
  3.30939	0.0078125
  3.30948	0.0234375
  3.30957	0.0078125
  3.30966	0.0625
  3.30975	0.0859375
  3.30984	0.0703125
  3.30993	0.0546875
  3.31002	0
  3.31011	0.015625
  3.3102	-0.0078125
  3.31029	-0.03125
  3.31039	0.015625
  3.31048	-0.0078125
  3.31057	-0.0546875
  3.31066	0.015625
  3.31075	-0.0390625
  3.31084	-0.046875
  3.31093	0.015625
  3.31102	-0.03125
  3.31111	-0.0078125
  3.3112	0.0078125
  3.31129	-0.0078125
  3.31138	-0.0078125
  3.31147	0.015625
  3.31156	0.03125
  3.31166	0.0234375
  3.31175	0.015625
  3.31184	0.0234375
  3.31193	0.03125
  3.31202	-0.0078125
  3.31211	0.03125
  3.3122	0.0078125
  3.31229	0.03125
  3.31238	0.0546875
  3.31247	0
  3.31256	0.0234375
  3.31265	0.0546875
  3.31274	-0.0078125
  3.31283	0
  3.31293	0.0390625
  3.31302	0
  3.31311	0.015625
  3.3132	0.0390625
  3.31329	0.015625
  3.31338	0.0078125
  3.31347	0.0078125
  3.31356	-0.0078125
  3.31365	-0.0234375
  3.31374	-0.015625
  3.31383	0
  3.31392	-0.015625
  3.31401	-0.0078125
  3.3141	0.0234375
  3.31419	0
  3.31429	0.0078125
  3.31438	0.0546875
  3.31447	0.03125
  3.31456	0.0390625
  3.31465	0.03125
  3.31474	0
  3.31483	0
  3.31492	0.0234375
  3.31501	0.0390625
  3.3151	0.0703125
  3.31519	0.101562
  3.31528	0.0703125
  3.31537	0.0625
  3.31546	0.0625
  3.31556	0.078125
  3.31565	0.078125
  3.31574	0.101562
  3.31583	0.101562
  3.31592	0.0625
  3.31601	0.046875
  3.3161	0.03125
  3.31619	0.03125
  3.31628	0.03125
  3.31637	0.046875
  3.31646	0.0703125
  3.31655	0.046875
  3.31664	0.0234375
  3.31673	0.0234375
  3.31683	0.0078125
  3.31692	0
  3.31701	0.015625
  3.3171	0
  3.31719	-0.015625
  3.31728	0.015625
  3.31737	0.0234375
  3.31746	0
  3.31755	0.03125
  3.31764	0.0234375
  3.31773	0.0234375
  3.31782	0.046875
  3.31791	0.0390625
  3.318	0.03125
  3.3181	0.0234375
  3.31819	0.03125
  3.31828	0.0390625
  3.31837	0.0546875
  3.31846	0.0546875
  3.31855	0.046875
  3.31864	0.0390625
  3.31873	0.03125
  3.31882	0.046875
  3.31891	0.0390625
  3.319	0.03125
  3.31909	0.0390625
  3.31918	0.0390625
  3.31927	0.015625
  3.31937	0.0078125
  3.31946	0
  3.31955	0
  3.31964	-0.0078125
  3.31973	0.0078125
  3.31982	0.03125
  3.31991	0.015625
  3.32	0.0390625
  3.32009	0.015625
  3.32018	0.015625
  3.32027	0.046875
  3.32036	0.0390625
  3.32045	0.0078125
  3.32054	0.0078125
  3.32063	0.03125
  3.32073	0
  3.32082	-0.0234375
  3.32091	-0.015625
  3.321	-0.015625
  3.32109	-0.0390625
  3.32118	-0.015625
  3.32127	-0.015625
  3.32136	-0.0234375
  3.32145	-0.015625
  3.32154	-0.0078125
  3.32163	0
  3.32172	0.015625
  3.32181	0.015625
  3.3219	-0.0234375
  3.322	-0.0234375
  3.32209	-0.03125
  3.32218	-0.015625
  3.32227	-0.0078125
  3.32236	-0.015625
  3.32245	-0.0078125
  3.32254	-0.0234375
  3.32263	-0.0234375
  3.32272	-0.03125
  3.32281	-0.03125
  3.3229	-0.015625
  3.32299	0
  3.32308	0.0078125
  3.32317	-0.0078125
  3.32327	-0.0234375
  3.32336	-0.015625
  3.32345	-0.0078125
  3.32354	0.0078125
  3.32363	0.0078125
  3.32372	-0.0078125
  3.32381	-0.0390625
  3.3239	-0.0390625
  3.32399	-0.03125
  3.32408	-0.0234375
  3.32417	0
  3.32426	0.0234375
  3.32435	0.0078125
  3.32444	-0.015625
  3.32454	-0.015625
  3.32463	-0.03125
  3.32472	-0.0234375
  3.32481	0.0234375
  3.3249	0.0234375
  3.32499	0.03125
  3.32508	0.0546875
  3.32517	0.0234375
  3.32526	0.015625
  3.32535	0.0078125
  3.32544	0.015625
  3.32553	0.0859375
  3.32562	0.078125
  3.32571	-0.0234375
  3.3258	-0.015625
  3.3259	0.03125
  3.32599	0.0703125
  3.32608	-0.046875
  3.32617	-0.0078125
  3.32626	0.09375
  3.32635	0.0390625
  3.32644	-0.0234375
  3.32653	0.015625
  3.32662	0.101562
  3.32671	-0.015625
  3.3268	0.0234375
  3.32689	0.0703125
  3.32698	0.03125
  3.32707	0.015625
  3.32717	0.0703125
  3.32726	0.0625
  3.32735	0
  3.32744	0.0390625
  3.32753	0.0625
  3.32762	0.03125
  3.32771	0.015625
  3.3278	0.0546875
  3.32789	0.046875
  3.32798	0.0546875
  3.32807	0.0390625
  3.32816	0.015625
  3.32825	0.03125
  3.32834	0.0390625
  3.32844	0.0546875
  3.32853	0.03125
  3.32862	0.03125
  3.32871	0.0390625
  3.3288	0.03125
  3.32889	0.015625
  3.32898	0.0078125
  3.32907	0.03125
  3.32916	0.0078125
  3.32925	0.03125
  3.32934	0.046875
  3.32943	0.0390625
  3.32952	0.046875
  3.32961	0.046875
  3.32971	0.0625
  3.3298	0.046875
  3.32989	0.046875
  3.32998	0.0390625
  3.33007	0.03125
  3.33016	0.03125
  3.33025	0.015625
  3.33034	0.015625
  3.33043	0.015625
  3.33052	0.015625
  3.33061	0.0078125
  3.3307	0.015625
  3.33079	0.0234375
  3.33088	0.0078125
  3.33098	0.015625
  3.33107	0.015625
  3.33116	0.03125
  3.33125	0.0390625
  3.33134	0.0390625
  3.33143	0.046875
  3.33152	0.03125
  3.33161	0.0234375
  3.3317	0.0234375
  3.33179	0.0078125
  3.33188	0.0234375
  3.33197	0.0234375
  3.33206	0.0234375
  3.33215	0.0234375
  3.33224	0.0078125
  3.33234	0.0078125
  3.33243	0.015625
  3.33252	0.0078125
  3.33261	0.0390625
  3.3327	0.0390625
  3.33279	0.046875
  3.33288	0.0625
  3.33297	0.046875
  3.33306	0.046875
  3.33315	0.0546875
  3.33324	0.0546875
  3.33333	0.03125
  3.33342	0.0234375
  3.33351	0.0078125
  3.33361	0
  3.3337	0.015625
  3.33379	0.015625
  3.33388	0.0234375
  3.33397	0.0234375
  3.33406	0.015625
  3.33415	0.015625
  3.33424	0
  3.33433	0
  3.33442	0.0234375
  3.33451	0.015625
  3.3346	0.0078125
  3.33469	0.0078125
  3.33478	0.0078125
  3.33488	0.015625
  3.33497	0.0078125
  3.33506	0.0234375
  3.33515	0.03125
  3.33524	0.0234375
  3.33533	0.03125
  3.33542	0.0234375
  3.33551	0.015625
  3.3356	0.0234375
  3.33569	0.0234375
  3.33578	0.015625
  3.33587	0.015625
  3.33596	0
  3.33605	0.015625
  3.33615	0.0078125
  3.33624	-0.0078125
  3.33633	0
  3.33642	0.0078125
  3.33651	0
  3.3366	-0.0078125
  3.33669	0
  3.33678	0.015625
  3.33687	0.0078125
  3.33696	0
  3.33705	-0.015625
  3.33714	-0.015625
  3.33723	-0.0234375
  3.33732	0
  3.33742	0.015625
  3.33751	0
  3.3376	-0.015625
  3.33769	-0.03125
  3.33778	-0.0546875
  3.33787	-0.03125
  3.33796	-0.015625
  3.33805	-0.015625
  3.33814	-0.0078125
  3.33823	-0.0078125
  3.33832	0
  3.33841	-0.015625
  3.3385	-0.0234375
  3.33859	-0.015625
  3.33868	0
  3.33878	0
  3.33887	0
  3.33896	-0.0078125
  3.33905	-0.03125
  3.33914	-0.0234375
  3.33923	0
  3.33932	0.0078125
  3.33941	0.015625
  3.3395	0.015625
  3.33959	0.015625
  3.33968	0.0390625
  3.33977	0.03125
  3.33986	0.0234375
  3.33995	0.03125
  3.34005	0.0234375
  3.34014	0
  3.34023	0.0078125
  3.34032	0.0234375
  3.34041	0.03125
  3.3405	0.0390625
  3.34059	0.046875
  3.34068	0.0546875
  3.34077	0.046875
  3.34086	0.0390625
  3.34095	0.046875
  3.34104	0.0546875
  3.34113	0.03125
  3.34122	0.0234375
  3.34132	0.0234375
  3.34141	0.015625
  3.3415	0.015625
  3.34159	0.0078125
  3.34168	0
  3.34177	-0.015625
  3.34186	-0.015625
  3.34195	-0.0078125
  3.34204	-0.0078125
  3.34213	-0.0078125
  3.34222	0
  3.34231	0.0078125
  3.3424	0.015625
  3.34249	0.0234375
  3.34259	0.0390625
  3.34268	0.0390625
  3.34277	0.0390625
  3.34286	0.03125
  3.34295	0.03125
  3.34304	0.03125
  3.34313	0.015625
  3.34322	0.0234375
  3.34331	0.03125
  3.3434	0.03125
  3.34349	0.03125
  3.34358	0.03125
  3.34367	0.0234375
  3.34376	0.0390625
  3.34385	0.0234375
  3.34395	0.0078125
  3.34404	0.03125
  3.34413	0.015625
  3.34422	0.03125
  3.34431	0.0234375
  3.3444	0.0234375
  3.34449	0.03125
  3.34458	0.03125
  3.34467	0.0234375
  3.34476	0.046875
  3.34485	0.046875
  3.34494	0.0390625
  3.34503	0.0546875
  3.34512	0.0546875
  3.34522	0.0703125
  3.34531	0.0625
  3.3454	0.0546875
  3.34549	0.0546875
  3.34558	0.0703125
  3.34567	0.0859375
  3.34576	0.0703125
  3.34585	0.0625
  3.34594	0.0703125
  3.34603	0.046875
  3.34612	0.046875
  3.34621	0.0546875
  3.3463	0.0390625
  3.34639	0.046875
  3.34649	0.0546875
  3.34658	0.0390625
  3.34667	0.015625
  3.34676	0.015625
  3.34685	0.015625
  3.34694	0.0234375
  3.34703	0.0078125
  3.34712	0
  3.34721	0.0234375
  3.3473	0.0390625
  3.34739	0.0390625
  3.34748	0.0546875
  3.34757	0.0546875
  3.34766	0.0234375
  3.34776	0.0234375
  3.34785	0.0234375
  3.34794	0.0390625
  3.34803	0.046875
  3.34812	0.0390625
  3.34821	0.015625
  3.3483	0
  3.34839	0
  3.34848	0.015625
  3.34857	0.0234375
  3.34866	0.015625
  3.34875	0.0078125
  3.34884	0
  3.34893	0
  3.34902	0
  3.34912	0.0078125
  3.34921	0.0078125
  3.3493	0.015625
  3.34939	0.015625
  3.34948	0.0078125
  3.34957	0.015625
  3.34966	0.03125
  3.34975	0.046875
  3.34984	0.0390625
  3.34993	0.0234375
  3.35002	0.0078125
  3.35011	0
  3.3502	0.015625
  3.35029	0
  3.35039	0.0078125
  3.35048	-0.0078125
  3.35057	-0.0234375
  3.35066	-0.0234375
  3.35075	-0.0234375
  3.35084	-0.0234375
  3.35093	-0.0234375
  3.35102	-0.015625
  3.35111	-0.0234375
  3.3512	-0.03125
  3.35129	-0.0390625
  3.35138	-0.0390625
  3.35147	-0.03125
  3.35156	-0.03125
  3.35166	-0.046875
  3.35175	-0.0625
  3.35184	-0.0546875
  3.35193	-0.046875
  3.35202	-0.03125
  3.35211	-0.0234375
  3.3522	-0.0234375
  3.35229	-0.03125
  3.35238	-0.0234375
  3.35247	-0.0234375
  3.35256	-0.015625
  3.35265	-0.0078125
  3.35274	-0.0078125
  3.35283	-0.015625
  3.35293	-0.0234375
  3.35302	-0.0078125
  3.35311	0
  3.3532	0
  3.35329	0.0078125
  3.35338	0
  3.35347	0.0078125
  3.35356	0.015625
  3.35365	0.015625
  3.35374	0.0234375
  3.35383	0.03125
  3.35392	0.0234375
  3.35401	0.015625
  3.3541	0.03125
  3.35419	0.046875
  3.35429	0.0546875
  3.35438	0.0625
  3.35447	0.0625
  3.35456	0.0703125
  3.35465	0.078125
  3.35474	0.0703125
  3.35483	0.0625
  3.35492	0.0625
  3.35501	0.046875
  3.3551	0.0390625
  3.35519	0.03125
  3.35528	0.0546875
  3.35537	0.0625
  3.35546	0.0859375
  3.35556	0.0625
  3.35565	0.03125
  3.35574	0.0234375
  3.35583	0.0234375
  3.35592	0.03125
  3.35601	0.03125
  3.3561	0.0390625
  3.35619	0.03125
  3.35628	0.015625
  3.35637	0.0078125
  3.35646	0
  3.35655	0
  3.35664	0.0078125
  3.35673	0.015625
  3.35683	0
  3.35692	0.0078125
  3.35701	0.015625
  3.3571	0.0234375
  3.35719	0.015625
  3.35728	0.015625
  3.35737	0.0078125
  3.35746	0.0078125
  3.35755	0.0078125
  3.35764	0.0078125
  3.35773	0.015625
  3.35782	0.0234375
  3.35791	0.03125
  3.358	0.0234375
  3.3581	0.03125
  3.35819	0.03125
  3.35828	0.03125
  3.35837	0.03125
  3.35846	0.0390625
  3.35855	0.0546875
  3.35864	0.078125
  3.35873	0.09375
  3.35882	0.0859375
  3.35891	0.0703125
  3.359	0.0546875
  3.35909	0.0546875
  3.35918	0.046875
  3.35927	0.046875
  3.35937	0.0546875
  3.35946	0.046875
  3.35955	0.0390625
  3.35964	0.0390625
  3.35973	0.0390625
  3.35982	0.0390625
  3.35991	0.0625
  3.36	0.0703125
  3.36009	0.0625
  3.36018	0.0546875
  3.36027	0.046875
  3.36036	0.046875
  3.36045	0.046875
  3.36054	0.03125
  3.36063	0.03125
  3.36073	0.0390625
  3.36082	0.0234375
  3.36091	0.0078125
  3.361	0.015625
  3.36109	0.015625
  3.36118	0.03125
  3.36127	0.03125
  3.36136	0.0234375
  3.36145	0.0078125
  3.36154	0
  3.36163	0
  3.36172	0.0078125
  3.36181	0.03125
  3.3619	0.0390625
  3.362	0.0390625
  3.36209	0.03125
  3.36218	0.0078125
  3.36227	0.0078125
  3.36236	0.015625
  3.36245	0
  3.36254	-0.0078125
  3.36263	-0.0078125
  3.36272	-0.015625
  3.36281	-0.0234375
  3.3629	-0.0234375
  3.36299	0
  3.36308	-0.0078125
  3.36317	0
  3.36327	0
  3.36336	-0.0078125
  3.36345	0
  3.36354	0
  3.36363	0
  3.36372	-0.0078125
  3.36381	-0.0078125
  3.3639	-0.015625
  3.36399	-0.03125
  3.36408	-0.03125
  3.36417	-0.03125
  3.36426	-0.015625
  3.36435	-0.0234375
  3.36444	-0.015625
  3.36454	0
  3.36463	0.015625
  3.36472	0.0078125
  3.36481	-0.0078125
  3.3649	-0.015625
  3.36499	-0.0078125
  3.36508	0.03125
  3.36517	0.0625
  3.36526	0.0859375
  3.36535	0.078125
  3.36544	0.0546875
  3.36553	0.0390625
  3.36562	0.0234375
  3.36571	0.0390625
  3.3658	0.0390625
  3.3659	0.03125
  3.36599	0.03125
  3.36608	0.0234375
  3.36617	0.0390625
  3.36626	0.046875
  3.36635	0.046875
  3.36644	0.0390625
  3.36653	0.0234375
  3.36662	0.015625
  3.36671	0.0078125
  3.3668	0.015625
  3.36689	0.0234375
  3.36698	0.0078125
  3.36707	0.0078125
  3.36717	0.015625
  3.36726	0.015625
  3.36735	0.0078125
  3.36744	0
  3.36753	-0.015625
  3.36762	-0.0078125
  3.36771	0.015625
  3.3678	0.0234375
  3.36789	0
  3.36798	-0.015625
  3.36807	-0.03125
  3.36816	-0.0390625
  3.36825	-0.0390625
  3.36834	-0.0234375
  3.36844	-0.0078125
  3.36853	-0.0390625
  3.36862	-0.046875
  3.36871	-0.0390625
  3.3688	-0.03125
  3.36889	0
  3.36898	0.0234375
  3.36907	0.015625
  3.36916	0
  3.36925	-0.0078125
  3.36934	0
  3.36943	0.0078125
  3.36952	0.015625
  3.36961	0.0078125
  3.36971	-0.0078125
  3.3698	-0.0078125
  3.36989	0.0078125
  3.36998	0.03125
  3.37007	0.0234375
  3.37016	0.0078125
  3.37025	0.0234375
  3.37034	0.0234375
  3.37043	0.0234375
  3.37052	0.03125
  3.37061	0.0390625
  3.3707	0.03125
  3.37079	0.03125
  3.37088	0.046875
  3.37098	0.0625
  3.37107	0.0859375
  3.37116	0.0546875
  3.37125	0.0390625
  3.37134	0.046875
  3.37143	0.0703125
  3.37152	0.0703125
  3.37161	0.0703125
  3.3717	0.0703125
  3.37179	0.0625
  3.37188	0.046875
  3.37197	0.0625
  3.37206	0.0625
  3.37215	0.0625
  3.37224	0.0703125
  3.37234	0.0546875
  3.37243	0.0546875
  3.37252	0.0390625
  3.37261	0.0546875
  3.3727	0.0625
  3.37279	0.0703125
  3.37288	0.0703125
  3.37297	0.046875
  3.37306	0.03125
  3.37315	0.03125
  3.37324	0.0546875
  3.37333	0.0625
  3.37342	0.0703125
  3.37351	0.0703125
  3.37361	0.046875
  3.3737	0.0390625
  3.37379	0.0390625
  3.37388	0.0390625
  3.37397	0.0234375
  3.37406	0.0234375
  3.37415	0.0234375
  3.37424	0.015625
  3.37433	0.0234375
  3.37442	0.0078125
  3.37451	0
  3.3746	0
  3.37469	0.0078125
  3.37478	0.015625
  3.37488	0.0234375
  3.37497	0.015625
  3.37506	-0.015625
  3.37515	-0.0078125
  3.37524	-0.0078125
  3.37533	0
  3.37542	0.0078125
  3.37551	0
  3.3756	-0.015625
  3.37569	-0.03125
  3.37578	-0.0390625
  3.37587	-0.03125
  3.37596	-0.015625
  3.37605	-0.015625
  3.37615	-0.03125
  3.37624	-0.0390625
  3.37633	-0.015625
  3.37642	0
  3.37651	0.0078125
  3.3766	0.0234375
  3.37669	0.03125
  3.37678	0.03125
  3.37687	0.046875
  3.37696	0.0625
  3.37705	-0.0078125
  3.37714	0
  3.37723	0.0546875
  3.37732	0.0546875
  3.37742	0.046875
  3.37751	0.0546875
  3.3776	0.0859375
  3.37769	0.0078125
  3.37778	-0.0234375
  3.37787	0.0625
  3.37796	0.03125
  3.37805	-0.0234375
  3.37814	0.015625
  3.37823	0.03125
  3.37832	0
  3.37841	0
  3.3785	0.0625
  3.37859	0.0625
  3.37868	0.0234375
  3.37878	0.0078125
  3.37887	-0.0078125
  3.37896	-0.0078125
  3.37905	0.0078125
  3.37914	0.0078125
  3.37923	0
  3.37932	-0.015625
  3.37941	-0.0234375
  3.3795	-0.0390625
  3.37959	-0.03125
  3.37968	-0.0390625
  3.37977	-0.046875
  3.37986	-0.0390625
  3.37995	-0.0078125
  3.38005	0.0078125
  3.38014	0
  3.38023	0.0234375
  3.38032	0.03125
  3.38041	-0.0078125
  3.3805	-0.0078125
  3.38059	0.0234375
  3.38068	0.0234375
  3.38077	0.0078125
  3.38086	-0.03125
  3.38095	-0.0390625
  3.38104	-0.0078125
  3.38113	-0.015625
  3.38122	-0.015625
  3.38132	0.0078125
  3.38141	0.015625
  3.3815	0.015625
  3.38159	-0.015625
  3.38168	-0.0078125
  3.38177	0.0234375
  3.38186	0.03125
  3.38195	0.015625
  3.38204	0.015625
  3.38213	0.0234375
  3.38222	0.03125
  3.38231	0.046875
  3.3824	0.0390625
  3.38249	0.03125
  3.38259	0.015625
  3.38268	0.0078125
  3.38277	0.03125
  3.38286	0.0390625
  3.38295	0.0390625
  3.38304	0.0390625
  3.38313	0.0390625
  3.38322	0.0625
  3.38331	0.03125
  3.3834	0
  3.38349	0.0234375
  3.38358	0.03125
  3.38367	0.0390625
  3.38376	0.0234375
  3.38385	0.015625
  3.38395	0.015625
  3.38404	0.0234375
  3.38413	0.0234375
  3.38422	0.03125
  3.38431	0.0078125
  3.3844	0.0234375
  3.38449	0.0703125
  3.38458	0.078125
  3.38467	0.0703125
  3.38476	0.0703125
  3.38485	0.0703125
  3.38494	0.0546875
  3.38503	0.0390625
  3.38512	0.03125
  3.38522	0.0390625
  3.38531	0.0390625
  3.3854	0.0390625
  3.38549	0.015625
  3.38558	0.0078125
  3.38567	0.0078125
  3.38576	0.03125
  3.38585	0.0546875
  3.38594	0.03125
  3.38603	0.0078125
  3.38612	0.0234375
  3.38621	0.03125
  3.3863	0.015625
  3.38639	-0.0234375
  3.38649	-0.0078125
  3.38658	0.0078125
  3.38667	0.0234375
  3.38676	0.0078125
  3.38685	0.0234375
  3.38694	0.015625
  3.38703	-0.015625
  3.38712	0.0234375
  3.38721	0.015625
  3.3873	0
  3.38739	0.0234375
  3.38748	0.046875
  3.38757	0.0234375
  3.38766	0
  3.38776	0.015625
  3.38785	0.03125
  3.38794	0.046875
  3.38803	0.046875
  3.38812	0.03125
  3.38821	0.0390625
  3.3883	0.0546875
  3.38839	0.0625
  3.38848	0.0546875
  3.38857	0.03125
  3.38866	0.046875
  3.38875	0.046875
  3.38884	0.0234375
  3.38893	0.0390625
  3.38902	0.03125
  3.38912	0.015625
  3.38921	0
  3.3893	0.0078125
  3.38939	0.0234375
  3.38948	0.015625
  3.38957	0
  3.38966	-0.0234375
  3.38975	-0.015625
  3.38984	-0.03125
  3.38993	-0.0234375
  3.39002	0.0078125
  3.39011	0.015625
  3.3902	0.0390625
  3.39029	0.0078125
  3.39039	0.0390625
  3.39048	0.0390625
  3.39057	0.015625
  3.39066	0.0234375
  3.39075	0.03125
  3.39084	0.046875
  3.39093	0.0390625
  3.39102	0.0390625
  3.39111	0.046875
  3.3912	0.03125
  3.39129	0.0234375
  3.39138	0.046875
  3.39147	0.03125
  3.39156	0.0078125
  3.39166	0.0078125
  3.39175	0.0234375
  3.39184	0.0234375
  3.39193	0.015625
  3.39202	0.015625
  3.39211	0.0234375
  3.3922	0.0234375
  3.39229	0
  3.39238	-0.0078125
  3.39247	0.0078125
  3.39256	0
  3.39265	0
  3.39274	0.0078125
  3.39283	-0.03125
  3.39293	-0.046875
  3.39302	-0.0234375
  3.39311	-0.0078125
  3.3932	-0.0078125
  3.39329	0
  3.39338	0.015625
  3.39347	0.015625
  3.39356	0
  3.39365	0.0078125
  3.39374	0.0234375
  3.39383	0.015625
  3.39392	0.015625
  3.39401	-0.0078125
  3.3941	0
  3.39419	0.0078125
  3.39429	0.03125
  3.39438	0.0390625
  3.39447	0.0078125
  3.39456	0
  3.39465	0
  3.39474	0.015625
  3.39483	0.0390625
  3.39492	0.03125
  3.39501	0.0390625
  3.3951	0.03125
  3.39519	0
  3.39528	-0.0234375
  3.39537	-0.0234375
  3.39546	-0.0234375
  3.39556	-0.046875
  3.39565	-0.0390625
  3.39574	-0.015625
  3.39583	-0.015625
  3.39592	-0.0078125
  3.39601	0.03125
  3.3961	0.0390625
  3.39619	0.0234375
  3.39628	0.0234375
  3.39637	0.0234375
  3.39646	0.03125
  3.39655	0.0390625
  3.39664	0.0234375
  3.39673	0.0234375
  3.39683	0.015625
  3.39692	0
  3.39701	0.0078125
  3.3971	0.03125
  3.39719	0.0234375
  3.39728	0.0078125
  3.39737	0
  3.39746	-0.015625
  3.39755	-0.015625
  3.39764	0.015625
  3.39773	0.0390625
  3.39782	0.0390625
  3.39791	0.03125
  3.398	0.0234375
  3.3981	0.0234375
  3.39819	0.0234375
  3.39828	0.03125
  3.39837	0.0390625
  3.39846	0.03125
  3.39855	0.046875
  3.39864	0.0390625
  3.39873	0
  3.39882	0.0078125
  3.39891	0
  3.399	0.0078125
  3.39909	0.0078125
  3.39918	-0.0234375
  3.39927	0
  3.39937	0
  3.39946	0
  3.39955	0.0234375
  3.39964	0.0625
  3.39973	0.0703125
  3.39982	0.03125
  3.39991	0.015625
  3.4	0.015625
  3.40009	0.015625
  3.40018	0.046875
  3.40027	0.0703125
  3.40036	0.0546875
  3.40045	0.046875
  3.40054	0.0546875
  3.40063	0.046875
  3.40073	0.0703125
  3.40082	0.0859375
  3.40091	0.078125
  3.401	0.0390625
  3.40109	0.0234375
  3.40118	0.046875
  3.40127	0.0625
  3.40136	0.0546875
  3.40145	0.03125
  3.40154	0.0390625
  3.40163	0.0234375
  3.40172	0.0234375
  3.40181	0.0390625
  3.4019	0.046875
  3.402	0.0546875
  3.40209	0.0390625
  3.40218	0.0390625
  3.40227	0.0546875
  3.40236	0.0546875
  3.40245	0.0703125
  3.40254	0.0703125
  3.40263	0.03125
  3.40272	0.015625
  3.40281	0.0078125
  3.4029	-0.015625
  3.40299	-0.0078125
  3.40308	-0.0078125
  3.40317	-0.0078125
  3.40327	-0.03125
  3.40336	-0.046875
  3.40345	-0.0625
  3.40354	-0.046875
  3.40363	-0.0234375
  3.40372	-0.015625
  3.40381	-0.0078125
  3.4039	-0.015625
  3.40399	-0.0078125
  3.40408	-0.0078125
  3.40417	-0.015625
  3.40426	-0.015625
  3.40435	0.0078125
  3.40444	0.0078125
  3.40454	0.0078125
  3.40463	0.0078125
  3.40472	0
  3.40481	0.0234375
  3.4049	0.0390625
  3.40499	0.046875
  3.40508	0.0546875
  3.40517	0.0390625
  3.40526	0.0234375
  3.40535	0.03125
  3.40544	0.0234375
  3.40553	0.03125
  3.40562	0.015625
  3.40571	0.0078125
  3.4058	0.0078125
  3.4059	-0.0078125
  3.40599	0.015625
  3.40608	0.03125
  3.40617	0.0390625
  3.40626	0
  3.40635	0
  3.40644	0.0234375
  3.40653	0.0078125
  3.40662	0.0078125
  3.40671	0
  3.4068	0.015625
  3.40689	0.0234375
  3.40698	0
  3.40707	0
  3.40717	0
  3.40726	0.015625
  3.40735	0.0234375
  3.40744	0
  3.40753	-0.015625
  3.40762	0
  3.40771	0
  3.4078	0
  3.40789	0.015625
  3.40798	-0.0078125
  3.40807	-0.0078125
  3.40816	0
  3.40825	-0.015625
  3.40834	0
  3.40844	0.0390625
  3.40853	0.0703125
  3.40862	0.046875
  3.40871	0.03125
  3.4088	0.0234375
  3.40889	-0.0078125
  3.40898	0.0234375
  3.40907	0.0546875
  3.40916	0.0390625
  3.40925	0.0234375
  3.40934	0.0234375
  3.40943	0.03125
  3.40952	0.046875
  3.40961	0.03125
  3.40971	0.03125
  3.4098	0.015625
  3.40989	-0.015625
  3.40998	0
  3.41007	-0.0078125
  3.41016	0
  3.41025	0.015625
  3.41034	0.015625
  3.41043	0
  3.41052	-0.015625
  3.41061	0.015625
  3.4107	0.015625
  3.41079	0.03125
  3.41088	0.046875
  3.41098	0.0546875
  3.41107	0.0703125
  3.41116	0.078125
  3.41125	0.0703125
  3.41134	0.046875
  3.41143	0.03125
  3.41152	0.03125
  3.41161	0.03125
  3.4117	0.03125
  3.41179	0.0234375
  3.41188	0.015625
  3.41197	0.015625
  3.41206	0.03125
  3.41215	0.046875
  3.41224	0.046875
  3.41234	0.0546875
  3.41243	0.078125
  3.41252	0.0546875
  3.41261	0.03125
  3.4127	0.03125
  3.41279	0.0234375
  3.41288	0.0234375
  3.41297	0.03125
  3.41306	0.0234375
  3.41315	0.0078125
  3.41324	-0.0078125
  3.41333	-0.0390625
  3.41342	-0.015625
  3.41351	0
  3.41361	0
  3.4137	0.0078125
  3.41379	-0.0078125
  3.41388	0.0078125
  3.41397	0.0078125
  3.41406	-0.0078125
  3.41415	0
  3.41424	0
  3.41433	-0.0234375
  3.41442	-0.0234375
  3.41451	0.0078125
  3.4146	0
  3.41469	0
  3.41478	-0.015625
  3.41488	-0.03125
  3.41497	-0.0234375
  3.41506	-0.015625
  3.41515	-0.0234375
  3.41524	-0.03125
  3.41533	-0.0234375
  3.41542	-0.0234375
  3.41551	0
  3.4156	0.0234375
  3.41569	0.0234375
  3.41578	0.0546875
  3.41587	0.03125
  3.41596	0.015625
  3.41605	0.03125
  3.41615	0.03125
  3.41624	0.0546875
  3.41633	0.0625
  3.41642	0.0546875
  3.41651	0.0546875
  3.4166	0.0546875
  3.41669	0.0703125
  3.41678	0.078125
  3.41687	0.0625
  3.41696	0.0546875
  3.41705	0.0546875
  3.41714	0.0546875
  3.41723	0.0546875
  3.41732	0.078125
  3.41742	0.09375
  3.41751	0.078125
  3.4176	0.0546875
  3.41769	0.03125
  3.41778	0.0234375
  3.41787	0.015625
  3.41796	0.015625
  3.41805	0.0390625
  3.41814	0.046875
  3.41823	0.0390625
  3.41832	0.0234375
  3.41841	0.0234375
  3.4185	0.0234375
  3.41859	0.0234375
  3.41868	0.0390625
  3.41878	0.0390625
  3.41887	0.0078125
  3.41896	-0.0078125
  3.41905	-0.015625
  3.41914	-0.0078125
  3.41923	0.015625
  3.41932	0.0234375
  3.41941	0.015625
  3.4195	-0.0078125
  3.41959	-0.0234375
  3.41968	-0.0078125
  3.41977	0.0078125
  3.41986	0.0078125
  3.41995	0.0078125
  3.42005	0.0078125
  3.42014	-0.0078125
  3.42023	-0.0078125
  3.42032	-0.0078125
  3.42041	0
  3.4205	0.03125
  3.42059	0.03125
  3.42068	0.0078125
  3.42077	0.0078125
  3.42086	0
  3.42095	-0.015625
  3.42104	-0.0078125
  3.42113	-0.0078125
  3.42122	0.015625
  3.42132	0.0078125
  3.42141	0.0078125
  3.4215	-0.0078125
  3.42159	-0.03125
  3.42168	-0.0234375
  3.42177	-0.015625
  3.42186	0
  3.42195	0.0078125
  3.42204	0.015625
  3.42213	0.0078125
  3.42222	0.0234375
  3.42231	0.0234375
  3.4224	0.03125
  3.42249	0.03125
  3.42259	0.015625
  3.42268	0.015625
  3.42277	-0.0078125
  3.42286	-0.0078125
  3.42295	0
  3.42304	0.0234375
  3.42313	0.0234375
  3.42322	0
  3.42331	0.0078125
  3.4234	0.0078125
  3.42349	0.015625
  3.42358	0.03125
  3.42367	0.03125
  3.42376	0.0234375
  3.42385	0.015625
  3.42395	0.0078125
  3.42404	0
  3.42413	0
  3.42422	0
  3.42431	0.0078125
  3.4244	0.015625
  3.42449	-0.0078125
  3.42458	0
  3.42467	0.015625
  3.42476	0.015625
  3.42485	0.0234375
  3.42494	0.015625
  3.42503	0.0234375
  3.42512	0.015625
  3.42522	0.03125
  3.42531	0.015625
  3.4254	0.015625
  3.42549	0.015625
  3.42558	-0.0234375
  3.42567	-0.0078125
  3.42576	0
  3.42585	-0.015625
  3.42594	-0.03125
  3.42603	-0.0078125
  3.42612	0.015625
  3.42621	0.0234375
  3.4263	0.0390625
  3.42639	0.0390625
  3.42649	0.03125
  3.42658	0.015625
  3.42667	0.0234375
  3.42676	0.015625
  3.42685	0.015625
  3.42694	0.0234375
  3.42703	0.03125
  3.42712	0.03125
  3.42721	0.0078125
  3.4273	0
  3.42739	0.015625
  3.42748	0.0234375
  3.42757	0.03125
  3.42766	0.03125
  3.42776	0.0234375
  3.42785	0.0078125
  3.42794	0.03125
  3.42803	0.0390625
  3.42812	0.0390625
  3.42821	0.0390625
  3.4283	0.03125
  3.42839	0.0234375
  3.42848	0.0234375
  3.42857	0.0546875
  3.42866	0.0546875
  3.42875	0.046875
  3.42884	0.0546875
  3.42893	0.0625
  3.42902	0.03125
  3.42912	0.03125
  3.42921	0.0390625
  3.4293	0.03125
  3.42939	0.046875
  3.42948	0.0546875
  3.42957	0.046875
  3.42966	0.046875
  3.42975	0.046875
  3.42984	0.046875
  3.42993	0.03125
  3.43002	0.0546875
  3.43011	0.078125
  3.4302	0.0625
  3.43029	0.03125
  3.43039	0
  3.43048	0
  3.43057	0.0234375
  3.43066	0.046875
  3.43075	0.0546875
  3.43084	0.0390625
  3.43093	0.0234375
  3.43102	0.015625
  3.43111	0.015625
  3.4312	0.0234375
  3.43129	0.0078125
  3.43138	0.0078125
  3.43147	0.015625
  3.43156	0.0078125
  3.43166	0
  3.43175	0
  3.43184	0
  3.43193	-0.015625
  3.43202	0.015625
  3.43211	0.015625
  3.4322	0.0234375
  3.43229	0.03125
  3.43238	0.0078125
  3.43247	-0.015625
  3.43256	-0.0234375
  3.43265	-0.015625
  3.43274	-0.015625
  3.43283	-0.015625
  3.43293	0
  3.43302	-0.0078125
  3.43311	0
  3.4332	0.015625
  3.43329	0.0234375
  3.43338	0.0234375
  3.43347	0.015625
  3.43356	0
  3.43365	0.0078125
  3.43374	0.0078125
  3.43383	0.0234375
  3.43392	0.046875
  3.43401	0.0234375
  3.4341	0.0234375
  3.43419	0.0234375
  3.43429	0.0234375
  3.43438	0.0078125
  3.43447	0.015625
  3.43456	0.015625
  3.43465	0.0234375
  3.43474	0.03125
  3.43483	0.015625
  3.43492	0.0078125
  3.43501	-0.015625
  3.4351	0
  3.43519	0
  3.43528	0.0234375
  3.43537	0.015625
  3.43546	-0.0078125
  3.43556	-0.03125
  3.43565	-0.0390625
  3.43574	-0.0390625
  3.43583	-0.0078125
  3.43592	0.0078125
  3.43601	0.015625
  3.4361	0
  3.43619	-0.015625
  3.43628	-0.0234375
  3.43637	-0.015625
  3.43646	0.0078125
  3.43655	0.015625
  3.43664	-0.0078125
  3.43673	-0.03125
  3.43683	-0.0234375
  3.43692	0.0078125
  3.43701	0.015625
  3.4371	0.015625
  3.43719	0.0078125
  3.43728	0.015625
  3.43737	0.015625
  3.43746	0.0234375
  3.43755	0.015625
  3.43764	0.0078125
  3.43773	0
  3.43782	0
  3.43791	0.015625
  3.438	0.0234375
  3.4381	0.03125
  3.43819	0.03125
  3.43828	0.015625
  3.43837	0.0078125
  3.43846	0.015625
  3.43855	0.0078125
  3.43864	0.0078125
  3.43873	0.0234375
  3.43882	0.03125
  3.43891	0.0078125
  3.439	0
  3.43909	0.015625
  3.43918	0.0234375
  3.43927	0.0234375
  3.43937	0.0234375
  3.43946	0.0234375
  3.43955	0.0078125
  3.43964	0.015625
  3.43973	0.0390625
  3.43982	0.0625
  3.43991	0.0625
  3.44	0.046875
  3.44009	0.0390625
  3.44018	0.046875
  3.44027	0.0390625
  3.44036	0.046875
  3.44045	0.0625
  3.44054	0.0390625
  3.44063	0.03125
  3.44073	0.0234375
  3.44082	0.0390625
  3.44091	0.0625
  3.441	0.0859375
  3.44109	0.078125
  3.44118	0.0625
  3.44127	0.0546875
  3.44136	0.0546875
  3.44145	0.0625
  3.44154	0.0546875
  3.44163	0.0390625
  3.44172	0.0390625
  3.44181	0.046875
  3.4419	0.03125
  3.442	0.0234375
  3.44209	0.03125
  3.44218	0.03125
  3.44227	0.03125
  3.44236	0.0390625
  3.44245	0.0234375
  3.44254	0.0234375
  3.44263	0.03125
  3.44272	0.015625
  3.44281	0.015625
  3.4429	0
  3.44299	-0.0078125
  3.44308	0
  3.44317	0
  3.44327	-0.015625
  3.44336	-0.015625
  3.44345	0.0078125
  3.44354	0
  3.44363	-0.0078125
  3.44372	-0.0078125
  3.44381	-0.0390625
  3.4439	-0.015625
  3.44399	0.0078125
  3.44408	0
  3.44417	0.015625
  3.44426	0.015625
  3.44435	0.015625
  3.44444	0.0390625
  3.44454	0.0390625
  3.44463	0.03125
  3.44472	0.03125
  3.44481	0.046875
  3.4449	0.0390625
  3.44499	0.0234375
  3.44508	0.015625
  3.44517	0.0078125
  3.44526	0.015625
  3.44535	0.015625
  3.44544	0.0234375
  3.44553	0.0390625
  3.44562	0.0390625
  3.44571	0.0390625
  3.44581	0.03125
  3.4459	0.015625
  3.44599	0.0234375
  3.44608	0.046875
  3.44617	0.0625
  3.44626	0.0546875
  3.44635	0.0234375
  3.44644	0.015625
  3.44653	0.0234375
  3.44662	0.0390625
  3.44671	0.03125
  3.4468	0.0078125
  3.44689	-0.0234375
  3.44698	-0.0234375
  3.44707	-0.0078125
  3.44717	0.0234375
  3.44726	0.0390625
  3.44735	0.0234375
  3.44744	0.03125
  3.44753	0
  3.44762	-0.0234375
  3.44771	-0.0078125
  3.4478	-0.0078125
  3.44789	0.0078125
  3.44798	0.0078125
  3.44807	0.0078125
  3.44816	0.0078125
  3.44825	0
  3.44834	0
  3.44844	-0.015625
  3.44853	-0.03125
  3.44862	-0.0078125
  3.44871	0
  3.4488	0
  3.44889	-0.0078125
  3.44898	-0.015625
  3.44907	-0.0234375
  3.44916	-0.0234375
  3.44925	-0.0234375
  3.44934	0
  3.44943	0
  3.44952	-0.0234375
  3.44961	-0.03125
  3.44971	-0.0390625
  3.4498	-0.046875
  3.44989	-0.015625
  3.44998	-0.0078125
  3.45007	-0.0078125
  3.45016	0
  3.45025	-0.015625
  3.45034	-0.0234375
  3.45043	-0.0078125
  3.45052	0.015625
  3.45061	0.0390625
  3.4507	0.03125
  3.45079	0.0078125
  3.45088	-0.0078125
  3.45098	-0.0078125
  3.45107	0.0234375
  3.45116	0.046875
  3.45125	0.078125
  3.45134	0.078125
  3.45143	0.078125
  3.45152	0.0625
  3.45161	0.0546875
  3.4517	0.046875
  3.45179	0.0546875
  3.45188	0.078125
  3.45197	0.078125
  3.45206	0.0703125
  3.45215	0.0703125
  3.45224	0.0703125
  3.45234	0.0546875
  3.45243	0.0546875
  3.45252	0.0390625
  3.45261	0.0546875
  3.4527	0.0625
  3.45279	0.046875
  3.45288	0.015625
  3.45297	-0.0078125
  3.45306	0.015625
  3.45315	0.0390625
  3.45324	0.046875
  3.45333	0.0390625
  3.45342	0.0078125
  3.45351	-0.0234375
  3.45361	-0.0078125
  3.4537	0.0078125
  3.45379	0.015625
  3.45388	0.046875
  3.45397	0.0546875
  3.45406	0.015625
  3.45415	-0.015625
  3.45424	0
  3.45433	0
  3.45442	0.0234375
  3.45451	0.0390625
  3.4546	0.03125
  3.45469	0.0234375
  3.45478	0.0078125
  3.45488	0.0078125
  3.45497	-0.0078125
  3.45506	0.0078125
  3.45515	0.015625
  3.45524	0.0078125
  3.45533	0.0078125
  3.45542	0.015625
  3.45551	0.03125
  3.4556	0.0390625
  3.45569	0.046875
  3.45578	0.03125
  3.45587	0.0078125
  3.45596	0.0234375
  3.45605	0.0078125
  3.45615	0
  3.45624	0
  3.45633	0
  3.45642	0
  3.45651	0.0078125
  3.4566	0.0234375
  3.45669	0.03125
  3.45678	0.0390625
  3.45687	0.0390625
  3.45696	0.0625
  3.45705	0.0546875
  3.45714	0.046875
  3.45723	0.0546875
  3.45732	0.0390625
  3.45742	0.0546875
  3.45751	0.03125
  3.4576	0.015625
  3.45769	0.015625
  3.45778	0.0234375
  3.45787	0.03125
  3.45796	0.03125
  3.45805	0.03125
  3.45814	0.0390625
  3.45823	0.03125
  3.45832	0.0390625
  3.45841	0.0625
  3.4585	0.0234375
  3.45859	0.015625
  3.45868	0.0234375
  3.45878	0.03125
  3.45887	0.015625
  3.45896	0
  3.45905	-0.015625
  3.45914	-0.0234375
  3.45923	-0.0078125
  3.45932	0.015625
  3.45941	0.0234375
  3.4595	0.03125
  3.45959	0.0234375
  3.45968	0.0078125
  3.45977	-0.0078125
  3.45986	-0.0078125
  3.45995	0.015625
  3.46005	0.015625
  3.46014	0.0078125
  3.46023	-0.015625
  3.46032	-0.0234375
  3.46041	0
  3.4605	-0.0078125
  3.46059	0
  3.46068	0.0078125
  3.46077	0
  3.46086	0.0078125
  3.46095	0.0234375
  3.46104	0.0234375
  3.46113	0.0234375
  3.46122	0.03125
  3.46132	0.03125
  3.46141	0.0234375
  3.4615	0.015625
  3.46159	0.0234375
  3.46168	0.015625
  3.46177	0.015625
  3.46186	0.0234375
  3.46195	0.03125
  3.46204	0.0234375
  3.46213	0.015625
  3.46222	0.03125
  3.46231	0.046875
  3.4624	0.046875
  3.46249	0.015625
  3.46258	-0.015625
  3.46268	0
  3.46277	0
  3.46286	0.0234375
  3.46295	0.03125
  3.46304	0.0234375
  3.46313	0
  3.46322	-0.0078125
  3.46331	-0.0234375
  3.4634	-0.0078125
  3.46349	0.015625
  3.46358	0.0078125
  3.46367	0.0234375
  3.46376	0.0390625
  3.46385	0.0390625
  3.46395	0.0546875
  3.46404	0.0390625
  3.46413	0.0234375
  3.46422	0.03125
  3.46431	0.0234375
  3.4644	0.015625
  3.46449	0.015625
  3.46458	0.015625
  3.46467	0.015625
  3.46476	0.0078125
  3.46485	0.015625
  3.46494	0.0234375
  3.46503	0.0234375
  3.46512	0.046875
  3.46522	0.0390625
  3.46531	0.0234375
  3.4654	0.0234375
  3.46549	0.046875
  3.46558	0.046875
  3.46567	0.0234375
  3.46576	0.0078125
  3.46585	0.0078125
  3.46594	0.015625
  3.46603	-0.0078125
  3.46612	0.0078125
  3.46621	0.015625
  3.4663	0.0078125
  3.46639	0.0234375
  3.46649	0.0078125
  3.46658	0
  3.46667	0
  3.46676	0.015625
  3.46685	0.03125
  3.46694	0.0390625
  3.46703	0.015625
  3.46712	-0.0078125
  3.46721	0
  3.4673	0.015625
  3.46739	0.0078125
  3.46748	-0.0234375
  3.46757	0
  3.46766	-0.0078125
  3.46776	-0.015625
  3.46785	-0.015625
  3.46794	-0.015625
  3.46803	0.0078125
  3.46812	0.03125
  3.46821	0.0234375
  3.4683	0.0078125
  3.46839	0
  3.46848	0.0234375
  3.46857	0.0390625
  3.46866	0.0234375
  3.46875	0.015625
  3.46884	0.03125
  3.46893	0.03125
  3.46902	0.0234375
  3.46912	0.015625
  3.46921	0.0234375
  3.4693	0.0546875
  3.46939	0.0546875
  3.46948	0.046875
  3.46957	0.0390625
  3.46966	0.015625
  3.46975	0.0390625
  3.46984	0.0625
  3.46993	0.0390625
  3.47002	0.015625
  3.47011	0.0234375
  3.4702	0.0546875
  3.47029	0.03125
  3.47039	0.015625
  3.47048	0.03125
  3.47057	0.0625
  3.47066	0.0546875
  3.47075	0.0546875
  3.47084	0.0546875
  3.47093	0.0546875
  3.47102	0.078125
  3.47111	0.0546875
  3.4712	0.0625
  3.47129	0.0546875
  3.47138	0.046875
  3.47147	0.03125
  3.47156	0.03125
  3.47166	0.0234375
  3.47175	0.015625
  3.47184	0.0234375
  3.47193	0
  3.47202	0
  3.47211	0.015625
  3.4722	0.0078125
  3.47229	0.0234375
  3.47238	0.0234375
  3.47247	0.0078125
  3.47256	-0.0078125
  3.47265	-0.046875
  3.47274	-0.0390625
  3.47283	-0.015625
  3.47293	-0.0078125
  3.47302	0
  3.47311	0
  3.4732	0
  3.47329	0.0078125
  3.47338	0.0078125
  3.47347	0.03125
  3.47356	0.0390625
  3.47365	0.046875
  3.47374	0.0546875
  3.47383	0.03125
  3.47392	0.03125
  3.47401	0.0234375
  3.4741	0.03125
  3.47419	0.0546875
  3.47429	0.0390625
  3.47438	0.046875
  3.47447	0.03125
  3.47456	0.0234375
  3.47465	0.015625
  3.47474	0.015625
  3.47483	0.015625
  3.47492	0.0390625
  3.47501	0.0546875
  3.4751	0.0390625
  3.47519	0
  3.47528	0
  3.47537	0.015625
  3.47546	0.046875
  3.47556	0.0546875
  3.47565	0.03125
  3.47574	0.015625
  3.47583	0.015625
  3.47592	0.0234375
  3.47601	0.0078125
  3.4761	0.015625
  3.47619	0.0234375
  3.47628	0.0078125
  3.47637	0.0078125
  3.47646	0.0078125
  3.47655	0.0078125
  3.47664	0.0234375
  3.47673	0.0078125
  3.47683	-0.015625
  3.47692	0
  3.47701	0.0078125
  3.4771	0.0234375
  3.47719	0.0234375
  3.47728	0.015625
  3.47737	0.0234375
  3.47746	0.0078125
  3.47755	0
  3.47764	0.015625
  3.47773	0.0234375
  3.47782	0.03125
  3.47791	0.0234375
  3.478	0.0234375
  3.4781	0.015625
  3.47819	-0.0078125
  3.47828	0.015625
  3.47837	0.03125
  3.47846	0.0078125
  3.47855	0
  3.47864	0.0078125
  3.47873	0.015625
  3.47882	0.03125
  3.47891	0.046875
  3.479	0.0546875
  3.47909	0.046875
  3.47918	0.03125
  3.47927	0.0234375
  3.47937	0.03125
  3.47946	0.0078125
  3.47955	0.015625
  3.47964	0.03125
  3.47973	0.015625
  3.47982	-0.0078125
  3.47991	-0.03125
  3.48	-0.0234375
  3.48009	-0.015625
  3.48018	0.0078125
  3.48027	0.0234375
  3.48036	0.0234375
  3.48045	0.015625
  3.48054	0.0078125
  3.48063	0.0078125
  3.48073	0.0078125
  3.48082	0.015625
  3.48091	0.0078125
  3.481	0.0078125
  3.48109	-0.0078125
  3.48118	-0.0234375
  3.48127	-0.015625
  3.48136	0.015625
  3.48145	0.015625
  3.48154	0.015625
  3.48163	0.0234375
  3.48172	0
  3.48181	0.0078125
  3.4819	0.03125
  3.482	0.0234375
  3.48209	0.046875
  3.48218	0.0546875
  3.48227	0.03125
  3.48236	-0.0078125
  3.48245	-0.0234375
  3.48254	0
  3.48263	0.03125
  3.48272	0.046875
  3.48281	0.015625
  3.4829	0.0078125
  3.48299	0.0078125
  3.48308	0.0234375
  3.48317	0.0390625
  3.48327	0.03125
  3.48336	0.0234375
  3.48345	0.0078125
  3.48354	-0.0078125
  3.48363	-0.0078125
  3.48372	-0.0078125
  3.48381	0.015625
  3.4839	0.0234375
  3.48399	0.015625
  3.48408	0
  3.48417	-0.015625
  3.48426	0.0078125
  3.48435	0.015625
  3.48444	0.03125
  3.48454	0.0625
  3.48463	0.0546875
  3.48472	0.0546875
  3.48481	0.0703125
  3.4849	0.0703125
  3.48499	0.0546875
  3.48508	0.0546875
  3.48517	0.046875
  3.48526	0.0390625
  3.48535	0.03125
  3.48544	0.0078125
  3.48553	-0.0078125
  3.48562	0
  3.48571	0.0234375
  3.48581	0.046875
  3.4859	0.046875
  3.48599	0.0546875
  3.48608	0.0625
  3.48617	0.078125
  3.48626	0.0625
  3.48635	0.0625
  3.48644	0.0546875
  3.48653	0.046875
  3.48662	0.046875
  3.48671	0.046875
  3.4868	0.046875
  3.48689	0.0546875
  3.48698	0.046875
  3.48707	0.015625
  3.48717	0.0078125
  3.48726	0.0234375
  3.48735	0.0390625
  3.48744	0.03125
  3.48753	0.0234375
  3.48762	0.0234375
  3.48771	0.015625
  3.4878	0.0078125
  3.48789	0.0234375
  3.48798	0.03125
  3.48807	0.0234375
  3.48816	0
  3.48825	-0.0234375
  3.48834	-0.0390625
  3.48844	-0.0234375
  3.48853	0
  3.48862	0
  3.48871	-0.015625
  3.4888	-0.0234375
  3.48889	-0.0390625
  3.48898	-0.0390625
  3.48907	-0.015625
  3.48916	-0.015625
  3.48925	-0.0078125
  3.48934	0
  3.48943	0
  3.48952	-0.0234375
  3.48961	-0.0234375
  3.48971	-0.0078125
  3.4898	-0.015625
  3.48989	-0.015625
  3.48998	0
  3.49007	0.0078125
  3.49016	0.0078125
  3.49025	0.03125
  3.49034	0.046875
  3.49043	0.03125
  3.49052	0.0078125
  3.49061	0.0078125
  3.4907	0.0234375
  3.49079	0.0234375
  3.49088	0.046875
  3.49098	0.046875
  3.49107	0.015625
  3.49116	-0.0078125
  3.49125	0
  3.49134	0.0234375
  3.49143	0.03125
  3.49152	0.0234375
  3.49161	0.0234375
  3.4917	0.0390625
  3.49179	0.046875
  3.49188	0.0625
  3.49197	0.0546875
  3.49206	0.046875
  3.49215	0.0390625
  3.49224	0.0390625
  3.49234	0.03125
  3.49243	0.03125
  3.49252	0.03125
  3.49261	0.015625
  3.4927	0.015625
  3.49279	0.0234375
  3.49288	0.0234375
  3.49297	0.0234375
  3.49306	0.0234375
  3.49315	0.015625
  3.49324	0.0234375
  3.49333	0.0078125
  3.49342	0.0078125
  3.49351	0.015625
  3.49361	0.0078125
  3.4937	0.0078125
  3.49379	0.0234375
  3.49388	0.0234375
  3.49397	0.0234375
  3.49406	0.03125
  3.49415	0.0078125
  3.49424	-0.0234375
  3.49433	-0.0234375
  3.49442	-0.015625
  3.49451	-0.0078125
  3.4946	-0.0078125
  3.49469	-0.0234375
  3.49478	-0.046875
  3.49488	-0.0390625
  3.49497	-0.0234375
  3.49506	-0.0078125
  3.49515	0
  3.49524	-0.0078125
  3.49533	-0.015625
  3.49542	-0.03125
  3.49551	-0.0390625
  3.4956	-0.0390625
  3.49569	-0.0234375
  3.49578	0.0078125
  3.49587	0.015625
  3.49596	0.03125
  3.49605	0.03125
  3.49615	0.03125
  3.49624	0.03125
  3.49633	0.03125
  3.49642	0.0390625
  3.49651	0.046875
  3.4966	0.0625
  3.49669	0.078125
  3.49678	0.0859375
  3.49687	0.0703125
  3.49696	0.0546875
  3.49705	0.046875
  3.49714	0.0546875
  3.49723	0.046875
  3.49732	0.0390625
  3.49742	0.0234375
  3.49751	0.03125
  3.4976	0.0390625
  3.49769	0.03125
  3.49778	0.03125
  3.49787	0.0390625
  3.49796	0.0546875
  3.49805	0.0546875
  3.49814	0.0625
  3.49823	0.046875
  3.49832	0.0390625
  3.49841	0.0390625
  3.4985	0.0390625
  3.49859	0.046875
  3.49868	0.0546875
  3.49878	0.0625
  3.49887	0.0390625
  3.49896	0.015625
  3.49905	0
  3.49914	0.0078125
  3.49923	0.03125
  3.49932	0.046875
  3.49941	0.046875
  3.4995	0.0390625
  3.49959	0.03125
  3.49968	0.015625
  3.49977	0.015625
  3.49986	0.015625
  3.49995	0.03125
  3.50005	0.0234375
  3.50014	0.015625
  3.50023	0.0234375
  3.50032	0.0234375
  3.50041	0.015625
  3.5005	0.0078125
  3.50059	0.015625
  3.50068	0.015625
  3.50077	0.03125
  3.50086	0.046875
  3.50095	0.0390625
  3.50104	0.0234375
  3.50113	0.0078125
  3.50122	0.015625
  3.50132	0.03125
  3.50141	0.046875
  3.5015	0.0546875
  3.50159	0.0390625
  3.50168	0.0390625
  3.50177	0.03125
  3.50186	0.03125
  3.50195	0.015625
  3.50204	0.03125
  3.50213	0.046875
  3.50222	0.046875
  3.50231	0.046875
  3.5024	0.015625
  3.50249	0
  3.50258	0.0078125
  3.50268	0
  3.50277	0
  3.50286	0.0078125
  3.50295	0.015625
  3.50304	0.015625
  3.50313	0
  3.50322	-0.0078125
  3.50331	0
  3.5034	0
  3.50349	0
  3.50358	0.0078125
  3.50367	0
  3.50376	-0.015625
  3.50385	-0.015625
  3.50395	-0.015625
  3.50404	-0.015625
  3.50413	-0.03125
  3.50422	-0.015625
  3.50431	-0.0234375
  3.5044	-0.03125
  3.50449	-0.03125
  3.50458	-0.03125
  3.50467	-0.015625
  3.50476	0
  3.50485	0.015625
  3.50494	0.015625
  3.50503	0.015625
  3.50512	-0.0078125
  3.50522	-0.015625
  3.50531	-0.015625
  3.5054	-0.015625
  3.50549	0
  3.50558	0
  3.50567	-0.015625
  3.50576	-0.015625
  3.50585	0
  3.50594	0.0078125
  3.50603	0.0234375
  3.50612	0.03125
  3.50621	0.0078125
  3.5063	-0.0078125
  3.50639	-0.015625
  3.50649	0
  3.50658	0.015625
  3.50667	0.0234375
  3.50676	0.0234375
  3.50685	0.0234375
  3.50694	0.0234375
  3.50703	0.0078125
  3.50712	0
  3.50721	0.015625
  3.5073	0.0078125
  3.50739	0.015625
  3.50748	0.0078125
  3.50757	0.0078125
  3.50766	0.015625
  3.50776	0.0234375
  3.50785	0.0390625
  3.50794	0.0390625
  3.50803	0.03125
  3.50812	0.03125
  3.50821	0.015625
  3.5083	0.0078125
  3.50839	0.0078125
  3.50848	0.015625
  3.50857	0.03125
  3.50866	0.0390625
  3.50875	0.03125
  3.50884	0.03125
  3.50893	0.03125
  3.50902	0.046875
  3.50912	0.0625
  3.50921	0.0703125
  3.5093	0.078125
  3.50939	0.0703125
  3.50948	0.0859375
  3.50957	0.0859375
  3.50966	0.0859375
  3.50975	0.078125
  3.50984	0.0703125
  3.50993	0.0546875
  3.51002	0.0390625
  3.51011	0.046875
  3.5102	0.0546875
  3.51029	0.0546875
  3.51039	0.0703125
  3.51048	0.0546875
  3.51057	0.0546875
  3.51066	0.0546875
  3.51075	0.046875
  3.51084	0.046875
  3.51093	0.046875
  3.51102	0.046875
  3.51111	0.0390625
  3.5112	0.0390625
  3.51129	0.046875
  3.51138	0.0390625
  3.51147	0.015625
  3.51156	0.015625
  3.51166	0.0234375
  3.51175	0.0234375
  3.51184	0.03125
  3.51193	0.03125
  3.51202	0.0234375
  3.51211	0.0234375
  3.5122	0.015625
  3.51229	0.015625
  3.51238	0.015625
  3.51247	0.0078125
  3.51256	0
  3.51265	-0.015625
  3.51274	-0.015625
  3.51283	-0.015625
  3.51293	-0.015625
  3.51302	-0.0078125
  3.51311	-0.015625
  3.5132	-0.0078125
  3.51329	-0.015625
  3.51338	-0.015625
  3.51347	0
  3.51356	0
  3.51365	0.015625
  3.51374	0.0078125
  3.51383	-0.0078125
  3.51392	-0.0078125
  3.51401	0
  3.5141	0.0078125
  3.51419	0.0078125
  3.51429	0.015625
  3.51438	0.03125
  3.51447	0.03125
  3.51456	0.03125
  3.51465	0.0078125
  3.51474	0
  3.51483	0
  3.51492	-0.0078125
  3.51501	0.015625
  3.5151	0.03125
  3.51519	0.046875
  3.51528	0.0390625
  3.51537	0.0390625
  3.51546	0.046875
  3.51556	0.046875
  3.51565	0.0546875
  3.51574	0.0703125
  3.51583	0.0625
  3.51592	0.046875
  3.51601	0.03125
  3.5161	0.015625
  3.51619	0.03125
  3.51628	0.0390625
  3.51637	0.0546875
  3.51646	0.0546875
  3.51655	0.0625
  3.51664	0.0546875
  3.51673	0.0546875
  3.51683	0.0546875
  3.51692	0.0390625
  3.51701	0.0234375
  3.5171	0.03125
  3.51719	0.0234375
  3.51728	0.0234375
  3.51737	0.015625
  3.51746	-0.0078125
  3.51755	-0.0078125
  3.51764	0.0078125
  3.51773	0.0078125
  3.51782	-0.015625
  3.51791	-0.0234375
  3.518	-0.0078125
  3.5181	-0.015625
  3.51819	-0.015625
  3.51828	0.015625
  3.51837	0.015625
  3.51846	-0.0234375
  3.51855	-0.0234375
  3.51864	-0.015625
  3.51873	0
  3.51882	0
  3.51891	0.015625
  3.519	0.0234375
  3.51909	0
  3.51918	-0.03125
  3.51927	-0.0234375
  3.51937	-0.015625
  3.51946	0.0078125
  3.51955	0.015625
  3.51964	0
  3.51973	-0.0078125
  3.51982	0
  3.51991	0.015625
  3.52	0.03125
  3.52009	0.0390625
  3.52018	0.0390625
  3.52027	0.0390625
  3.52036	0.03125
  3.52045	0.015625
  3.52054	0.0234375
  3.52063	0.0390625
  3.52073	0.046875
  3.52082	0.046875
  3.52091	0.0625
  3.521	0.0546875
  3.52109	0.046875
  3.52118	0.03125
  3.52127	0.03125
  3.52136	0.0390625
  3.52145	0.0390625
  3.52154	0.0390625
  3.52163	0.0390625
  3.52172	0.0390625
  3.52181	0.0390625
  3.5219	0.0390625
  3.522	0.03125
  3.52209	0.0234375
  3.52218	0.0078125
  3.52227	0.0078125
  3.52236	0.0078125
  3.52245	0.015625
  3.52254	0.015625
  3.52263	0
  3.52272	0
  3.52281	-0.015625
  3.5229	-0.0078125
  3.52299	0
  3.52308	0
  3.52317	0.0078125
  3.52327	0.0078125
  3.52336	-0.0078125
  3.52345	-0.0078125
  3.52354	0.0234375
  3.52363	0.03125
  3.52372	0.0390625
  3.52381	0.03125
  3.5239	0.03125
  3.52399	0.0234375
  3.52408	0.0078125
  3.52417	0.0234375
  3.52426	0.0234375
  3.52435	0.03125
  3.52444	0.046875
  3.52454	0.0546875
  3.52463	0.046875
  3.52472	0.03125
  3.52481	0.03125
  3.5249	0.03125
  3.52499	0.0234375
  3.52508	0.0234375
  3.52517	0.03125
  3.52526	0.0390625
  3.52535	0.0625
  3.52544	0.0625
  3.52553	0.0703125
  3.52562	0.0390625
  3.52571	0.0390625
  3.52581	0.0390625
  3.5259	0.0234375
  3.52599	0.0234375
  3.52608	0.0234375
  3.52617	0.0078125
  3.52626	-0.0078125
  3.52635	0
  3.52644	0.015625
  3.52653	0.03125
  3.52662	0.046875
  3.52671	0.0390625
  3.5268	0.0234375
  3.52689	0.0234375
  3.52698	0.03125
  3.52707	0.046875
  3.52717	0.0546875
  3.52726	0.0390625
  3.52735	0.03125
  3.52744	0.015625
  3.52753	0.015625
  3.52762	0.015625
  3.52771	0.0234375
  3.5278	0.015625
  3.52789	0.015625
  3.52798	0.0234375
  3.52807	0.0234375
  3.52816	0
  3.52825	-0.0078125
  3.52834	-0.015625
  3.52844	-0.0078125
  3.52853	0
  3.52862	0.0078125
  3.52871	0.0078125
  3.5288	0.0078125
  3.52889	0.0078125
  3.52898	0.0078125
  3.52907	0.015625
  3.52916	0.015625
  3.52925	0.0078125
  3.52934	0.0078125
  3.52943	0
  3.52952	0
  3.52961	0.0078125
  3.52971	0.03125
  3.5298	0.0390625
  3.52989	0.0390625
  3.52998	0.0390625
  3.53007	0.03125
  3.53016	0.0234375
  3.53025	0.0078125
  3.53034	-0.0078125
  3.53043	0.015625
  3.53052	0.015625
  3.53061	0.015625
  3.5307	0.03125
  3.53079	0.0390625
  3.53088	0.03125
  3.53098	0.0234375
  3.53107	0.03125
  3.53116	0.0234375
  3.53125	0.0234375
  3.53134	0.03125
  3.53143	0.0390625
  3.53152	0.03125
  3.53161	0.0234375
  3.5317	0.03125
  3.53179	0.0390625
  3.53188	0.0390625
  3.53197	0.03125
  3.53206	0.015625
  3.53215	0.0078125
  3.53224	0.015625
  3.53234	0
  3.53243	-0.0078125
  3.53252	-0.03125
  3.53261	-0.0234375
  3.5327	0
  3.53279	0.0078125
  3.53288	0.0078125
  3.53297	0.015625
  3.53306	0.015625
  3.53315	0.03125
  3.53324	0.0390625
  3.53333	0.046875
  3.53342	0.0390625
  3.53351	0.03125
  3.53361	0.0234375
  3.5337	0
  3.53379	0
  3.53388	0.0234375
  3.53397	0.0234375
  3.53406	0.015625
  3.53415	0.015625
  3.53424	0.0078125
  3.53433	0.0078125
  3.53442	0.015625
  3.53451	0.03125
  3.5346	0.0390625
  3.53469	0.03125
  3.53478	0.0234375
  3.53488	0.03125
  3.53497	0.015625
  3.53506	0
  3.53515	-0.0078125
  3.53524	0
  3.53533	0
  3.53542	0
  3.53551	0.0078125
  3.5356	0.0234375
  3.53569	0.0390625
  3.53578	0.03125
  3.53587	0.0234375
  3.53596	0.0234375
  3.53605	0.015625
  3.53615	0
  3.53624	-0.0078125
  3.53633	0
  3.53642	0
  3.53651	-0.015625
  3.5366	-0.015625
  3.53669	0.015625
  3.53678	0.0234375
  3.53687	0.0234375
  3.53696	0.0234375
  3.53705	0.015625
  3.53714	0.015625
  3.53723	0.0234375
  3.53732	0.03125
  3.53742	0.0390625
  3.53751	0.0390625
  3.5376	0.046875
  3.53769	0.03125
  3.53778	0.015625
  3.53787	0.0234375
  3.53796	0.0078125
  3.53805	0
  3.53814	-0.015625
  3.53823	0
  3.53832	0.015625
  3.53841	0.03125
  3.5385	0.0234375
  3.53859	0.015625
  3.53868	0.0390625
  3.53878	0.0390625
  3.53887	0.046875
  3.53896	0.046875
  3.53905	0.0546875
  3.53914	0.0234375
  3.53923	-0.0390625
  3.53932	-0.0390625
  3.53941	-0.0234375
  3.5395	0
  3.53959	0.03125
  3.53968	0.0234375
  3.53977	0.015625
  3.53986	0.03125
  3.53995	0.015625
  3.54005	0.0078125
  3.54014	0
  3.54023	-0.0078125
  3.54032	0
  3.54041	-0.0078125
  3.5405	-0.015625
  3.54059	-0.015625
  3.54068	-0.015625
  3.54077	-0.03125
  3.54086	-0.0390625
  3.54095	-0.0234375
  3.54104	-0.015625
  3.54113	0.0078125
  3.54122	0.0390625
  3.54132	0.046875
  3.54141	0.046875
  3.5415	0.046875
  3.54159	0.0546875
  3.54168	0.0703125
  3.54177	0.0703125
  3.54186	0.0625
  3.54195	0.0546875
  3.54204	0.0546875
  3.54213	0.0546875
  3.54222	0.0546875
  3.54231	0.0703125
  3.5424	0.0859375
  3.54249	0.09375
  3.54258	0.0703125
  3.54268	0.0546875
  3.54277	0.0546875
  3.54286	0.0625
  3.54295	0.0703125
  3.54304	0.0546875
  3.54313	0.0546875
  3.54322	0.0390625
  3.54331	0.0234375
  3.5434	0.03125
  3.54349	0.0234375
  3.54358	0.015625
  3.54367	0.0234375
  3.54376	0.0390625
  3.54385	0.0234375
  3.54395	0.0234375
  3.54404	0.03125
  3.54413	0.0078125
  3.54422	0.0078125
  3.54431	0
  3.5444	-0.0078125
  3.54449	0
  3.54458	0.015625
  3.54467	0.0390625
  3.54476	0.015625
  3.54485	0.0234375
  3.54494	0.0234375
  3.54503	0.015625
  3.54512	0.015625
  3.54522	0.0234375
  3.54531	0.03125
  3.5454	0.0390625
  3.54549	0.046875
  3.54558	0.03125
  3.54567	0.0078125
  3.54576	0.0234375
  3.54585	0.03125
  3.54594	0.0234375
  3.54603	0.015625
  3.54612	0.015625
  3.54621	0.015625
  3.5463	0.015625
  3.54639	-0.0078125
  3.54649	-0.0234375
  3.54658	-0.015625
  3.54667	0
  3.54676	-0.0078125
  3.54685	-0.015625
  3.54694	-0.015625
  3.54703	-0.0234375
  3.54712	-0.03125
  3.54721	-0.03125
  3.5473	-0.0234375
  3.54739	-0.0078125
  3.54748	0.0078125
  3.54757	0.015625
  3.54766	0.015625
  3.54776	0.0078125
  3.54785	0.015625
  3.54794	0.0078125
  3.54803	0
  3.54812	-0.0078125
  3.54821	-0.015625
  3.5483	-0.0078125
  3.54839	0
  3.54848	0.015625
  3.54857	0.015625
  3.54866	0.0078125
  3.54875	0.0234375
  3.54884	0.0234375
  3.54893	0.0234375
  3.54902	0.0234375
  3.54912	0.0234375
  3.54921	0.0234375
  3.5493	0.03125
  3.54939	0.03125
  3.54948	0.0546875
  3.54957	0.0546875
  3.54966	0.046875
  3.54975	0.046875
  3.54984	0.03125
  3.54993	0.0234375
  3.55002	0.0078125
  3.55011	0.015625
  3.5502	0.0078125
  3.55029	0
  3.55039	0
  3.55048	-0.0078125
  3.55057	0
  3.55066	0.015625
  3.55075	0.0234375
  3.55084	0.03125
  3.55093	0.0234375
  3.55102	0.03125
  3.55111	0.03125
  3.5512	0.0234375
  3.55129	0.0078125
  3.55138	0
  3.55147	0
  3.55156	0
  3.55166	0
  3.55175	-0.0078125
  3.55184	-0.0078125
  3.55193	-0.015625
  3.55202	-0.0078125
  3.55211	0.015625
  3.5522	0.015625
  3.55229	0.015625
  3.55238	0.0234375
  3.55247	0.0234375
  3.55256	0.015625
  3.55265	0
  3.55274	0
  3.55283	0
  3.55293	0.0078125
  3.55302	0.03125
  3.55311	0.0390625
  3.5532	0.046875
  3.55329	0.0546875
  3.55338	0.0546875
  3.55347	0.0546875
  3.55356	0.046875
  3.55365	0.046875
  3.55374	0.046875
  3.55383	0.046875
  3.55392	0.03125
  3.55401	0.03125
  3.5541	0.046875
  3.55419	0.0390625
  3.55429	0.03125
  3.55438	0.0234375
  3.55447	0.03125
  3.55456	0.03125
  3.55465	0.0546875
  3.55474	0.0625
  3.55483	0.0625
  3.55492	0.0703125
  3.55501	0.0703125
  3.5551	0.0625
  3.55519	0.0625
  3.55528	0.0625
  3.55537	0.0546875
  3.55546	0.046875
  3.55556	0.0546875
  3.55565	0.0546875
  3.55574	0.03125
  3.55583	0.0234375
  3.55592	0.0234375
  3.55601	0.0234375
  3.5561	0.0234375
  3.55619	0.0234375
  3.55628	0.0234375
  3.55637	0.0234375
  3.55646	0.0390625
  3.55655	0.0390625
  3.55664	0.03125
  3.55673	0.03125
  3.55683	0.03125
  3.55692	0.015625
  3.55701	-0.015625
  3.5571	0
  3.55719	0.015625
  3.55728	0.03125
  3.55737	0.0546875
  3.55746	0.078125
  3.55755	0.125
  3.55764	0.164062
  3.55773	0.148438
  3.55782	0.148438
  3.55791	0.125
  3.558	0.0703125
  3.5581	0.015625
  3.55819	-0.0390625
  3.55828	-0.0859375
  3.55837	-0.117188
  3.55846	-0.117188
  3.55855	-0.140625
  3.55864	-0.164062
  3.55873	-0.140625
  3.55882	-0.101562
  3.55891	-0.0859375
  3.559	-0.0703125
  3.55909	-0.046875
  3.55918	-0.03125
  3.55927	-0.03125
  3.55937	-0.0234375
  3.55946	-0.0234375
  3.55955	-0.0078125
  3.55964	0.03125
  3.55973	0.0625
  3.55982	0.078125
  3.55991	0.109375
  3.56	0.125
  3.56009	0.09375
  3.56018	0.0703125
  3.56027	0.0703125
  3.56036	0.0625
  3.56045	0.046875
  3.56054	0.0390625
  3.56063	0.0078125
  3.56073	0.0078125
  3.56082	0.0078125
  3.56091	0
  3.561	0.0078125
  3.56109	0.0234375
  3.56118	0.03125
  3.56127	0.046875
  3.56136	0.078125
  3.56145	0.101562
  3.56154	0.109375
  3.56163	0.101562
  3.56172	0.101562
  3.56181	0.09375
  3.5619	0.09375
  3.562	0.109375
  3.56209	0.109375
  3.56218	0.101562
  3.56227	0.0859375
  3.56236	0.046875
  3.56245	0
  3.56254	-0.0625
  3.56263	-0.109375
  3.56272	-0.109375
  3.56281	-0.109375
  3.5629	-0.09375
  3.56299	-0.0859375
  3.56308	-0.078125
  3.56317	-0.0703125
  3.56327	-0.046875
  3.56336	0.015625
  3.56345	0.015625
  3.56354	-0.046875
  3.56363	-0.0625
  3.56372	-0.078125
  3.56381	-0.15625
  3.5639	-0.195312
  3.56399	-0.1875
  3.56408	-0.148438
  3.56417	-0.015625
  3.56426	0.117188
  3.56435	0.195312
  3.56444	0.335938
  3.56454	0.476562
  3.56463	0.460938
  3.56472	0.398438
  3.56481	0.335938
  3.5649	0.203125
  3.56499	0.0390625
  3.56508	-0.132812
  3.56517	-0.296875
  3.56526	-0.390625
  3.56535	-0.390625
  3.56544	-0.382812
  3.56553	-0.359375
  3.56562	-0.265625
  3.56571	-0.164062
  3.56581	-0.0859375
  3.5659	-0.0390625
  3.56599	0.015625
  3.56608	0.0625
  3.56617	0.078125
  3.56626	0.09375
  3.56635	0.117188
  3.56644	0.132812
  3.56653	0.1875
  3.56662	0.234375
  3.56671	0.226562
  3.5668	0.242188
  3.56689	0.21875
  3.56698	0.140625
  3.56707	0.0625
  3.56717	-0.046875
  3.56726	-0.171875
  3.56735	-0.242188
  3.56744	-0.3125
  3.56753	-0.359375
  3.56762	-0.320312
  3.56771	-0.234375
  3.5678	-0.132812
  3.56789	-0.0078125
  3.56798	0.132812
  3.56807	0.21875
  3.56816	0.265625
  3.56825	0.304688
  3.56834	0.3125
  3.56844	0.289062
  3.56853	0.273438
  3.56862	0.234375
  3.56871	0.171875
  3.5688	0.148438
  3.56889	0.140625
  3.56898	0.09375
  3.56907	0.046875
  3.56916	0
  3.56925	-0.0625
  3.56934	-0.125
  3.56943	-0.1875
  3.56952	-0.257812
  3.56961	-0.265625
  3.56971	-0.242188
  3.5698	-0.210938
  3.56989	-0.132812
  3.56998	-0.03125
  3.57007	0.046875
  3.57016	0.125
  3.57025	0.234375
  3.57034	0.289062
  3.57043	0.273438
  3.57052	0.257812
  3.57061	0.210938
  3.5707	0.140625
  3.57079	0.0546875
  3.57088	-0.0625
  3.57098	-0.171875
  3.57107	-0.226562
  3.57116	-0.265625
  3.57125	-0.265625
  3.57134	-0.226562
  3.57143	-0.195312
  3.57152	-0.15625
  3.57161	-0.117188
  3.5717	-0.0390625
  3.57179	0.0078125
  3.57188	-0.0625
  3.57197	-0.078125
  3.57206	-0.046875
  3.57215	-0.109375
  3.57224	-0.132812
  3.57234	-0.0625
  3.57243	0.03125
  3.57252	0.210938
  3.57261	0.359375
  3.5727	0.414062
  3.57279	0.546875
  3.57288	0.679688
  3.57297	0.617188
  3.57306	0.492188
  3.57315	0.359375
  3.57324	0.164062
  3.57333	-0.046875
  3.57342	-0.25
  3.57351	-0.4375
  3.57361	-0.5
  3.5737	-0.484375
  3.57379	-0.484375
  3.57388	-0.445312
  3.57397	-0.351562
  3.57406	-0.1875
  3.57415	-0.03125
  3.57424	0.0390625
  3.57433	0.117188
  3.57442	0.203125
  3.57451	0.21875
  3.5746	0.265625
  3.57469	0.273438
  3.57478	0.226562
  3.57488	0.257812
  3.57497	0.257812
  3.57506	0.195312
  3.57515	0.1875
  3.57524	0.148438
  3.57533	0.0625
  3.57542	-0.03125
  3.57551	-0.15625
  3.5756	-0.257812
  3.57569	-0.304688
  3.57578	-0.359375
  3.57587	-0.367188
  3.57596	-0.351562
  3.57605	-0.28125
  3.57615	-0.125
  3.57624	0.015625
  3.57633	0.148438
  3.57642	0.296875
  3.57651	0.390625
  3.5766	0.4375
  3.57669	0.46875
  3.57678	0.421875
  3.57687	0.335938
  3.57696	0.257812
  3.57705	0.15625
  3.57714	0.0546875
  3.57723	-0.015625
  3.57732	-0.0546875
  3.57741	-0.09375
  3.57751	-0.125
  3.5776	-0.164062
  3.57769	-0.179688
  3.57778	-0.179688
  3.57787	-0.179688
  3.57796	-0.164062
  3.57805	-0.15625
  3.57814	-0.109375
  3.57823	-0.0703125
  3.57832	-0.0078125
  3.57841	0.0625
  3.5785	0.125
  3.57859	0.1875
  3.57868	0.242188
  3.57878	0.265625
  3.57887	0.21875
  3.57896	0.148438
  3.57905	0.078125
  3.57914	-0.03125
  3.57923	-0.132812
  3.57932	-0.195312
  3.57941	-0.25
  3.5795	-0.257812
  3.57959	-0.234375
  3.57968	-0.195312
  3.57977	-0.148438
  3.57986	-0.101562
  3.57995	-0.03125
  3.58005	0.0390625
  3.58014	0
  3.58023	-0.0703125
  3.58032	-0.0625
  3.58041	-0.101562
  3.5805	-0.195312
  3.58059	-0.179688
  3.58068	-0.132812
  3.58077	-0.015625
  3.58086	0.179688
  3.58095	0.320312
  3.58104	0.421875
  3.58113	0.5625
  3.58122	0.640625
  3.58132	0.609375
  3.58141	0.5
  3.5815	0.304688
  3.58159	0.09375
  3.58168	-0.140625
  3.58177	-0.367188
  3.58186	-0.5
  3.58195	-0.585938
  3.58204	-0.617188
  3.58213	-0.539062
  3.58222	-0.453125
  3.58231	-0.320312
  3.5824	-0.0859375
  3.58249	0.046875
  3.58258	0.140625
  3.58268	0.25
  3.58277	0.289062
  3.58286	0.289062
  3.58295	0.265625
  3.58304	0.21875
  3.58313	0.195312
  3.58322	0.195312
  3.58331	0.171875
  3.5834	0.148438
  3.58349	0.117188
  3.58358	0.09375
  3.58367	0.0546875
  3.58376	-0.03125
  3.58385	-0.117188
  3.58395	-0.195312
  3.58404	-0.273438
  3.58413	-0.320312
  3.58422	-0.320312
  3.58431	-0.304688
  3.5844	-0.234375
  3.58449	-0.09375
  3.58458	0.0390625
  3.58467	0.1875
  3.58476	0.335938
  3.58485	0.460938
  3.58494	0.523438
  3.58503	0.507812
  3.58512	0.445312
  3.58522	0.351562
  3.58531	0.210938
  3.5854	0.0703125
  3.58549	-0.0625
  3.58558	-0.15625
  3.58567	-0.21875
  3.58576	-0.242188
  3.58585	-0.242188
  3.58594	-0.203125
  3.58603	-0.132812
  3.58612	-0.0625
  3.58621	-0.015625
  3.5863	0.015625
  3.58639	0.0390625
  3.58649	0.0546875
  3.58658	0.046875
  3.58667	0.0390625
  3.58676	0.0390625
  3.58685	0.0546875
  3.58694	0.0859375
  3.58703	0.109375
  3.58712	0.125
  3.58721	0.125
  3.5873	0.109375
  3.58739	0.0625
  3.58748	0.015625
  3.58757	-0.0390625
  3.58766	-0.101562
  3.58776	-0.15625
  3.58785	-0.195312
  3.58794	-0.210938
  3.58803	-0.1875
  3.58812	-0.148438
  3.58821	-0.101562
  3.5883	-0.0390625
  3.58839	0
  3.58848	0.0703125
  3.58857	0.125
  3.58866	0.0703125
  3.58875	0.0078125
  3.58884	0.0078125
  3.58893	-0.0703125
  3.58902	-0.15625
  3.58912	-0.125
  3.58921	-0.0859375
  3.5893	0.015625
  3.58939	0.15625
  3.58948	0.25
  3.58957	0.414062
  3.58966	0.546875
  3.58975	0.59375
  3.58984	0.601562
  3.58993	0.5
  3.59002	0.328125
  3.59011	0.148438
  3.5902	-0.109375
  3.59029	-0.3125
  3.59039	-0.40625
  3.59048	-0.5
  3.59057	-0.523438
  3.59066	-0.453125
  3.59075	-0.390625
  3.59084	-0.25
  3.59093	-0.0703125
  3.59102	0.0546875
  3.59111	0.179688
  3.5912	0.265625
  3.59129	0.289062
  3.59138	0.320312
  3.59147	0.265625
  3.59156	0.1875
  3.59166	0.15625
  3.59175	0.109375
  3.59184	0.0703125
  3.59193	0.0625
  3.59202	0.03125
  3.59211	0.0078125
  3.5922	0.0078125
  3.59229	-0.03125
  3.59238	-0.09375
  3.59247	-0.140625
  3.59256	-0.195312
  3.59265	-0.242188
  3.59274	-0.265625
  3.59283	-0.25
  3.59293	-0.179688
  3.59302	-0.09375
  3.59311	0.0390625
  3.5932	0.171875
  3.59329	0.304688
  3.59338	0.429688
  3.59347	0.5
  3.59356	0.515625
  3.59365	0.460938
  3.59374	0.375
  3.59383	0.265625
  3.59392	0.117188
  3.59401	-0.046875
  3.5941	-0.171875
  3.5942	-0.257812
  3.59429	-0.304688
  3.59438	-0.304688
  3.59447	-0.265625
  3.59456	-0.179688
  3.59465	-0.0546875
  3.59474	0.046875
  3.59483	0.125
  3.59492	0.171875
  3.59501	0.171875
  3.5951	0.171875
  3.59519	0.148438
  3.59528	0.09375
  3.59537	0.046875
  3.59546	0.015625
  3.59556	-0.015625
  3.59565	-0.0234375
  3.59574	-0.0390625
  3.59583	-0.0625
  3.59592	-0.0703125
  3.59601	-0.078125
  3.5961	-0.09375
  3.59619	-0.117188
  3.59628	-0.125
  3.59637	-0.140625
  3.59646	-0.15625
  3.59655	-0.148438
  3.59664	-0.125
  3.59673	-0.09375
  3.59683	-0.078125
  3.59692	-0.0546875
  3.59701	-0.046875
  3.5971	0.0234375
  3.59719	0.078125
  3.59728	0.0078125
  3.59737	-0.0390625
  3.59746	-0.0078125
  3.59755	-0.078125
  3.59764	-0.15625
  3.59773	-0.15625
  3.59782	-0.117188
  3.59791	0
  3.598	0.109375
  3.5981	0.203125
  3.59819	0.359375
  3.59828	0.460938
  3.59837	0.523438
  3.59846	0.570312
  3.59855	0.492188
  3.59864	0.34375
  3.59873	0.210938
  3.59882	-0.015625
  3.59891	-0.234375
  3.599	-0.359375
  3.59909	-0.476562
  3.59918	-0.53125
  3.59927	-0.5
  3.59937	-0.429688
  3.59946	-0.296875
  3.59955	-0.148438
  3.59964	-0.03125
  3.59973	0.117188
  3.59982	0.21875
  3.59991	0.265625
  3.6	0.3125
  3.60009	0.289062
  3.60018	0.242188
  3.60027	0.203125
  3.60036	0.148438
  3.60045	0.09375
  3.60054	0.0625
  3.60063	0.03125
  3.60073	0.0234375
  3.60082	0.015625
  3.60091	0.015625
  3.601	-0.0078125
  3.60109	-0.0546875
  3.60118	-0.09375
  3.60127	-0.101562
  3.60136	-0.125
  3.60145	-0.148438
  3.60154	-0.132812
  3.60163	-0.0703125
  3.60172	0.03125
  3.60181	0.125
  3.6019	0.21875
  3.602	0.335938
  3.60209	0.429688
  3.60218	0.460938
  3.60227	0.453125
  3.60236	0.40625
  3.60245	0.3125
  3.60254	0.203125
  3.60263	0.03125
  3.60272	-0.101562
  3.60281	-0.203125
  3.6029	-0.265625
  3.60299	-0.273438
  3.60308	-0.242188
  3.60317	-0.179688
  3.60327	-0.0859375
  3.60336	0.0078125
  3.60345	0.101562
  3.60354	0.179688
  3.60363	0.210938
  3.60372	0.210938
  3.60381	0.203125
  3.6039	0.164062
  3.60399	0.101562
  3.60408	0.0390625
  3.60417	-0.0078125
  3.60426	-0.046875
  3.60435	-0.0703125
  3.60444	-0.0703125
  3.60454	-0.0703125
  3.60463	-0.078125
  3.60472	-0.0859375
  3.60481	-0.0859375
  3.6049	-0.0859375
  3.60499	-0.0859375
  3.60508	-0.101562
  3.60517	-0.101562
  3.60526	-0.09375
  3.60535	-0.09375
  3.60544	-0.09375
  3.60553	-0.0703125
  3.60562	-0.0390625
  3.60571	0.03125
  3.60581	0.0625
  3.6059	0.0234375
  3.60599	0.0078125
  3.60608	0.03125
  3.60617	-0.015625
  3.60626	-0.0859375
  3.60635	-0.117188
  3.60644	-0.09375
  3.60653	-0.0234375
  3.60662	0.0546875
  3.60671	0.148438
  3.6068	0.296875
  3.60689	0.414062
  3.60698	0.460938
  3.60707	0.523438
  3.60717	0.515625
  3.60726	0.414062
  3.60735	0.28125
  3.60744	0.09375
  3.60753	-0.125
  3.60762	-0.28125
  3.60771	-0.40625
  3.6078	-0.476562
  3.60789	-0.5
  3.60798	-0.492188
  3.60807	-0.390625
  3.60816	-0.234375
  3.60825	-0.101562
  3.60834	0.046875
  3.60844	0.195312
  3.60853	0.273438
  3.60862	0.3125
  3.60871	0.296875
  3.6088	0.28125
  3.60889	0.21875
  3.60898	0.132812
  3.60907	0.078125
  3.60916	0.0390625
  3.60925	-0.015625
  3.60934	-0.046875
  3.60943	-0.046875
  3.60952	-0.0546875
  3.60961	-0.0546875
  3.60971	-0.0625
  3.6098	-0.09375
  3.60989	-0.125
  3.60998	-0.15625
  3.61007	-0.1875
  3.61016	-0.179688
  3.61025	-0.164062
  3.61034	-0.09375
  3.61043	0.0234375
  3.61052	0.117188
  3.61061	0.21875
  3.6107	0.328125
  3.61079	0.40625
  3.61088	0.421875
  3.61098	0.398438
  3.61107	0.34375
  3.61116	0.234375
  3.61125	0.109375
  3.61134	-0.0234375
  3.61143	-0.132812
  3.61152	-0.210938
  3.61161	-0.265625
  3.6117	-0.273438
  3.61179	-0.226562
  3.61188	-0.132812
  3.61197	-0.0390625
  3.61206	0.046875
  3.61215	0.109375
  3.61224	0.148438
  3.61234	0.1875
  3.61243	0.179688
  3.61252	0.140625
  3.61261	0.09375
  3.6127	0.0625
  3.61279	0.03125
  3.61288	0
  3.61297	-0.015625
  3.61306	-0.015625
  3.61315	-0.015625
  3.61324	-0.0234375
  3.61333	-0.0390625
  3.61342	-0.046875
  3.61351	-0.0625
  3.61361	-0.0859375
  3.6137	-0.109375
  3.61379	-0.125
  3.61388	-0.117188
  3.61397	-0.09375
  3.61406	-0.078125
  3.61415	-0.078125
  3.61424	-0.0703125
  3.61433	-0.03125
  3.61442	0.0234375
  3.61451	0.0234375
  3.6146	-0.015625
  3.61469	-0.0078125
  3.61478	0.0078125
  3.61488	-0.0703125
  3.61497	-0.132812
  3.61506	-0.132812
  3.61515	-0.046875
  3.61524	0.0546875
  3.61533	0.125
  3.61542	0.226562
  3.61551	0.390625
  3.6156	0.484375
  3.61569	0.523438
  3.61578	0.53125
  3.61587	0.429688
  3.61596	0.28125
  3.61605	0.117188
  3.61615	-0.09375
  3.61624	-0.265625
  3.61633	-0.390625
  3.61642	-0.5
  3.61651	-0.507812
  3.6166	-0.492188
  3.61669	-0.40625
  3.61678	-0.25
  3.61687	-0.078125
  3.61696	0.0390625
  3.61705	0.164062
  3.61714	0.28125
  3.61723	0.34375
  3.61732	0.335938
  3.61741	0.289062
  3.61751	0.25
  3.6176	0.195312
  3.61769	0.101562
  3.61778	0.0390625
  3.61787	0
  3.61796	-0.015625
  3.61805	0
  3.61814	-0.015625
  3.61823	-0.0234375
  3.61832	-0.046875
  3.61841	-0.09375
  3.6185	-0.140625
  3.61859	-0.179688
  3.61868	-0.203125
  3.61878	-0.164062
  3.61887	-0.109375
  3.61896	-0.0703125
  3.61905	0.015625
  3.61914	0.132812
  3.61923	0.242188
  3.61932	0.351562
  3.61941	0.429688
  3.6195	0.460938
  3.61959	0.460938
  3.61968	0.382812
  3.61977	0.242188
  3.61986	0.101562
  3.61995	-0.015625
  3.62005	-0.125
  3.62014	-0.226562
  3.62023	-0.273438
  3.62032	-0.25
  3.62041	-0.1875
  3.6205	-0.117188
  3.62059	-0.03125
  3.62068	0.0625
  3.62077	0.117188
  3.62086	0.140625
  3.62095	0.148438
  3.62104	0.117188
  3.62113	0.0859375
  3.62122	0.0625
  3.62132	0.0390625
  3.62141	0.0078125
  3.6215	0.0078125
  3.62159	0.015625
  3.62168	0.0234375
  3.62177	0.0234375
  3.62186	0.015625
  3.62195	0.0078125
  3.62204	-0.015625
  3.62213	-0.0703125
  3.62222	-0.117188
  3.62231	-0.125
  3.6224	-0.125
  3.62249	-0.125
  3.62258	-0.09375
  3.62268	-0.0625
  3.62277	-0.0390625
  3.62286	-0.015625
  3.62295	0.0234375
  3.62304	0.0859375
  3.62313	0.0703125
  3.62322	0.015625
  3.62331	-0.0078125
  3.6234	-0.03125
  3.62349	-0.101562
  3.62358	-0.140625
  3.62367	-0.132812
  3.62376	-0.0390625
  3.62385	0.0703125
  3.62395	0.171875
  3.62404	0.289062
  3.62413	0.453125
  3.62422	0.507812
  3.62431	0.523438
  3.6244	0.5
  3.62449	0.367188
  3.62458	0.203125
  3.62467	0.046875
  3.62476	-0.171875
  3.62485	-0.335938
  3.62494	-0.453125
  3.62503	-0.515625
  3.62512	-0.484375
  3.62522	-0.453125
  3.62531	-0.382812
  3.6254	-0.21875
  3.62549	-0.0546875
  3.62558	0.0546875
  3.62567	0.132812
  3.62576	0.195312
  3.62585	0.25
  3.62594	0.242188
  3.62603	0.195312
  3.62612	0.171875
  3.62621	0.15625
  3.6263	0.132812
  3.62639	0.117188
  3.62649	0.09375
  3.62658	0.0859375
  3.62667	0.0625
  3.62676	0
  3.62685	-0.0625
  3.62694	-0.125
  3.62703	-0.21875
  3.62712	-0.273438
  3.62721	-0.273438
  3.6273	-0.289062
  3.62739	-0.265625
  3.62748	-0.15625
  3.62757	-0.015625
  3.62766	0.109375
  3.62776	0.226562
  3.62785	0.335938
  3.62794	0.429688
  3.62803	0.453125
  3.62812	0.429688
  3.62821	0.382812
  3.6283	0.28125
  3.62839	0.148438
  3.62848	0.0078125
  3.62857	-0.101562
  3.62866	-0.195312
  3.62875	-0.242188
  3.62884	-0.234375
  3.62893	-0.195312
  3.62902	-0.140625
  3.62912	-0.0625
  3.62921	0.015625
  3.6293	0.078125
  3.62939	0.117188
  3.62948	0.125
  3.62957	0.140625
  3.62966	0.132812
  3.62975	0.101562
  3.62984	0.0859375
  3.62993	0.0859375
  3.63002	0.0859375
  3.63011	0.0625
  3.6302	0.0546875
  3.63029	0.0390625
  3.63039	0.015625
  3.63048	-0.0078125
  3.63057	-0.0390625
  3.63066	-0.078125
  3.63075	-0.117188
  3.63084	-0.125
  3.63093	-0.132812
  3.63102	-0.140625
  3.63111	-0.132812
  3.6312	-0.101562
  3.63129	-0.0625
  3.63138	-0.015625
  3.63147	0.0078125
  3.63156	0.0546875
  3.63166	0.109375
  3.63175	0.0625
  3.63184	-0.03125
  3.63193	-0.078125
  3.63202	-0.101562
  3.63211	-0.125
  3.6322	-0.15625
  3.63229	-0.132812
  3.63238	-0.0078125
  3.63247	0.140625
  3.63256	0.242188
  3.63265	0.367188
  3.63274	0.492188
  3.63283	0.539062
  3.63293	0.546875
  3.63302	0.445312
  3.63311	0.257812
  3.6332	0.078125
  3.63329	-0.09375
  3.63338	-0.242188
  3.63347	-0.359375
  3.63356	-0.445312
  3.63365	-0.429688
  3.63374	-0.34375
  3.63383	-0.28125
  3.63392	-0.203125
  3.63401	-0.0703125
  3.6341	0.0390625
  3.6342	0.125
  3.63429	0.140625
  3.63438	0.164062
  3.63447	0.195312
  3.63456	0.21875
  3.63465	0.21875
  3.63474	0.226562
  3.63483	0.242188
  3.63492	0.234375
  3.63501	0.242188
  3.6351	0.21875
  3.63519	0.15625
  3.63528	0.046875
  3.63537	-0.0390625
  3.63546	-0.117188
  3.63556	-0.226562
  3.63565	-0.3125
  3.63574	-0.3125
  3.63583	-0.28125
  3.63592	-0.210938
  3.63601	-0.101562
  3.6361	0.0234375
  3.63619	0.171875
  3.63628	0.304688
  3.63637	0.382812
  3.63646	0.414062
  3.63655	0.40625
  3.63664	0.359375
  3.63673	0.28125
  3.63683	0.195312
  3.63692	0.101562
  3.63701	0.015625
  3.6371	-0.046875
  3.63719	-0.101562
  3.63728	-0.132812
  3.63737	-0.132812
  3.63746	-0.101562
  3.63755	-0.0703125
  3.63764	-0.0390625
  3.63773	-0.015625
  3.63782	0.015625
  3.63791	0.0390625
  3.638	0.046875
  3.6381	0.0390625
  3.63819	0.0390625
  3.63828	0.046875
  3.63837	0.046875
  3.63846	0.0625
  3.63855	0.0546875
  3.63864	0.0390625
  3.63873	0.0390625
  3.63882	0.0234375
  3.63891	0.0078125
  3.639	-0.03125
  3.63909	-0.0625
  3.63918	-0.09375
  3.63927	-0.117188
  3.63937	-0.125
  3.63946	-0.140625
  3.63955	-0.15625
  3.63964	-0.148438
  3.63973	-0.117188
  3.63982	-0.0859375
  3.63991	-0.078125
  3.64	-0.078125
  3.64009	-0.0625
  3.64018	-0.015625
  3.64027	0.0234375
  3.64036	-0.015625
  3.64045	-0.0625
  3.64054	-0.0390625
  3.64063	-0.0390625
  3.64073	-0.046875
  3.64082	-0.0546875
  3.64091	-0.015625
  3.641	0.109375
  3.64109	0.234375
  3.64118	0.3125
  3.64127	0.390625
  3.64136	0.445312
  3.64145	0.421875
  3.64154	0.382812
  3.64163	0.28125
  3.64172	0.117188
  3.64181	-0.03125
  3.6419	-0.140625
  3.642	-0.226562
  3.64209	-0.296875
  3.64218	-0.375
  3.64227	-0.367188
  3.64236	-0.273438
  3.64245	-0.21875
  3.64254	-0.15625
  3.64263	-0.078125
  3.64272	-0.015625
  3.64281	0.0546875
  3.6429	0.109375
  3.64299	0.132812
  3.64308	0.15625
  3.64317	0.171875
  3.64327	0.210938
  3.64336	0.21875
  3.64345	0.179688
  3.64354	0.148438
  3.64363	0.132812
  3.64372	0.0625
  3.64381	-0.03125
  3.6439	-0.148438
  3.64399	-0.242188
  3.64408	-0.28125
  3.64417	-0.289062
  3.64426	-0.304688
  3.64435	-0.234375
  3.64444	-0.140625
  3.64454	-0.03125
  3.64463	0.101562
  3.64472	0.195312
  3.64481	0.273438
  3.6449	0.328125
  3.64499	0.351562
  3.64508	0.328125
  3.64517	0.28125
  3.64526	0.226562
  3.64535	0.195312
  3.64544	0.171875
  3.64553	0.117188
  3.64562	0.046875
  3.64571	-0.0390625
  3.64581	-0.09375
  3.6459	-0.125
  3.64599	-0.15625
  3.64608	-0.164062
  3.64617	-0.125
  3.64626	-0.0546875
  3.64635	0.0390625
  3.64644	0.117188
  3.64653	0.1875
  3.64662	0.226562
  3.64671	0.257812
  3.6468	0.265625
  3.64689	0.210938
  3.64698	0.125
  3.64707	0.0625
  3.64717	0.0234375
  3.64726	-0.0078125
  3.64735	-0.046875
  3.64744	-0.0625
  3.64753	-0.0546875
  3.64762	-0.046875
  3.64771	-0.046875
  3.6478	-0.0625
  3.64789	-0.0859375
  3.64798	-0.09375
  3.64807	-0.101562
  3.64816	-0.101562
  3.64825	-0.09375
  3.64834	-0.0859375
  3.64844	-0.078125
  3.64853	-0.0625
  3.64862	-0.03125
  3.64871	-0.0078125
  3.6488	0.046875
  3.64889	0.046875
  3.64898	-0.0234375
  3.64907	-0.0859375
  3.64916	-0.109375
  3.64925	-0.117188
  3.64934	-0.101562
  3.64943	-0.0703125
  3.64952	0.0078125
  3.64961	0.148438
  3.64971	0.296875
  3.6498	0.414062
  3.64989	0.5
  3.64998	0.484375
  3.65007	0.429688
  3.65016	0.34375
  3.65025	0.203125
  3.65034	0.03125
  3.65043	-0.117188
  3.65052	-0.226562
  3.65061	-0.28125
  3.6507	-0.304688
  3.65079	-0.320312
  3.65088	-0.265625
  3.65098	-0.179688
  3.65107	-0.132812
  3.65116	-0.0703125
  3.65125	-0.03125
  3.65134	-0.0078125
  3.65143	0.0390625
  3.65152	0.101562
  3.65161	0.171875
  3.6517	0.234375
  3.65179	0.265625
  3.65188	0.3125
  3.65197	0.335938
  3.65206	0.273438
  3.65215	0.179688
  3.65224	0.0625
  3.65234	-0.0625
  3.65243	-0.171875
  3.65252	-0.257812
  3.65261	-0.28125
  3.6527	-0.265625
  3.65279	-0.234375
  3.65288	-0.148438
  3.65297	-0.0625
  3.65306	0.015625
  3.65315	0.09375
  3.65324	0.15625
  3.65333	0.1875
  3.65342	0.195312
  3.65351	0.179688
  3.65361	0.1875
  3.6537	0.203125
  3.65379	0.210938
  3.65388	0.21875
  3.65397	0.203125
  3.65406	0.140625
  3.65415	0.046875
  3.65424	-0.046875
  3.65433	-0.140625
  3.65442	-0.210938
  3.65451	-0.242188
  3.6546	-0.242188
  3.65469	-0.179688
  3.65478	-0.078125
  3.65488	0.0390625
  3.65497	0.132812
  3.65506	0.195312
  3.65515	0.203125
  3.65524	0.179688
  3.65533	0.125
  3.65542	0.0703125
  3.65551	0.015625
  3.6556	-0.015625
  3.65569	-0.03125
  3.65578	-0.03125
  3.65587	-0.015625
  3.65596	0
  3.65605	0.0078125
  3.65615	-0.03125
  3.65624	-0.0703125
  3.65633	-0.117188
  3.65642	-0.15625
  3.65651	-0.179688
  3.6566	-0.1875
  3.65669	-0.164062
  3.65678	-0.109375
  3.65687	-0.0390625
  3.65696	0.0078125
  3.65705	0.046875
  3.65714	0.0546875
  3.65723	0.0390625
  3.65732	0.0078125
  3.65741	0.0078125
  3.65751	0
  3.6576	-0.078125
  3.65769	-0.148438
  3.65778	-0.148438
  3.65787	-0.117188
  3.65796	-0.0625
  3.65805	0.015625
  3.65814	0.0859375
  3.65823	0.1875
  3.65832	0.28125
  3.65841	0.367188
  3.6585	0.421875
  3.65859	0.382812
  3.65868	0.304688
  3.65878	0.257812
  3.65887	0.179688
  3.65896	0.0625
  3.65905	-0.0390625
  3.65914	-0.132812
  3.65923	-0.164062
  3.65932	-0.179688
  3.65941	-0.21875
  3.6595	-0.234375
  3.65959	-0.234375
  3.65968	-0.242188
  3.65977	-0.1875
  3.65986	-0.132812
  3.65995	-0.09375
  3.66005	-0.0078125
  3.66014	0.101562
  3.66023	0.203125
  3.66032	0.28125
  3.66041	0.3125
  3.6605	0.289062
  3.66059	0.242188
  3.66068	0.164062
  3.66077	0.0859375
  3.66086	0.0078125
  3.66095	-0.0859375
  3.66104	-0.164062
  3.66113	-0.195312
  3.66122	-0.195312
  3.66132	-0.1875
  3.66141	-0.1875
  3.6615	-0.164062
  3.66159	-0.101562
  3.66168	-0.0546875
  3.66177	-0.0078125
  3.66186	0.0625
  3.66195	0.132812
  3.66204	0.203125
  3.66213	0.289062
  3.66222	0.351562
  3.66231	0.375
  3.6624	0.367188
  3.66249	0.335938
  3.66258	0.273438
  3.66268	0.15625
  3.66277	0.0390625
  3.66286	-0.0859375
  3.66295	-0.1875
  3.66304	-0.234375
  3.66313	-0.234375
  3.66322	-0.195312
  3.66331	-0.132812
  3.6634	-0.03125
  3.66349	0.0703125
  3.66358	0.148438
  3.66367	0.1875
  3.66376	0.203125
  3.66385	0.195312
  3.66395	0.171875
  3.66404	0.148438
  3.66413	0.101562
  3.66422	0.046875
  3.66431	0
  3.6644	-0.0234375
  3.66449	-0.0546875
  3.66458	-0.09375
  3.66467	-0.132812
  3.66476	-0.132812
  3.66485	-0.140625
  3.66494	-0.132812
  3.66503	-0.109375
  3.66512	-0.0859375
  3.66522	-0.0625
  3.66531	-0.03125
  3.6654	-0.015625
  3.66549	0.0078125
  3.66558	0.0078125
  3.66567	-0.015625
  3.66576	-0.0234375
  3.66585	-0.03125
  3.66594	-0.015625
  3.66603	0.0234375
  3.66612	0.046875
  3.66621	0.015625
  3.6663	-0.0625
  3.66639	-0.117188
  3.66649	-0.140625
  3.66658	-0.109375
  3.66667	-0.0625
  3.66676	0.0234375
  3.66685	0.15625
  3.66694	0.273438
  3.66703	0.375
  3.66712	0.445312
  3.66721	0.445312
  3.6673	0.34375
  3.66739	0.265625
  3.66748	0.179688
  3.66757	0.046875
  3.66766	-0.0625
  3.66776	-0.140625
  3.66785	-0.179688
  3.66794	-0.179688
  3.66803	-0.179688
  3.66812	-0.1875
  3.66821	-0.210938
  3.6683	-0.242188
  3.66839	-0.226562
  3.66848	-0.164062
  3.66857	-0.09375
  3.66866	0.015625
  3.66875	0.117188
  3.66884	0.21875
  3.66893	0.296875
  3.66902	0.304688
  3.66912	0.273438
  3.66921	0.226562
  3.6693	0.140625
  3.66939	0.046875
  3.66948	-0.0234375
  3.66957	-0.101562
  3.66966	-0.171875
  3.66975	-0.1875
  3.66984	-0.179688
  3.66993	-0.15625
  3.67002	-0.15625
  3.67011	-0.148438
  3.6702	-0.125
  3.67029	-0.09375
  3.67039	-0.046875
  3.67048	0.03125
  3.67057	0.101562
  3.67066	0.1875
  3.67075	0.28125
  3.67084	0.328125
  3.67093	0.359375
  3.67102	0.351562
  3.67111	0.28125
  3.6712	0.1875
  3.67129	0.078125
  3.67138	-0.03125
  3.67147	-0.125
  3.67156	-0.203125
  3.67166	-0.226562
  3.67175	-0.195312
  3.67184	-0.140625
  3.67193	-0.0859375
  3.67202	-0.03125
  3.67211	0.0078125
  3.6722	0.046875
  3.67229	0.078125
  3.67238	0.09375
  3.67247	0.09375
  3.67256	0.101562
  3.67265	0.109375
  3.67274	0.109375
  3.67283	0.109375
  3.67293	0.09375
  3.67302	0.0546875
  3.67311	0.015625
  3.6732	-0.0234375
  3.67329	-0.0546875
  3.67338	-0.078125
  3.67347	-0.0859375
  3.67356	-0.0859375
  3.67365	-0.0703125
  3.67374	-0.0546875
  3.67383	-0.0703125
  3.67392	-0.0625
  3.67401	-0.0703125
  3.6741	-0.078125
  3.6742	-0.0625
  3.67429	-0.0546875
  3.67438	-0.03125
  3.67447	0
  3.67456	0.03125
  3.67465	0.09375
  3.67474	0.125
  3.67483	0.0390625
  3.67492	-0.0703125
  3.67501	-0.15625
  3.6751	-0.179688
  3.67519	-0.125
  3.67528	-0.03125
  3.67537	0.0859375
  3.67546	0.21875
  3.67556	0.34375
  3.67565	0.445312
  3.67574	0.476562
  3.67583	0.398438
  3.67592	0.289062
  3.67601	0.195312
  3.6761	0.0859375
  3.67619	-0.0078125
  3.67628	-0.0703125
  3.67637	-0.109375
  3.67646	-0.148438
  3.67655	-0.164062
  3.67664	-0.1875
  3.67673	-0.21875
  3.67683	-0.257812
  3.67692	-0.296875
  3.67701	-0.242188
  3.6771	-0.148438
  3.67719	-0.03125
  3.67728	0.101562
  3.67737	0.21875
  3.67746	0.296875
  3.67755	0.335938
  3.67764	0.320312
  3.67773	0.25
  3.67782	0.140625
  3.67791	0.0546875
  3.678	0.015625
  3.6781	-0.0234375
  3.67819	-0.0546875
  3.67828	-0.0859375
  3.67837	-0.109375
  3.67846	-0.140625
  3.67855	-0.15625
  3.67864	-0.171875
  3.67873	-0.1875
  3.67882	-0.164062
  3.67891	-0.09375
  3.679	0.0078125
  3.67909	0.125
  3.67918	0.21875
  3.67927	0.3125
  3.67937	0.375
  3.67946	0.382812
  3.67955	0.359375
  3.67964	0.296875
  3.67973	0.203125
  3.67982	0.0859375
  3.67991	-0.0234375
  3.68	-0.078125
  3.68009	-0.101562
  3.68018	-0.101562
  3.68027	-0.0859375
  3.68036	-0.078125
  3.68045	-0.0546875
  3.68054	-0.03125
  3.68063	0
  3.68073	0.0234375
  3.68082	0.03125
  3.68091	0.046875
  3.681	0.078125
  3.68109	0.0859375
  3.68118	0.0859375
  3.68127	0.101562
  3.68136	0.0703125
  3.68145	0.03125
  3.68154	0
  3.68163	-0.03125
  3.68172	-0.0703125
  3.68181	-0.0859375
  3.6819	-0.101562
  3.682	-0.101562
  3.68209	-0.109375
  3.68218	-0.109375
  3.68227	-0.09375
  3.68236	-0.09375
  3.68245	-0.109375
  3.68254	-0.109375
  3.68263	-0.101562
  3.68272	-0.101562
  3.68281	-0.078125
  3.6829	-0.046875
  3.68299	-0.0390625
  3.68308	-0.0078125
  3.68317	0.046875
  3.68327	0.0390625
  3.68336	-0.0625
  3.68345	-0.140625
  3.68354	-0.179688
  3.68363	-0.15625
  3.68372	-0.0625
  3.68381	0.0625
  3.6839	0.195312
  3.68399	0.3125
  3.68408	0.398438
  3.68417	0.445312
  3.68426	0.40625
  3.68435	0.304688
  3.68444	0.203125
  3.68454	0.132812
  3.68463	0.0546875
  3.68472	0.015625
  3.68481	-0.015625
  3.6849	-0.078125
  3.68499	-0.125
  3.68508	-0.195312
  3.68517	-0.265625
  3.68526	-0.320312
  3.68535	-0.382812
  3.68544	-0.359375
  3.68553	-0.242188
  3.68562	-0.109375
  3.68571	0.046875
  3.68581	0.171875
  3.6859	0.242188
  3.68599	0.273438
  3.68608	0.273438
  3.68617	0.234375
  3.68626	0.1875
  3.68635	0.132812
  3.68644	0.0859375
  3.68653	0.078125
  3.68662	0.0625
  3.68671	0.0234375
  3.6868	-0.0078125
  3.68689	-0.101562
  3.68698	-0.179688
  3.68707	-0.21875
  3.68717	-0.25
  3.68726	-0.226562
  3.68735	-0.15625
  3.68744	-0.03125
  3.68753	0.117188
  3.68762	0.21875
  3.68771	0.273438
  3.6878	0.296875
  3.68789	0.296875
  3.68798	0.273438
  3.68807	0.273438
  3.68816	0.226562
  3.68825	0.195312
  3.68834	0.148438
  3.68844	0.09375
  3.68853	0.046875
  3.68862	0.0078125
  3.68871	-0.015625
  3.6888	-0.03125
  3.68889	-0.0546875
  3.68898	-0.078125
  3.68907	-0.0625
  3.68916	-0.0625
  3.68925	-0.046875
  3.68934	-0.0234375
  3.68943	-0.0078125
  3.68952	0.015625
  3.68961	0.0390625
  3.68971	0.0390625
  3.6898	0.0390625
  3.68989	0.0390625
  3.68998	0.0390625
  3.69007	0.046875
  3.69016	0.0546875
  3.69025	0.046875
  3.69034	0.015625
  3.69043	-0.015625
  3.69052	-0.0625
  3.69061	-0.109375
  3.6907	-0.140625
  3.69079	-0.148438
  3.69088	-0.132812
  3.69098	-0.125
  3.69107	-0.09375
  3.69116	-0.078125
  3.69125	-0.0703125
  3.69134	-0.078125
  3.69143	-0.0703125
  3.69152	-0.0390625
  3.69161	-0.03125
  3.6917	-0.0859375
  3.69179	-0.132812
  3.69188	-0.15625
  3.69197	-0.148438
  3.69206	-0.0546875
  3.69215	0.078125
  3.69224	0.1875
  3.69234	0.296875
  3.69243	0.367188
  3.69252	0.414062
  3.69261	0.421875
  3.6927	0.351562
  3.69279	0.28125
  3.69288	0.242188
  3.69297	0.179688
  3.69306	0.125
  3.69315	0.078125
  3.69324	-0.015625
  3.69333	-0.117188
  3.69342	-0.195312
  3.69351	-0.273438
  3.69361	-0.328125
  3.6937	-0.375
  3.69379	-0.390625
  3.69388	-0.304688
  3.69397	-0.164062
  3.69406	-0.0390625
  3.69415	0.078125
  3.69424	0.148438
  3.69433	0.15625
  3.69442	0.171875
  3.69451	0.171875
  3.6946	0.15625
  3.69469	0.15625
  3.69478	0.171875
  3.69488	0.1875
  3.69497	0.171875
  3.69506	0.101562
  3.69515	0.0234375
  3.69524	-0.0625
  3.69533	-0.140625
  3.69542	-0.195312
  3.69551	-0.21875
  3.6956	-0.21875
  3.69569	-0.1875
  3.69578	-0.117188
  3.69587	-0.0546875
  3.69596	0.03125
  3.69605	0.101562
  3.69615	0.140625
  3.69624	0.179688
  3.69633	0.203125
  3.69642	0.257812
  3.69651	0.296875
  3.6966	0.289062
  3.69669	0.25
  3.69678	0.203125
  3.69687	0.15625
  3.69696	0.109375
  3.69705	0.0703125
  3.69714	0.03125
  3.69723	-0.015625
  3.69732	-0.0390625
  3.69741	-0.0625
  3.69751	-0.078125
  3.6976	-0.09375
  3.69769	-0.125
  3.69778	-0.125
  3.69787	-0.109375
  3.69796	-0.078125
  3.69805	-0.0390625
  3.69814	0.015625
  3.69823	0.0625
  3.69832	0.09375
  3.69841	0.117188
  3.6985	0.109375
  3.69859	0.078125
  3.69868	0.046875
  3.69878	0.0234375
  3.69887	0.015625
  3.69896	-0.0234375
  3.69905	-0.0625
  3.69914	-0.09375
  3.69923	-0.132812
  3.69932	-0.148438
  3.69941	-0.15625
  3.6995	-0.15625
  3.69959	-0.171875
  3.69968	-0.148438
  3.69977	-0.0859375
  3.69986	-0.078125
  3.69995	-0.132812
  3.70005	-0.179688
  3.70014	-0.195312
  3.70023	-0.171875
  3.70032	-0.078125
  3.70041	0.0703125
  3.7005	0.203125
  3.70059	0.3125
  3.70068	0.382812
  3.70077	0.4375
  3.70086	0.4375
  3.70095	0.367188
  3.70104	0.320312
  3.70113	0.304688
  3.70122	0.257812
  3.70132	0.210938
  3.70141	0.132812
  3.7015	0.0390625
  3.70159	-0.0625
  3.70168	-0.179688
  3.70177	-0.289062
  3.70186	-0.367188
  3.70195	-0.429688
  3.70204	-0.421875
  3.70213	-0.3125
  3.70222	-0.195312
  3.70231	-0.0859375
  3.7024	0.015625
  3.70249	0.0625
  3.70259	0.09375
  3.70268	0.109375
  3.70277	0.15625
  3.70286	0.203125
  3.70295	0.242188
  3.70304	0.289062
  3.70313	0.328125
  3.70322	0.304688
  3.70331	0.234375
  3.7034	0.148438
  3.70349	0.0546875
  3.70358	-0.0390625
  3.70367	-0.109375
  3.70376	-0.132812
  3.70385	-0.140625
  3.70395	-0.140625
  3.70404	-0.125
  3.70413	-0.09375
  3.70422	-0.078125
  3.70431	-0.078125
  3.7044	-0.0390625
  3.70449	0.015625
  3.70458	0.0625
  3.70467	0.125
  3.70476	0.195312
  3.70485	0.226562
  3.70494	0.210938
  3.70503	0.195312
  3.70512	0.179688
  3.70522	0.171875
  3.70531	0.15625
  3.7054	0.148438
  3.70549	0.117188
  3.70558	0.078125
  3.70567	0.0234375
  3.70576	-0.0390625
  3.70585	-0.101562
  3.70594	-0.171875
  3.70603	-0.226562
  3.70612	-0.234375
  3.70621	-0.210938
  3.7063	-0.164062
  3.70639	-0.0859375
  3.70649	-0.03125
  3.70658	0.015625
  3.70667	0.0390625
  3.70676	0.046875
  3.70685	0.0390625
  3.70694	0.0390625
  3.70703	0.046875
  3.70712	0.03125
  3.70721	0.015625
  3.7073	-0.0234375
  3.70739	-0.078125
  3.70748	-0.109375
  3.70757	-0.125
  3.70766	-0.132812
  3.70776	-0.132812
  3.70785	-0.109375
  3.70794	-0.0625
  3.70803	-0.078125
  3.70812	-0.171875
  3.70821	-0.25
  3.7083	-0.289062
  3.70839	-0.257812
  3.70848	-0.125
  3.70857	0.015625
  3.70866	0.171875
  3.70875	0.296875
  3.70884	0.34375
  3.70893	0.367188
  3.70902	0.382812
  3.70912	0.335938
  3.70921	0.328125
  3.7093	0.390625
  3.70939	0.398438
  3.70948	0.359375
  3.70957	0.304688
  3.70966	0.179688
  3.70975	0.03125
  3.70984	-0.109375
  3.70993	-0.226562
  3.71002	-0.296875
  3.71011	-0.359375
  3.7102	-0.351562
  3.71029	-0.273438
  3.71039	-0.203125
  3.71048	-0.164062
  3.71057	-0.117188
  3.71066	-0.117188
  3.71075	-0.117188
  3.71084	-0.078125
  3.71093	0.0078125
  3.71102	0.125
  3.71111	0.234375
  3.7112	0.3125
  3.71129	0.359375
  3.71138	0.304688
  3.71147	0.195312
  3.71156	0.132812
  3.71166	0.078125
  3.71175	0.046875
  3.71184	0.03125
  3.71193	0.0234375
  3.71202	-0.015625
  3.71211	-0.078125
  3.7122	-0.125
  3.71229	-0.125
  3.71238	-0.148438
  3.71247	-0.164062
  3.71256	-0.132812
  3.71265	-0.078125
  3.71274	-0.046875
  3.71283	0
  3.71293	0.03125
  3.71302	0.0625
  3.71311	0.09375
  3.7132	0.117188
  3.71329	0.179688
  3.71338	0.25
  3.71347	0.304688
  3.71356	0.328125
  3.71365	0.320312
  3.71374	0.265625
  3.71383	0.171875
  3.71392	0.078125
  3.71401	-0.0234375
  3.7141	-0.09375
  3.7142	-0.132812
  3.71429	-0.164062
  3.71438	-0.179688
  3.71447	-0.1875
  3.71456	-0.164062
  3.71465	-0.140625
  3.71474	-0.117188
  3.71483	-0.0703125
  3.71492	-0.0390625
  3.71501	0.0078125
  3.7151	0.0703125
  3.71519	0.09375
  3.71528	0.0859375
  3.71537	0.0625
  3.71546	0.03125
  3.71556	0.0234375
  3.71565	0.0078125
  3.71574	-0.0078125
  3.71583	0
  3.71592	0
  3.71601	0
  3.7161	-0.0078125
  3.71619	-0.109375
  3.71628	-0.234375
  3.71637	-0.304688
  3.71646	-0.335938
  3.71655	-0.28125
  3.71664	-0.125
  3.71673	0.0390625
  3.71683	0.164062
  3.71692	0.21875
  3.71701	0.226562
  3.7171	0.21875
  3.71719	0.210938
  3.71728	0.242188
  3.71737	0.34375
  3.71746	0.421875
  3.71755	0.414062
  3.71764	0.335938
  3.71773	0.203125
  3.71782	0.0703125
  3.71791	-0.0546875
  3.718	-0.164062
  3.7181	-0.210938
  3.71819	-0.234375
  3.71828	-0.25
  3.71837	-0.21875
  3.71846	-0.1875
  3.71855	-0.203125
  3.71864	-0.210938
  3.71873	-0.226562
  3.71882	-0.226562
  3.71891	-0.171875
  3.719	-0.09375
  3.71909	0.03125
  3.71918	0.148438
  3.71927	0.195312
  3.71937	0.210938
  3.71946	0.1875
  3.71955	0.125
  3.71964	0.125
  3.71973	0.164062
  3.71982	0.195312
  3.71991	0.203125
  3.72	0.148438
  3.72009	0.078125
  3.72018	0
  3.72027	-0.09375
  3.72036	-0.109375
  3.72045	-0.078125
  3.72054	-0.046875
  3.72063	-0.015625
  3.72073	-0.015625
  3.72082	-0.0390625
  3.72091	-0.0703125
  3.721	-0.078125
  3.72109	-0.0390625
  3.72118	0.0234375
  3.72127	0.101562
  3.72136	0.179688
  3.72145	0.234375
  3.72154	0.257812
  3.72163	0.273438
  3.72172	0.257812
  3.72181	0.21875
  3.7219	0.203125
  3.722	0.179688
  3.72209	0.15625
  3.72218	0.125
  3.72227	0.0546875
  3.72236	-0.0234375
  3.72245	-0.078125
  3.72254	-0.132812
  3.72263	-0.171875
  3.72272	-0.171875
  3.72281	-0.140625
  3.7229	-0.109375
  3.72299	-0.078125
  3.72308	-0.046875
  3.72317	-0.03125
  3.72327	-0.03125
  3.72336	-0.0234375
  3.72345	-0.03125
  3.72354	-0.015625
  3.72363	0
  3.72372	0
  3.72381	0.0078125
  3.7239	0.015625
  3.72399	0.015625
  3.72408	0.0234375
  3.72417	-0.0390625
  3.72426	-0.164062
  3.72435	-0.25
  3.72444	-0.273438
  3.72454	-0.226562
  3.72463	-0.101562
  3.72472	0.0390625
  3.72481	0.125
  3.7249	0.140625
  3.72499	0.09375
  3.72508	0.0859375
  3.72517	0.117188
  3.72526	0.1875
  3.72535	0.296875
  3.72544	0.40625
  3.72553	0.390625
  3.72562	0.28125
  3.72571	0.15625
  3.7258	0.03125
  3.7259	-0.046875
  3.72599	-0.09375
  3.72608	-0.117188
  3.72617	-0.132812
  3.72626	-0.203125
  3.72635	-0.25
  3.72644	-0.257812
  3.72653	-0.273438
  3.72662	-0.265625
  3.72671	-0.226562
  3.7268	-0.148438
  3.72689	-0.0859375
  3.72698	-0.015625
  3.72707	0.0625
  3.72717	0.125
  3.72726	0.140625
  3.72735	0.132812
  3.72744	0.148438
  3.72753	0.171875
  3.72762	0.203125
  3.72771	0.242188
  3.7278	0.242188
  3.72789	0.210938
  3.72798	0.117188
  3.72807	0.0234375
  3.72816	-0.0078125
  3.72825	-0.0078125
  3.72834	0
  3.72844	0.015625
  3.72853	0
  3.72862	-0.0546875
  3.72871	-0.101562
  3.7288	-0.132812
  3.72889	-0.132812
  3.72898	-0.0859375
  3.72907	-0.0078125
  3.72916	0.0703125
  3.72925	0.101562
  3.72934	0.125
  3.72943	0.164062
  3.72952	0.1875
  3.72961	0.210938
  3.72971	0.226562
  3.7298	0.210938
  3.72989	0.1875
  3.72998	0.164062
  3.73007	0.132812
  3.73016	0.0703125
  3.73025	0
  3.73034	-0.0625
  3.73043	-0.0859375
  3.73052	-0.0859375
  3.73061	-0.078125
  3.7307	-0.0546875
  3.73079	-0.0625
  3.73088	-0.0859375
  3.73098	-0.09375
  3.73107	-0.078125
  3.73116	-0.046875
  3.73125	-0.015625
  3.73134	0.015625
  3.73143	0.03125
  3.73152	0.0234375
  3.73161	0.0078125
  3.7317	0
  3.73179	-0.0078125
  3.73188	0.0234375
  3.73197	0.0234375
  3.73206	-0.0859375
  3.73215	-0.195312
  3.73224	-0.226562
  3.73234	-0.210938
  3.73243	-0.117188
  3.73252	0.0234375
  3.73261	0.125
  3.7327	0.171875
  3.73279	0.140625
  3.73288	0.109375
  3.73297	0.117188
  3.73306	0.171875
  3.73315	0.25
  3.73324	0.351562
  3.73333	0.375
  3.73342	0.25
  3.73351	0.109375
  3.73361	0.0234375
  3.7337	-0.015625
  3.73379	-0.03125
  3.73388	-0.078125
  3.73397	-0.125
  3.73406	-0.179688
  3.73415	-0.265625
  3.73424	-0.3125
  3.73433	-0.3125
  3.73442	-0.3125
  3.73451	-0.28125
  3.7346	-0.21875
  3.73469	-0.148438
  3.73478	-0.09375
  3.73488	-0.0390625
  3.73497	0.015625
  3.73506	0.0625
  3.73515	0.0859375
  3.73524	0.117188
  3.73533	0.1875
  3.73542	0.25
  3.73551	0.28125
  3.7356	0.257812
  3.73569	0.1875
  3.73578	0.109375
  3.73587	0.0546875
  3.73596	0.0546875
  3.73605	0.0703125
  3.73615	0.0625
  3.73624	0.0390625
  3.73633	-0.015625
  3.73642	-0.078125
  3.73651	-0.109375
  3.7366	-0.117188
  3.73669	-0.0703125
  3.73678	-0.0234375
  3.73687	0
  3.73696	0.015625
  3.73705	0.0390625
  3.73714	0.0703125
  3.73723	0.125
  3.73732	0.179688
  3.73741	0.21875
  3.73751	0.226562
  3.7376	0.21875
  3.73769	0.195312
  3.73778	0.148438
  3.73787	0.101562
  3.73796	0.0625
  3.73805	0.0546875
  3.73814	0.0546875
  3.73823	0.0390625
  3.73832	-0.0078125
  3.73841	-0.0703125
  3.7385	-0.101562
  3.73859	-0.117188
  3.73868	-0.101562
  3.73878	-0.0703125
  3.73887	-0.0390625
  3.73896	-0.0390625
  3.73905	-0.0546875
  3.73914	-0.078125
  3.73923	-0.0859375
  3.73932	-0.0625
  3.73941	-0.0234375
  3.7395	0
  3.73959	0.0390625
  3.73968	-0.0078125
  3.73977	-0.140625
  3.73986	-0.226562
  3.73995	-0.195312
  3.74005	-0.125
  3.74014	-0.0234375
  3.74023	0.09375
  3.74032	0.140625
  3.74041	0.09375
  3.7405	0.0234375
  3.74059	0.015625
  3.74068	0.101562
  3.74077	0.210938
  3.74086	0.3125
  3.74095	0.367188
  3.74104	0.289062
  3.74113	0.15625
  3.74122	0.0703125
  3.74132	0.0625
  3.74141	0.09375
  3.7415	0.0703125
  3.74159	-0.0078125
  3.74168	-0.0703125
  3.74177	-0.179688
  3.74186	-0.296875
  3.74195	-0.3125
  3.74204	-0.28125
  3.74213	-0.257812
  3.74222	-0.21875
  3.74231	-0.179688
  3.7424	-0.132812
  3.74249	-0.101562
  3.74259	-0.0625
  3.74268	0.015625
  3.74277	0.0859375
  3.74286	0.148438
  3.74295	0.25
  3.74304	0.3125
  3.74313	0.296875
  3.74322	0.234375
  3.74331	0.164062
  3.7434	0.15625
  3.74349	0.171875
  3.74358	0.203125
  3.74367	0.203125
  3.74376	0.132812
  3.74385	0.015625
  3.74395	-0.09375
  3.74404	-0.125
  3.74413	-0.101562
  3.74422	-0.0703125
  3.74431	-0.046875
  3.7444	-0.0390625
  3.74449	-0.078125
  3.74458	-0.101562
  3.74467	-0.0546875
  3.74476	0.0078125
  3.74485	0.078125
  3.74494	0.125
  3.74503	0.148438
  3.74512	0.148438
  3.74522	0.125
  3.74531	0.109375
  3.7454	0.117188
  3.74549	0.117188
  3.74558	0.101562
  3.74567	0.101562
  3.74576	0.09375
  3.74585	0.0546875
  3.74594	-0.015625
  3.74603	-0.0625
  3.74612	-0.078125
  3.74621	-0.078125
  3.7463	-0.0703125
  3.74639	-0.0625
  3.74649	-0.0703125
  3.74658	-0.109375
  3.74667	-0.125
  3.74676	-0.117188
  3.74685	-0.09375
  3.74694	-0.03125
  3.74703	-0.015625
  3.74712	0.0078125
  3.74721	0.0078125
  3.7473	-0.101562
  3.74739	-0.242188
  3.74748	-0.257812
  3.74757	-0.164062
  3.74766	-0.0625
  3.74776	0.0546875
  3.74785	0.140625
  3.74794	0.109375
  3.74803	0.015625
  3.74812	0
  3.74821	0.132812
  3.7483	0.304688
  3.74839	0.414062
  3.74848	0.445312
  3.74857	0.359375
  3.74866	0.210938
  3.74875	0.109375
  3.74884	0.0859375
  3.74893	0.109375
  3.74902	0.09375
  3.74912	-0.0078125
  3.74921	-0.140625
  3.7493	-0.242188
  3.74939	-0.335938
  3.74948	-0.34375
  3.74957	-0.304688
  3.74966	-0.265625
  3.74975	-0.210938
  3.74984	-0.179688
  3.74993	-0.171875
  3.75002	-0.15625
  3.75011	-0.125
  3.7502	-0.0546875
  3.75029	0.0546875
  3.75039	0.171875
  3.75048	0.25
  3.75057	0.257812
  3.75066	0.203125
  3.75075	0.15625
  3.75084	0.15625
  3.75093	0.21875
  3.75102	0.28125
  3.75111	0.273438
  3.7512	0.210938
  3.75129	0.117188
  3.75138	0.03125
  3.75147	0
  3.75156	0.015625
  3.75166	0.03125
  3.75175	0.015625
  3.75184	-0.0234375
  3.75193	-0.0703125
  3.75202	-0.078125
  3.75211	-0.0390625
  3.7522	0.015625
  3.75229	0.046875
  3.75238	0.078125
  3.75247	0.0859375
  3.75256	0.078125
  3.75265	0.078125
  3.75274	0.0859375
  3.75283	0.0859375
  3.75293	0.101562
  3.75302	0.117188
  3.75311	0.125
  3.7532	0.101562
  3.75329	0.0390625
  3.75338	-0.015625
  3.75347	-0.0234375
  3.75356	-0.015625
  3.75365	-0.015625
  3.75374	-0.0390625
  3.75383	-0.078125
  3.75392	-0.132812
  3.75401	-0.148438
  3.7541	-0.109375
  3.7542	-0.0625
  3.75429	-0.0546875
  3.75438	-0.0703125
  3.75447	-0.0859375
  3.75456	-0.0625
  3.75465	0
  3.75474	0.03125
  3.75483	-0.0390625
  3.75492	-0.1875
  3.75501	-0.226562
  3.7551	-0.164062
  3.75519	-0.078125
  3.75528	0.0390625
  3.75537	0.101562
  3.75546	0.0625
  3.75556	0
  3.75565	0.03125
  3.75574	0.179688
  3.75583	0.320312
  3.75592	0.390625
  3.75601	0.359375
  3.7561	0.28125
  3.75619	0.210938
  3.75628	0.195312
  3.75637	0.1875
  3.75646	0.171875
  3.75655	0.101562
  3.75664	-0.015625
  3.75673	-0.125
  3.75683	-0.21875
  3.75692	-0.296875
  3.75701	-0.351562
  3.7571	-0.359375
  3.75719	-0.3125
  3.75728	-0.257812
  3.75737	-0.242188
  3.75746	-0.257812
  3.75755	-0.28125
  3.75764	-0.25
  3.75773	-0.140625
  3.75782	-0.0234375
  3.75791	0.0625
  3.758	0.09375
  3.7581	0.09375
  3.75819	0.101562
  3.75828	0.148438
  3.75837	0.242188
  3.75846	0.3125
  3.75855	0.328125
  3.75864	0.28125
  3.75873	0.21875
  3.75882	0.171875
  3.75891	0.15625
  3.759	0.15625
  3.75909	0.164062
  3.75918	0.148438
  3.75927	0.101562
  3.75937	0.03125
  3.75946	-0.0234375
  3.75955	-0.046875
  3.75964	-0.03125
  3.75973	-0.0078125
  3.75982	0
  3.75991	0
  3.76	-0.0078125
  3.76009	-0.0234375
  3.76018	-0.0078125
  3.76027	0.0625
  3.76036	0.132812
  3.76045	0.1875
  3.76054	0.195312
  3.76063	0.15625
  3.76073	0.125
  3.76082	0.109375
  3.76091	0.09375
  3.761	0.0859375
  3.76109	0.0625
  3.76118	0.0234375
  3.76127	-0.0234375
  3.76136	-0.0625
  3.76145	-0.0859375
  3.76154	-0.0390625
  3.76163	-0.0078125
  3.76172	-0.0078125
  3.76181	-0.015625
  3.7619	-0.046875
  3.762	-0.0859375
  3.76209	-0.0546875
  3.76218	-0.078125
  3.76227	-0.226562
  3.76236	-0.28125
  3.76245	-0.226562
  3.76254	-0.210938
  3.76263	-0.1875
  3.76272	-0.09375
  3.76281	-0.0703125
  3.7629	-0.101562
  3.76299	-0.0703125
  3.76308	0.046875
  3.76317	0.179688
  3.76327	0.28125
  3.76336	0.320312
  3.76345	0.289062
  3.76354	0.265625
  3.76363	0.25
  3.76372	0.25
  3.76381	0.234375
  3.7639	0.171875
  3.76399	0.0859375
  3.76408	-0.0390625
  3.76417	-0.15625
  3.76426	-0.203125
  3.76435	-0.234375
  3.76444	-0.273438
  3.76454	-0.296875
  3.76463	-0.28125
  3.76472	-0.289062
  3.76481	-0.3125
  3.7649	-0.289062
  3.76499	-0.21875
  3.76508	-0.125
  3.76517	-0.0390625
  3.76526	0.015625
  3.76535	0.0390625
  3.76544	0.0390625
  3.76553	0.0625
  3.76562	0.132812
  3.76571	0.195312
  3.7658	0.226562
  3.7659	0.242188
  3.76599	0.21875
  3.76608	0.1875
  3.76617	0.195312
  3.76626	0.226562
  3.76635	0.25
  3.76644	0.28125
  3.76653	0.242188
  3.76662	0.148438
  3.76671	0.09375
  3.7668	0.0703125
  3.76689	0.046875
  3.76698	0.0390625
  3.76707	0.015625
  3.76717	-0.0234375
  3.76726	-0.0625
  3.76735	-0.078125
  3.76744	-0.0703125
  3.76753	-0.03125
  3.76762	0.015625
  3.76771	0.0546875
  3.7678	0.0625
  3.76789	0.0546875
  3.76798	0.046875
  3.76807	0.03125
  3.76816	0.046875
  3.76825	0.078125
  3.76834	0.0859375
  3.76844	0.0625
  3.76853	0.0390625
  3.76862	0
  3.76871	-0.0234375
  3.7688	-0.015625
  3.76889	-0.0078125
  3.76898	0.0078125
  3.76907	0.03125
  3.76916	0.0078125
  3.76925	0.015625
  3.76934	-0.03125
  3.76943	-0.078125
  3.76952	-0.0703125
  3.76961	-0.09375
  3.76971	-0.109375
  3.7698	-0.0859375
  3.76989	-0.109375
  3.76998	-0.164062
  3.77007	-0.1875
  3.77016	-0.140625
  3.77025	-0.0390625
  3.77034	0.117188
  3.77043	0.226562
  3.77052	0.242188
  3.77061	0.234375
  3.7707	0.171875
  3.77079	0.171875
  3.77088	0.21875
  3.77098	0.273438
  3.77107	0.257812
  3.77116	0.203125
  3.77125	0.0859375
  3.77134	-0.0234375
  3.77143	-0.101562
  3.77152	-0.117188
  3.77161	-0.132812
  3.7717	-0.132812
  3.77179	-0.179688
  3.77188	-0.242188
  3.77197	-0.28125
  3.77206	-0.289062
  3.77215	-0.265625
  3.77224	-0.210938
  3.77234	-0.164062
  3.77243	-0.109375
  3.77252	-0.109375
  3.77261	-0.117188
  3.7727	-0.09375
  3.77279	-0.0234375
  3.77288	0.0625
  3.77297	0.148438
  3.77306	0.1875
  3.77315	0.203125
  3.77324	0.210938
  3.77333	0.234375
  3.77342	0.273438
  3.77351	0.304688
  3.77361	0.3125
  3.7737	0.265625
  3.77379	0.195312
  3.77388	0.125
  3.77397	0.0703125
  3.77406	0.0703125
  3.77415	0.078125
  3.77424	0.0625
  3.77433	0.0078125
  3.77442	-0.046875
  3.77451	-0.078125
  3.7746	-0.0703125
  3.77469	-0.046875
  3.77478	-0.015625
  3.77488	0
  3.77497	-0.015625
  3.77506	-0.0390625
  3.77515	-0.0390625
  3.77524	0
  3.77533	0.0390625
  3.77542	0.0625
  3.77551	0.0703125
  3.7756	0.0625
  3.77569	0.046875
  3.77578	0.078125
  3.77587	0.101562
  3.77596	0.078125
  3.77605	0.0546875
  3.77615	0.0625
  3.77624	0.015625
  3.77633	-0.0078125
  3.77642	-0.0234375
  3.77651	-0.0390625
  3.7766	0
  3.77669	0.0234375
  3.77678	0.0234375
  3.77687	0.0390625
  3.77696	0.0390625
  3.77705	0.046875
  3.77714	0.0390625
  3.77723	0.046875
  3.77732	0.0546875
  3.77741	0.015625
  3.77751	-0.0234375
  3.7776	-0.015625
  3.77769	-0.046875
  3.77778	-0.078125
  3.77787	-0.0546875
  3.77796	-0.0546875
  3.77805	-0.0625
  3.77814	-0.046875
  3.77823	-0.015625
  3.77832	0
  3.77841	0.046875
  3.7785	0.0625
  3.77859	0.046875
  3.77868	0.0546875
  3.77878	0.0546875
  3.77887	0.078125
  3.77896	0.09375
  3.77905	0.0859375
  3.77914	0.0625
  3.77923	0.046875
  3.77932	0.0546875
  3.77941	0.03125
  3.7795	0
  3.77959	-0.0078125
  3.77968	-0.03125
  3.77977	-0.0703125
  3.77986	-0.0859375
  3.77995	-0.101562
  3.78005	-0.117188
  3.78014	-0.117188
  3.78023	-0.125
  3.78032	-0.125
  3.78041	-0.125
  3.7805	-0.117188
  3.78059	-0.09375
  3.78068	-0.0625
  3.78077	-0.0390625
  3.78086	-0.015625
  3.78095	0
  3.78104	0.0234375
  3.78113	0.0390625
  3.78122	0.046875
  3.78132	0.078125
  3.78141	0.117188
  3.7815	0.117188
  3.78159	0.132812
  3.78168	0.117188
  3.78177	0.132812
  3.78186	0.132812
  3.78195	0.125
  3.78204	0.148438
  3.78213	0.132812
  3.78222	0.0703125
  3.78231	0.0546875
  3.7824	0.046875
  3.78249	0.046875
  3.78259	0.03125
  3.78268	0.0078125
  3.78277	0.046875
  3.78286	0.0390625
  3.78295	0.0234375
  3.78304	0.046875
  3.78313	0.046875
  3.78322	0.0546875
  3.78331	0.09375
  3.7834	0.015625
  3.78349	-0.0234375
  3.78358	0.0078125
  3.78367	-0.015625
  3.78376	-0.0234375
  3.78385	-0.0078125
  3.78395	-0.0390625
  3.78404	-0.0234375
  3.78413	0.0078125
  3.78422	-0.015625
  3.78431	-0.0234375
  3.7844	0.0078125
  3.78449	0
  3.78458	0
  3.78467	0
  3.78476	-0.0390625
  3.78485	-0.046875
  3.78494	-0.0625
  3.78503	-0.046875
  3.78512	-0.0546875
  3.78522	-0.0859375
  3.78531	-0.0546875
  3.7854	-0.0390625
  3.78549	-0.0703125
  3.78558	-0.03125
  3.78567	-0.046875
  3.78576	-0.03125
  3.78585	0.0234375
  3.78594	0
  3.78603	-0.015625
  3.78612	0.03125
  3.78621	0.015625
  3.7863	0.0078125
  3.78639	0.015625
  3.78649	-0.0234375
  3.78658	-0.0078125
  3.78667	0.0234375
  3.78676	0
  3.78685	0.0078125
  3.78694	0.015625
  3.78703	0.0234375
  3.78712	0.046875
  3.78721	0.0625
  3.7873	0.0625
  3.78739	0.0703125
  3.78748	0.0625
  3.78757	0.0625
  3.78766	0.0546875
  3.78776	0.0234375
  3.78785	0.046875
  3.78794	0.078125
  3.78803	0.0625
  3.78812	0.09375
  3.78821	0.0703125
  3.7883	0.0390625
  3.78839	0.0625
  3.78848	0.0546875
  3.78857	0.0390625
  3.78866	0.0546875
  3.78875	0.0546875
  3.78884	0.0390625
  3.78893	0.0234375
  3.78902	0.0078125
  3.78912	0.0078125
  3.78921	0.0234375
  3.7893	0.0234375
  3.78939	0.015625
  3.78948	0.03125
  3.78957	0.0546875
  3.78966	0.03125
  3.78975	0.03125
  3.78984	0.046875
  3.78993	0.03125
  3.79002	0.0546875
  3.79011	0.046875
  3.7902	0.046875
  3.79029	0.0625
  3.79039	0.0546875
  3.79048	0.0390625
  3.79057	0.09375
  3.79066	0.0390625
  3.79075	0.0390625
  3.79084	0.0703125
  3.79093	0.0546875
  3.79102	0.03125
  3.79111	0.0546875
  3.7912	0.03125
  3.79129	0.0078125
  3.79138	0.03125
  3.79147	0
  3.79156	-0.015625
  3.79166	0.0234375
  3.79175	-0.0234375
  3.79184	0
  3.79193	0.0234375
  3.79202	-0.015625
  3.79211	0
  3.7922	-0.0234375
  3.79229	-0.0390625
  3.79238	0
  3.79247	-0.046875
  3.79256	-0.0234375
  3.79265	0.03125
  3.79274	-0.0078125
  3.79283	0.015625
  3.79293	0.015625
  3.79302	-0.0078125
  3.79311	-0.0078125
  3.7932	0.03125
  3.79329	-0.0234375
  3.79338	-0.015625
  3.79347	0.015625
  3.79356	-0.03125
  3.79365	-0.015625
  3.79374	0.0078125
  3.79383	0.0078125
  3.79392	0
  3.79401	-0.0078125
  3.7941	0.015625
  3.7942	-0.015625
  3.79429	-0.0078125
  3.79438	0.015625
  3.79447	0.0078125
  3.79456	0.015625
  3.79465	0.0546875
  3.79474	0.03125
  3.79483	0.015625
  3.79492	0.0546875
  3.79501	0.0390625
  3.7951	0.0390625
  3.79519	0.0625
  3.79528	0.0625
  3.79537	0.015625
  3.79546	0.03125
  3.79556	0.0625
  3.79565	0.0078125
  3.79574	0.0234375
  3.79583	0.046875
  3.79592	-0.0234375
  3.79601	-0.03125
  3.7961	0
  3.79619	-0.03125
  3.79628	-0.015625
  3.79637	0.0234375
  3.79646	-0.0078125
  3.79655	0
  3.79664	0.0390625
  3.79673	0.0390625
  3.79683	0.046875
  3.79692	0.0625
  3.79701	0.03125
  3.7971	0.03125
  3.79719	0.0625
  3.79728	0.0390625
  3.79737	0.046875
  3.79746	0.0546875
  3.79755	0.015625
  3.79764	0.015625
  3.79773	0
  3.79782	0.0390625
  3.79791	0.03125
  3.798	0.0234375
  3.7981	0.0625
  3.79819	0.0546875
  3.79828	0.0234375
  3.79837	0.046875
  3.79846	0.0703125
  3.79855	0.015625
  3.79864	0.0234375
  3.79873	0.03125
  3.79882	0.0234375
  3.79891	-0.0078125
  3.799	0
  3.79909	-0.0078125
  3.79918	-0.0234375
  3.79927	-0.0703125
  3.79937	-0.0234375
  3.79946	-0.015625
  3.79955	-0.0546875
  3.79964	-0.0078125
  3.79973	0.0390625
  3.79982	0.0234375
  3.79991	0.015625
  3.8	0.0625
  3.80009	0.0390625
  3.80018	0.0390625
  3.80027	0.046875
  3.80036	-0.0078125
  3.80045	0
  3.80054	0
  3.80063	-0.0390625
  3.80073	-0.03125
  3.80082	0
  3.80091	-0.0078125
  3.801	0
  3.80109	0.0546875
  3.80118	0.0546875
  3.80127	0
  3.80136	0.0703125
  3.80145	0.0703125
  3.80154	0.03125
  3.80163	0.0625
  3.80172	0.0703125
  3.80181	0.0546875
  3.8019	0
  3.802	0.046875
  3.80209	0.0390625
  3.80218	0
  3.80227	0
  3.80236	0.0078125
  3.80245	-0.0390625
  3.80254	-0.0625
  3.80263	-0.0234375
  3.80272	-0.015625
  3.80281	-0.046875
  3.8029	0.0390625
  3.80299	0
  3.80308	-0.0078125
  3.80317	0.0703125
  3.80327	0.0546875
  3.80336	0.0078125
  3.80345	0.0625
  3.80354	0.0390625
  3.80363	0.0390625
  3.80372	0.015625
  3.80381	0.015625
  3.8039	0.0078125
  3.80399	-0.0078125
  3.80408	-0.015625
  3.80417	-0.0859375
  3.80426	0.015625
  3.80435	-0.03125
  3.80444	0.0078125
  3.80454	-0.03125
  3.80463	0.0625
  3.80472	-0.0078125
  3.80481	-0.0078125
  3.8049	0.0546875
  3.80499	-0.0234375
  3.80508	0.015625
  3.80517	0.03125
  3.80526	0.0546875
  3.80535	0.03125
  3.80544	0.0625
  3.80553	0.0859375
  3.80562	0.0546875
  3.80571	0.046875
  3.8058	0.0625
  3.8059	0.0078125
  3.80599	0.0078125
  3.80608	0.0625
  3.80617	0
  3.80626	0.0078125
  3.80635	0.046875
  3.80644	0.0546875
  3.80653	0.0390625
  3.80662	0.0390625
  3.80671	0.09375
  3.8068	0.0390625
  3.80689	0.0625
  3.80698	0.0234375
  3.80707	0.09375
  3.80717	0.0234375
  3.80726	0.03125
  3.80735	0.0859375
  3.80744	0.0234375
  3.80753	0.03125
  3.80762	0.0625
  3.80771	0.0390625
  3.8078	0
  3.80789	0.0859375
  3.80798	0.101562
  3.80807	-0.046875
  3.80816	0
  3.80825	0.0859375
  3.80834	0.0078125
  3.80844	0
  3.80853	0.109375
  3.80862	0.0546875
  3.80871	-0.0546875
  3.8088	0.03125
  3.80889	0.0390625
  3.80898	-0.0625
  3.80907	0.0078125
  3.80916	0.0546875
  3.80925	-0.0546875
  3.80934	-0.015625
  3.80943	0.015625
  3.80952	0.0078125
  3.80961	-0.0078125
  3.80971	0.0234375
  3.8098	0.0234375
  3.80989	0
  3.80998	0.0390625
  3.81007	-0.015625
  3.81016	-0.015625
  3.81025	0.0390625
  3.81034	0.0078125
  3.81043	-0.0546875
  3.81052	0.0546875
  3.81061	0.0078125
  3.8107	-0.0390625
  3.81079	0.0234375
  3.81088	0.046875
  3.81098	-0.0078125
  3.81107	-0.046875
  3.81116	0.078125
  3.81125	-0.0390625
  3.81134	0.015625
  3.81143	0.015625
  3.81152	0.03125
  3.81161	0.0078125
  3.8117	0.046875
  3.81179	0.046875
  3.81188	-0.0078125
  3.81197	0.046875
  3.81206	0.046875
  3.81215	0
  3.81224	0.0078125
  3.81234	0.0625
  3.81243	-0.0546875
  3.81252	-0.03125
  3.81261	0.046875
  3.8127	-0.0234375
  3.81279	-0.0234375
  3.81288	0.03125
  3.81297	0.015625
  3.81306	-0.0625
  3.81315	0.0234375
  3.81324	0.015625
  3.81333	-0.046875
  3.81342	0.015625
  3.81351	0
  3.81361	0.015625
  3.8137	-0.0078125
  3.81379	0.0234375
  3.81388	-0.0078125
  3.81397	0.0234375
  3.81406	0.0078125
  3.81415	0
  3.81424	0.0390625
  3.81433	0.03125
  3.81442	0.0390625
  3.81451	0.015625
  3.8146	0.0546875
  3.81469	0.0234375
  3.81478	0.03125
  3.81488	-0.015625
  3.81497	0.09375
  3.81506	0.0390625
  3.81515	0.046875
  3.81524	0.0703125
  3.81533	0.046875
  3.81542	0.046875
  3.81551	-0.015625
  3.8156	0.0546875
  3.81569	0.0078125
  3.81578	0.0390625
  3.81587	0.0390625
  3.81596	0.0703125
  3.81605	0.0078125
  3.81615	0.0390625
  3.81624	0.03125
  3.81633	-0.0078125
  3.81642	0.0390625
  3.81651	0.03125
  3.8166	-0.0078125
  3.81669	0.0078125
  3.81678	0.0625
  3.81687	0.015625
  3.81696	0.0390625
  3.81705	0.0546875
  3.81714	0.015625
  3.81723	0.03125
  3.81732	0.046875
  3.81742	0.03125
  3.81751	0
  3.8176	0.0078125
  3.81769	0.046875
  3.81778	-0.015625
  3.81787	0
  3.81796	-0.0078125
  3.81805	0.015625
  3.81814	-0.015625
  3.81823	0.0390625
  3.81832	0.09375
  3.81841	0
  3.8185	0.03125
  3.81859	0.0625
  3.81868	0.0234375
  3.81878	-0.0078125
  3.81887	0.0234375
  3.81896	0
  3.81905	-0.0078125
  3.81914	-0.046875
  3.81923	0.046875
  3.81932	-0.0234375
  3.81941	-0.015625
  3.8195	0.046875
  3.81959	0.03125
  3.81968	0.0078125
  3.81977	0.03125
  3.81986	0.0546875
  3.81995	0
  3.82005	0
  3.82014	0.0390625
  3.82023	-0.015625
  3.82032	0
  3.82041	0
  3.8205	0
  3.82059	-0.015625
  3.82068	0.0078125
  3.82077	0.015625
  3.82086	-0.0078125
  3.82095	0.0078125
  3.82104	-0.015625
  3.82113	0.015625
  3.82122	0.0078125
  3.82132	0.015625
  3.82141	0.015625
  3.8215	0.0703125
  3.82159	0.0078125
  3.82168	0.0390625
  3.82177	0.0390625
  3.82186	0.0625
  3.82195	0
  3.82204	0.0546875
  3.82213	0.0234375
  3.82222	-0.0078125
  3.82231	0.03125
  3.8224	0.0234375
  3.82249	0.0078125
  3.82259	0.03125
  3.82268	0.09375
  3.82277	0.03125
  3.82286	0.078125
  3.82295	0.09375
  3.82304	0.0703125
  3.82313	0.046875
  3.82322	0.0703125
  3.82331	0.015625
  3.8234	0.046875
  3.82349	0.0390625
  3.82358	0.03125
  3.82367	0.0390625
  3.82376	0.046875
  3.82385	0
  3.82395	0.03125
  3.82404	0.0390625
  3.82413	0.03125
  3.82422	0
  3.82431	0.015625
  3.8244	0
  3.82449	0.0234375
  3.82458	0
  3.82467	0
  3.82476	0.0390625
  3.82485	0.015625
  3.82494	-0.0078125
  3.82503	0.015625
  3.82512	0.03125
  3.82522	-0.0390625
  3.82531	0.03125
  3.8254	0.0078125
  3.82549	0.0078125
  3.82558	-0.0234375
  3.82567	0.0390625
  3.82576	0.0234375
  3.82585	-0.0234375
  3.82594	-0.0078125
  3.82603	0
  3.82612	-0.015625
  3.82621	-0.015625
  3.8263	0.0078125
  3.82639	-0.015625
  3.82649	0.0078125
  3.82658	0.0078125
  3.82667	-0.0234375
  3.82676	-0.015625
  3.82685	-0.0078125
  3.82694	-0.0234375
  3.82703	-0.0234375
  3.82712	0.0234375
  3.82721	-0.03125
  3.8273	-0.0078125
  3.82739	0.0390625
  3.82748	0.015625
  3.82757	0.0234375
  3.82766	0.0390625
  3.82776	0.0546875
  3.82785	-0.0078125
  3.82794	0.0546875
  3.82803	0.0234375
  3.82812	0
  3.82821	0.0390625
  3.8283	0.03125
  3.82839	-0.0234375
  3.82848	0
  3.82857	0
  3.82866	0.03125
  3.82875	0
  3.82884	0.0390625
  3.82893	0.03125
  3.82902	0.0546875
  3.82912	0.0078125
  3.82921	0.03125
  3.8293	0.0703125
  3.82939	-0.03125
  3.82948	0.046875
  3.82957	0.03125
  3.82966	0.0234375
  3.82975	0
  3.82984	0.0390625
  3.82993	0.0078125
  3.83002	-0.0234375
  3.83011	0
  3.8302	-0.015625
  3.83029	-0.0234375
  3.83039	-0.03125
  3.83048	-0.0390625
  3.83057	-0.03125
  3.83066	-0.015625
  3.83075	-0.0546875
  3.83084	0.015625
  3.83093	-0.0078125
  3.83102	0
  3.83111	0.0390625
  3.8312	0.03125
  3.83129	0
  3.83138	0.03125
  3.83147	0.0390625
  3.83156	-0.015625
  3.83166	0.0078125
  3.83175	0.0546875
  3.83184	0.0078125
  3.83193	0.0625
  3.83202	0.0625
  3.83211	0.03125
  3.8322	0.03125
  3.83229	0.046875
  3.83238	0.03125
  3.83247	0.0078125
  3.83256	0.0703125
  3.83265	0.046875
  3.83274	-0.015625
  3.83283	0.078125
  3.83293	0.125
  3.83302	0.0078125
  3.83311	0.0859375
  3.8332	0.046875
  3.83329	0.015625
  3.83338	0.0234375
  3.83347	0.109375
  3.83356	0.03125
  3.83365	0.0078125
  3.83374	0.109375
  3.83383	0.0390625
  3.83392	0.03125
  3.83401	0.0703125
  3.8341	0.0625
  3.83419	0
  3.83429	0.03125
  3.83438	0.109375
  3.83447	0.015625
  3.83456	0.0390625
  3.83465	0.078125
  3.83474	0.0078125
  3.83483	-0.046875
  3.83492	0.03125
  3.83501	-0.03125
  3.8351	-0.046875
  3.83519	-0.0078125
  3.83528	-0.0078125
  3.83537	-0.0625
  3.83546	-0.0078125
  3.83556	0.015625
  3.83565	-0.015625
  3.83574	0.0625
  3.83583	0.015625
  3.83592	-0.015625
  3.83601	0.03125
  3.8361	0.015625
  3.83619	-0.0234375
  3.83628	0.03125
  3.83637	0.0703125
  3.83646	-0.015625
  3.83655	-0.0625
  3.83664	-0.0078125
  3.83673	-0.0390625
  3.83683	-0.046875
  3.83692	-0.015625
  3.83701	0.015625
  3.8371	-0.0546875
  3.83719	0.015625
  3.83728	0.0078125
  3.83737	-0.0078125
  3.83746	0.0390625
  3.83755	0.0390625
  3.83764	-0.0078125
  3.83773	0.046875
  3.83782	0.015625
  3.83791	0.015625
  3.838	0.0078125
  3.8381	0.015625
  3.83819	-0.0078125
  3.83828	0.03125
  3.83837	0.046875
  3.83846	-0.0234375
  3.83855	0.015625
  3.83864	0.015625
  3.83873	0.0390625
  3.83882	0.0390625
  3.83891	0.046875
  3.839	0.0234375
  3.83909	0.015625
  3.83918	0.046875
  3.83927	0.0703125
  3.83937	0
  3.83946	0.09375
  3.83955	0.0546875
  3.83964	0
  3.83973	0.0625
  3.83982	0.046875
  3.83991	0.0390625
  3.84	0.046875
  3.84009	0.0625
  3.84018	0.015625
  3.84027	0.0703125
  3.84036	0.0703125
  3.84045	0.03125
  3.84054	0.0703125
  3.84063	0.0390625
  3.84073	0.0234375
  3.84082	-0.0078125
  3.84091	0.015625
  3.841	0.015625
  3.84109	-0.0078125
  3.84118	0.0078125
  3.84127	-0.0234375
  3.84136	-0.03125
  3.84145	-0.046875
  3.84154	0.046875
  3.84163	-0.015625
  3.84172	0
  3.84181	0.046875
  3.8419	-0.015625
  3.842	-0.015625
  3.84209	0.0703125
  3.84218	0.0078125
  3.84227	0.0390625
  3.84236	0.078125
  3.84245	-0.0234375
  3.84254	0.015625
  3.84263	0.046875
  3.84272	-0.0078125
  3.84281	0.015625
  3.8429	0
  3.84299	-0.015625
  3.84308	-0.0625
  3.84317	-0.0078125
  3.84327	-0.015625
  3.84336	-0.0234375
  3.84345	-0.015625
  3.84354	-0.015625
  3.84363	-0.015625
  3.84372	-0.0078125
  3.84381	0.0078125
  3.8439	0.03125
  3.84399	0.0390625
  3.84408	0.015625
  3.84417	0.0390625
  3.84426	-0.015625
  3.84435	-0.0078125
  3.84444	0.0546875
  3.84454	0.046875
  3.84463	-0.0234375
  3.84472	0.0234375
  3.84481	0.03125
  3.8449	-0.046875
  3.84499	0.0546875
  3.84508	0.0234375
  3.84517	-0.03125
  3.84526	0.0390625
  3.84535	0.0234375
  3.84544	-0.0234375
  3.84553	0
  3.84562	0.03125
  3.84571	0.0078125
  3.8458	0.03125
  3.8459	0.03125
  3.84599	0.046875
  3.84608	0.0078125
  3.84617	0
  3.84626	0.0703125
  3.84635	-0.0234375
  3.84644	0.03125
  3.84653	0.0625
  3.84662	0.015625
  3.84671	0.0546875
  3.8468	0.09375
  3.84689	-0.0078125
  3.84698	0.03125
  3.84707	0.09375
  3.84717	-0.0234375
  3.84726	0.015625
  3.84735	0.0546875
  3.84744	-0.0078125
  3.84753	-0.0390625
  3.84762	0.03125
  3.84771	-0.0078125
  3.8478	-0.03125
  3.84789	0.0625
  3.84798	0.0625
  3.84807	-0.0234375
  3.84816	0.0234375
  3.84825	0.0859375
  3.84834	-0.03125
  3.84844	0.0234375
  3.84853	0.117188
  3.84862	-0.0546875
  3.84871	0.0625
  3.8488	0.109375
  3.84889	-0.0390625
  3.84898	0.03125
  3.84907	0.117188
  3.84916	0
  3.84925	0.0234375
  3.84934	0.109375
  3.84943	0
  3.84952	-0.0546875
  3.84961	0.0546875
  3.84971	0.0390625
  3.8498	0.03125
  3.84989	0.046875
  3.84998	0.046875
  3.85007	0.0546875
  3.85016	-0.0078125
  3.85025	0.09375
  3.85034	0.101562
  3.85043	0.015625
  3.85052	0.015625
  3.85061	0.09375
  3.8507	0.0078125
  3.85079	-0.0078125
  3.85088	0.0859375
  3.85098	-0.03125
  3.85107	0.0234375
  3.85116	0.132812
  3.85125	-0.0859375
  3.85134	-0.0234375
  3.85143	0.140625
  3.85152	-0.0078125
  3.85161	-0.0078125
  3.8517	0.140625
  3.85179	-0.09375
  3.85188	-0.101562
  3.85197	0.15625
  3.85206	-0.0078125
  3.85215	-0.0234375
  3.85224	0.078125
  3.85234	-0.0078125
  3.85243	-0.046875
  3.85252	0.0078125
  3.85261	0.015625
  3.8527	0.0234375
  3.85279	0.0234375
  3.85288	0.0078125
  3.85297	0.046875
  3.85306	-0.0703125
  3.85315	-0.0078125
  3.85324	0.0859375
  3.85333	-0.0078125
  3.85342	-0.015625
  3.85351	0.0625
  3.85361	-0.0390625
  3.8537	-0.015625
  3.85379	-0.0078125
  3.85388	-0.117188
  3.85397	-0.03125
  3.85406	-0.0234375
  3.85415	-0.0625
  3.85424	0.015625
  3.85433	-0.0078125
  3.85442	-0.132812
  3.85451	0
  3.8546	0.0703125
  3.85469	-0.0546875
  3.85478	0.0234375
  3.85488	0.101562
  3.85497	-0.0546875
  3.85506	0.0078125
  3.85515	0.0859375
  3.85524	-0.0703125
  3.85533	0.0234375
  3.85542	0.0625
  3.85551	-0.0390625
  3.8556	-0.015625
  3.85569	0.046875
  3.85578	-0.0703125
  3.85587	0
  3.85596	0.0390625
  3.85605	-0.0390625
  3.85615	0.0078125
  3.85624	0.046875
  3.85633	0.0078125
  3.85642	0.0390625
  3.85651	0.0546875
  3.8566	0.0390625
  3.85669	0.101562
  3.85678	0.109375
  3.85687	0.0546875
  3.85696	0.046875
  3.85705	0.0703125
  3.85714	0.046875
  3.85723	0.0625
  3.85732	0.109375
  3.85742	0
  3.85751	-0.0078125
  3.8576	0.0703125
  3.85769	0
  3.85778	0.015625
  3.85787	0.09375
  3.85796	0.0390625
  3.85805	-0.03125
  3.85814	0.0703125
  3.85823	0.0234375
  3.85832	-0.0078125
  3.85841	0.078125
  3.8585	0.015625
  3.85859	-0.0234375
  3.85868	0.0390625
  3.85878	0.0078125
  3.85887	-0.0390625
  3.85896	0.0546875
  3.85905	0.0390625
  3.85914	-0.0078125
  3.85923	0.015625
  3.85932	-0.015625
  3.85941	-0.0546875
  3.8595	0
  3.85959	0.0078125
  3.85968	0
  3.85977	0.015625
  3.85986	0.015625
  3.85995	-0.0234375
  3.86005	-0.015625
  3.86014	0.0078125
  3.86023	0.0078125
  3.86032	0.0234375
  3.86041	0.0234375
  3.8605	0.0078125
  3.86059	0
  3.86068	-0.0234375
  3.86077	-0.0234375
  3.86086	0
  3.86095	0.015625
  3.86104	0.046875
  3.86113	0.0703125
  3.86122	0.0546875
  3.86132	0.0234375
  3.86141	0.0078125
  3.8615	0
  3.86159	0.0078125
  3.86168	0.0234375
  3.86177	0.0546875
  3.86186	0.0625
  3.86195	0.046875
  3.86204	0.0234375
  3.86213	0.015625
  3.86222	0.0234375
  3.86231	0.0078125
  3.8624	0.0078125
  3.86249	0.0234375
  3.86259	0.0234375
  3.86268	0
  3.86277	-0.0078125
  3.86286	-0.0078125
  3.86295	-0.015625
  3.86304	0
  3.86313	0.0234375
  3.86322	0.0234375
  3.86331	0.03125
  3.8634	0.0390625
  3.86349	0.03125
  3.86358	0.03125
  3.86367	0.03125
  3.86376	0.03125
  3.86385	0.03125
  3.86395	0.03125
  3.86404	0.0390625
  3.86413	0.03125
  3.86422	0.015625
  3.86431	0.015625
  3.8644	0.03125
  3.86449	0.046875
  3.86458	0.0390625
  3.86467	0.0234375
  3.86476	0.0234375
  3.86485	0.015625
  3.86494	0.015625
  3.86503	0.03125
  3.86512	0.0390625
  3.86522	0.0390625
  3.86531	0.0390625
  3.8654	0.046875
  3.86549	0.03125
  3.86558	0.0234375
  3.86567	0.0234375
  3.86576	0.015625
  3.86585	0.0078125
  3.86594	0.0078125
  3.86603	0.0078125
  3.86612	0
  3.86621	0
  3.8663	0.0078125
  3.86639	0.0234375
  3.86649	0.015625
  3.86658	0.0078125
  3.86667	0
  3.86676	0
  3.86685	0.015625
  3.86694	0.015625
  3.86703	0.0078125
  3.86712	0.0078125
  3.86721	0.0078125
  3.8673	0.0078125
  3.86739	0
  3.86748	0
  3.86757	0
  3.86766	-0.0078125
  3.86776	-0.0078125
  3.86785	0
  3.86794	0.015625
  3.86803	0.0234375
  3.86812	0.0078125
  3.86821	0
  3.8683	-0.0078125
  3.86839	-0.015625
  3.86848	-0.0234375
  3.86857	-0.015625
  3.86866	0
  3.86875	0.015625
  3.86884	0.0078125
  3.86893	0
  3.86902	0.03125
  3.86912	0.046875
  3.86921	0.0390625
  3.8693	0.0546875
  3.86939	0.0546875
  3.86948	0.0546875
  3.86957	0.046875
  3.86966	0.0546875
  3.86975	0.0546875
  3.86984	0.0546875
  3.86993	0.0546875
  3.87002	0.0546875
  3.87011	0.046875
  3.8702	0.046875
  3.87029	0.046875
  3.87039	0.0390625
  3.87048	0.03125
  3.87057	0.0234375
  3.87066	0.015625
  3.87075	0
  3.87084	-0.015625
  3.87093	-0.015625
  3.87102	0
  3.87111	0
  3.8712	0
  3.87129	0
  3.87138	0
  3.87147	-0.0078125
  3.87156	0.0078125
  3.87166	0.015625
  3.87175	0.0078125
  3.87184	0
  3.87193	-0.0078125
  3.87202	0
  3.87211	0
  3.8722	0
  3.87229	-0.0078125
  3.87238	-0.0078125
  3.87247	-0.015625
  3.87256	-0.015625
  3.87265	-0.015625
  3.87274	-0.0078125
  3.87283	-0.0078125
  3.87293	0
  3.87302	0.015625
  3.87311	0.03125
  3.8732	0.03125
  3.87329	0.03125
  3.87338	0.0234375
  3.87347	0.0234375
  3.87356	0.03125
  3.87365	0.0390625
  3.87374	0.0546875
  3.87383	0.0546875
  3.87392	0.0390625
  3.87401	0.0390625
  3.8741	0.0390625
  3.87419	0.046875
  3.87429	0.046875
  3.87438	0.046875
  3.87447	0.03125
  3.87456	0.015625
  3.87465	0.0078125
  3.87474	0.0078125
  3.87483	-0.0078125
  3.87492	-0.015625
  3.87501	-0.0078125
  3.8751	-0.0078125
  3.87519	0
  3.87528	0
  3.87537	0
  3.87546	0
  3.87556	0
  3.87565	0
  3.87574	0
  3.87583	0
  3.87592	0.0078125
  3.87601	0.0078125
  3.8761	0.0078125
  3.87619	0
  3.87628	0
  3.87637	0
  3.87646	0
  3.87655	0.0078125
  3.87664	0.0078125
  3.87673	0.015625
  3.87683	0.03125
  3.87692	0.0234375
  3.87701	0.0234375
  3.8771	0.0234375
  3.87719	0.0234375
  3.87728	0.0078125
  3.87737	0.0078125
  3.87746	0.0078125
  3.87755	0.015625
  3.87764	0.0234375
  3.87773	0.0234375
  3.87782	0.03125
  3.87791	0.03125
  3.878	0.0390625
  3.8781	0.046875
  3.87819	0.0390625
  3.87828	0.0390625
  3.87837	0.0546875
  3.87846	0.0546875
  3.87855	0.046875
  3.87864	0.0390625
  3.87873	0.03125
  3.87882	0.015625
  3.87891	0
  3.879	0.0078125
  3.87909	0.015625
  3.87918	0.015625
  3.87927	0.015625
  3.87937	0.015625
  3.87946	0.015625
  3.87955	0.0234375
  3.87964	0.015625
  3.87973	0.0078125
  3.87982	0.0078125
  3.87991	0.0078125
  3.88	0.0078125
  3.88009	0
  3.88018	0.0078125
  3.88027	0.0078125
  3.88036	0.0078125
  3.88045	0.0078125
  3.88054	0
  3.88063	0
  3.88073	0
  3.88082	0.0078125
  3.88091	0.0078125
  3.881	0.0078125
  3.88109	0
  3.88118	-0.015625
  3.88127	-0.0078125
  3.88136	0
  3.88145	0
  3.88154	0.0078125
  3.88163	0.015625
  3.88172	0.015625
  3.88181	0.015625
  3.8819	0.0078125
  3.882	0
  3.88209	0
  3.88218	0
  3.88227	0.015625
  3.88236	0.015625
  3.88245	0.0078125
  3.88254	0.0078125
  3.88263	0.0078125
  3.88272	0.0078125
  3.88281	0.0078125
  3.8829	0.015625
  3.88299	0.0234375
  3.88308	0.0390625
  3.88317	0.0546875
  3.88327	0.0703125
  3.88336	0.078125
  3.88345	0.0703125
  3.88354	0.0703125
  3.88363	0.0546875
  3.88372	0.0546875
  3.88381	0.046875
  3.8839	0.046875
  3.88399	0.046875
  3.88408	0.03125
  3.88417	0.015625
  3.88426	0.015625
  3.88435	0.03125
  3.88444	0.0390625
  3.88454	0.046875
  3.88463	0.0625
  3.88472	0.0625
  3.88481	0.0546875
  3.8849	0.0546875
  3.88499	0.0703125
  3.88508	0.0546875
  3.88517	0.046875
  3.88526	0.0390625
  3.88535	0.0234375
  3.88544	0.0234375
  3.88553	0.015625
  3.88562	0.0234375
  3.88571	0.0234375
  3.8858	0.015625
  3.8859	0.015625
  3.88599	0.0078125
  3.88608	0
  3.88617	-0.0078125
  3.88626	-0.015625
  3.88635	-0.0078125
  3.88644	0.0234375
  3.88653	0.03125
  3.88662	0.0390625
  3.88671	0.0234375
  3.8868	0.0078125
  3.88689	0.0078125
  3.88698	0
  3.88707	0
  3.88717	0
  3.88726	-0.015625
  3.88735	-0.0078125
  3.88744	0
  3.88753	-0.0078125
  3.88762	-0.0078125
  3.88771	-0.015625
  3.8878	-0.015625
  3.88789	-0.0234375
  3.88798	-0.03125
  3.88807	-0.03125
  3.88816	-0.03125
  3.88825	-0.015625
  3.88834	0
  3.88844	-0.0078125
  3.88853	-0.015625
  3.88862	0
  3.88871	0.0078125
  3.8888	0.015625
  3.88889	0.015625
  3.88898	0.0234375
  3.88907	0.015625
  3.88916	0.0078125
  3.88925	-0.0078125
  3.88934	0
  3.88943	0.0234375
  3.88952	0.015625
  3.88961	0.015625
  3.88971	0.015625
  3.8898	0.0078125
  3.88989	0.0078125
  3.88998	0.0078125
  3.89007	0.015625
  3.89016	0.0234375
  3.89025	0.0078125
  3.89034	0.015625
  3.89043	0.0078125
  3.89052	0
  3.89061	0.0234375
  3.8907	0.0234375
  3.89079	0.03125
  3.89088	0.0234375
  3.89098	0.015625
  3.89107	0
  3.89116	-0.0078125
  3.89125	0.0078125
  3.89134	0
  3.89143	-0.0078125
  3.89152	-0.0078125
  3.89161	-0.015625
  3.8917	-0.015625
  3.89179	-0.0078125
  3.89188	-0.0234375
  3.89197	-0.03125
  3.89206	-0.0234375
  3.89215	0.0078125
  3.89224	0.0390625
  3.89234	0.0390625
  3.89243	0.03125
  3.89252	0.0078125
  3.89261	0.0078125
  3.8927	0.03125
  3.89279	0.078125
  3.89288	0.078125
  3.89297	0.046875
  3.89306	0.03125
  3.89315	0.0234375
  3.89324	0.03125
  3.89333	0.0546875
  3.89342	0.046875
  3.89351	0.03125
  3.89361	0.0390625
  3.8937	0.0546875
  3.89379	0.0390625
  3.89388	0.0234375
  3.89397	0.03125
  3.89406	0.0546875
  3.89415	0.0625
  3.89424	0.0546875
  3.89433	0.03125
  3.89442	0.015625
  3.89451	0
  3.8946	0.0390625
  3.89469	0.0625
  3.89478	0.046875
  3.89488	0.046875
  3.89497	0.0234375
  3.89506	0.015625
  3.89515	0.0078125
  3.89524	0.0078125
  3.89533	0.0234375
  3.89542	0.0234375
  3.89551	0.03125
  3.8956	0.0234375
  3.89569	-0.0078125
  3.89578	-0.015625
  3.89587	-0.015625
  3.89596	-0.0078125
  3.89605	0.015625
  3.89615	0.0234375
  3.89624	0.0234375
  3.89633	0.015625
  3.89642	0.015625
  3.89651	0
  3.8966	0
  3.89669	0
  3.89678	0.0078125
  3.89687	0.015625
  3.89696	0.0078125
  3.89705	0.015625
  3.89714	0.0234375
  3.89723	0.03125
  3.89732	0.0390625
  3.89742	0.0390625
  3.89751	0.0390625
  3.8976	0.03125
  3.89769	0.0234375
  3.89778	0.0390625
  3.89787	0.0390625
  3.89796	0.015625
  3.89805	0.015625
  3.89814	0.015625
  3.89823	0.015625
  3.89832	0.0234375
  3.89841	0.0234375
  3.8985	0.0234375
  3.89859	0.015625
  3.89868	0.015625
  3.89878	0.015625
  3.89887	0.015625
  3.89896	0.0234375
  3.89905	0.015625
  3.89914	0.0234375
  3.89923	0.0390625
  3.89932	0.0390625
  3.89941	0.03125
  3.8995	0.0234375
  3.89959	0
  3.89968	-0.0078125
  3.89977	0
  3.89986	0
  3.89995	-0.0078125
  3.90005	-0.0078125
  3.90014	0.0078125
  3.90023	0.015625
  3.90032	0.015625
  3.90041	0.03125
  3.9005	0.03125
  3.90059	0.03125
  3.90068	0.0234375
  3.90077	0.0234375
  3.90086	0.015625
  3.90095	0
  3.90104	0.0078125
  3.90113	0.015625
  3.90122	0.0234375
  3.90132	0.015625
  3.90141	0.015625
  3.9015	0.015625
  3.90159	0.015625
  3.90168	0.0234375
  3.90177	0.046875
  3.90186	0.0625
  3.90195	0.03125
  3.90204	0.015625
  3.90213	0.0234375
  3.90222	0.015625
  3.90231	0.0078125
  3.9024	0.03125
  3.90249	0.0390625
  3.90259	0.0390625
  3.90268	0.03125
  3.90277	0.0390625
  3.90286	0.0390625
  3.90295	0.046875
  3.90304	0.0546875
  3.90313	0.0703125
  3.90322	0.0546875
  3.90331	0.03125
  3.9034	0.0390625
  3.90349	0.015625
  3.90358	-0.015625
  3.90367	-0.0078125
  3.90376	-0.0078125
  3.90385	-0.0078125
  3.90395	0.0078125
  3.90404	-0.0078125
  3.90413	0.0078125
  3.90422	0
  3.90431	0.0078125
  3.9044	0
  3.90449	-0.015625
  3.90458	-0.03125
  3.90467	-0.03125
  3.90476	-0.03125
  3.90485	-0.015625
  3.90494	0
  3.90503	-0.0078125
  3.90512	-0.0078125
  3.90522	-0.0078125
  3.90531	0
  3.9054	0.0234375
  3.90549	0.0078125
  3.90558	-0.015625
  3.90567	-0.015625
  3.90576	0
  3.90585	0.015625
  3.90594	0
  3.90603	-0.0078125
  3.90612	-0.0234375
  3.90621	-0.0234375
  3.9063	-0.0234375
  3.90639	0
  3.90649	0.015625
  3.90658	0.03125
  3.90667	0.015625
  3.90676	0.0078125
  3.90685	0.0078125
  3.90694	-0.0078125
  3.90703	0
  3.90712	0.015625
  3.90721	0.03125
  3.9073	0.0234375
  3.90739	0.03125
  3.90748	0.03125
  3.90757	0.0234375
  3.90766	0.03125
  3.90776	0.03125
  3.90785	0.0234375
  3.90794	0.0234375
  3.90803	0.0234375
  3.90812	0
  3.90821	0.0078125
  3.9083	0.0390625
  3.90839	0.046875
  3.90848	0.03125
  3.90857	0.015625
  3.90866	0.015625
  3.90875	0.0078125
  3.90884	0.0234375
  3.90893	0.0078125
  3.90902	-0.015625
  3.90912	-0.015625
  3.90921	0.0078125
  3.9093	0.0078125
  3.90939	-0.0078125
  3.90948	-0.0390625
  3.90957	-0.0390625
  3.90966	-0.015625
  3.90975	0.0234375
  3.90984	0.0390625
  3.90993	0.0234375
  3.91002	-0.0078125
  3.91011	-0.015625
  3.9102	0.0234375
  3.91029	0.0546875
  3.91039	0.078125
  3.91048	0.0625
  3.91057	0.0390625
  3.91066	0.0078125
  3.91075	0
  3.91084	0.015625
  3.91093	0.0234375
  3.91102	0.046875
  3.91111	0.03125
  3.9112	0.0234375
  3.91129	0.03125
  3.91138	0.0390625
  3.91147	0.078125
  3.91156	0.0859375
  3.91166	0.0625
  3.91175	0.0546875
  3.91184	0.0546875
  3.91193	0.0625
  3.91202	0.078125
  3.91211	0.0703125
  3.9122	0.0546875
  3.91229	0.03125
  3.91238	0.0234375
  3.91247	0.0390625
  3.91256	0.0390625
  3.91265	0.046875
  3.91274	0.046875
  3.91283	0.046875
  3.91293	0.0625
  3.91302	0.0390625
  3.91311	0.0546875
  3.9132	0.0703125
  3.91329	0.046875
  3.91338	0.0390625
  3.91347	0.015625
  3.91356	0.0234375
  3.91365	0.03125
  3.91374	0.0234375
  3.91383	0.015625
  3.91392	0
  3.91401	0
  3.9141	-0.0078125
  3.91419	-0.015625
  3.91429	-0.0078125
  3.91438	0.0234375
  3.91447	0.03125
  3.91456	0.0078125
  3.91465	0
  3.91474	0.0234375
  3.91483	0.03125
  3.91492	0.03125
  3.91501	0.015625
  3.9151	0.0078125
  3.91519	0.0078125
  3.91528	-0.015625
  3.91537	-0.03125
  3.91546	-0.0390625
  3.91556	-0.03125
  3.91565	-0.0234375
  3.91574	-0.0078125
  3.91583	0
  3.91592	0
  3.91601	-0.0234375
  3.9161	-0.03125
  3.91619	-0.0078125
  3.91628	0
  3.91637	-0.0078125
  3.91646	-0.0234375
  3.91655	-0.015625
  3.91664	0.0078125
  3.91673	0.0234375
  3.91683	0.0078125
  3.91692	-0.0078125
  3.91701	0
  3.9171	-0.0078125
  3.91719	0.015625
  3.91728	0.0234375
  3.91737	0.0234375
  3.91746	0.015625
  3.91755	0.03125
  3.91764	0.03125
  3.91773	0.0390625
  3.91782	0.0625
  3.91791	0.0703125
  3.918	0.0625
  3.9181	0.0546875
  3.91819	0.0546875
  3.91828	0.0625
  3.91837	0.0546875
  3.91846	0.046875
  3.91855	0.046875
  3.91864	0.03125
  3.91873	0.0234375
  3.91882	0.0078125
  3.91891	-0.015625
  3.919	-0.015625
  3.91909	-0.0078125
  3.91918	0
  3.91927	-0.015625
  3.91937	-0.03125
  3.91946	-0.03125
  3.91955	-0.0390625
  3.91964	-0.015625
  3.91973	-0.0078125
  3.91982	0
  3.91991	0
  3.92	-0.0078125
  3.92009	-0.015625
  3.92018	-0.0078125
  3.92027	0.0078125
  3.92036	0
  3.92045	-0.0078125
  3.92054	-0.0234375
  3.92063	-0.03125
  3.92073	-0.015625
  3.92082	-0.015625
  3.92091	0
  3.921	-0.0078125
  3.92109	0.0078125
  3.92118	-0.0078125
  3.92127	-0.0078125
  3.92136	-0.0078125
  3.92145	-0.015625
  3.92154	-0.0234375
  3.92163	-0.015625
  3.92172	-0.0078125
  3.92181	-0.0234375
  3.9219	-0.0234375
  3.922	-0.015625
  3.92209	-0.0234375
  3.92218	-0.0234375
  3.92227	0
  3.92236	0.0078125
  3.92245	0
  3.92254	0.0234375
  3.92263	0.046875
  3.92272	0.0390625
  3.92281	0.046875
  3.9229	0.046875
  3.92299	0.046875
  3.92308	0.0390625
  3.92317	0.0546875
  3.92327	0.0703125
  3.92336	0.0703125
  3.92345	0.078125
  3.92354	0.09375
  3.92363	0.078125
  3.92372	0.0703125
  3.92381	0.0859375
  3.9239	0.101562
  3.92399	0.109375
  3.92408	0.109375
  3.92417	0.101562
  3.92426	0.09375
  3.92435	0.132812
  3.92444	0.148438
  3.92454	0.148438
  3.92463	0.101562
  3.92472	0.0703125
  3.92481	0.0546875
  3.9249	-0.0234375
  3.92499	-0.0859375
  3.92508	-0.03125
  3.92517	0.0703125
  3.92526	0.15625
  3.92535	0.1875
  3.92544	0.125
  3.92553	0.0625
  3.92562	0.0625
  3.92571	0.0859375
  3.9258	0.09375
  3.9259	0.0703125
  3.92599	0.015625
  3.92608	-0.0234375
  3.92617	-0.078125
  3.92626	-0.117188
  3.92635	-0.117188
  3.92644	-0.0859375
  3.92653	-0.101562
  3.92662	-0.125
  3.92671	-0.132812
  3.9268	-0.140625
  3.92689	-0.109375
  3.92698	-0.0625
  3.92707	-0.0234375
  3.92717	0
  3.92726	-0.0078125
  3.92735	-0.0234375
  3.92744	-0.0390625
  3.92753	-0.015625
  3.92762	0.046875
  3.92771	0.0859375
  3.9278	0.101562
  3.92789	0.0703125
  3.92798	0.0390625
  3.92807	0.046875
  3.92816	0.0703125
  3.92825	0.109375
  3.92834	0.148438
  3.92844	0.148438
  3.92853	0.140625
  3.92862	0.0859375
  3.92871	0.0703125
  3.9288	0.078125
  3.92889	0.0546875
  3.92898	0.078125
  3.92907	0.046875
  3.92916	-0.0078125
  3.92925	-0.015625
  3.92934	-0.0234375
  3.92943	-0.0390625
  3.92952	-0.03125
  3.92961	-0.0390625
  3.92971	-0.0546875
  3.9298	-0.078125
  3.92989	-0.0859375
  3.92998	-0.0859375
  3.93007	-0.078125
  3.93016	-0.0546875
  3.93025	-0.03125
  3.93034	0
  3.93043	0
  3.93052	0
  3.93061	0.015625
  3.9307	0.0390625
  3.93079	0.046875
  3.93088	0.0625
  3.93098	0.0546875
  3.93107	0.0234375
  3.93116	0.015625
  3.93125	0.0390625
  3.93134	0.0859375
  3.93143	0.140625
  3.93152	0.109375
  3.93161	0.046875
  3.9317	0.0234375
  3.93179	-0.0234375
  3.93188	-0.0390625
  3.93197	0.0390625
  3.93206	0.101562
  3.93215	0.164062
  3.93224	0.195312
  3.93234	0.164062
  3.93243	0.125
  3.93252	0.117188
  3.93261	0.125
  3.9327	0.148438
  3.93279	0.148438
  3.93288	0.0859375
  3.93297	-0.0234375
  3.93306	-0.117188
  3.93315	-0.164062
  3.93324	-0.171875
  3.93333	-0.125
  3.93342	-0.09375
  3.93351	-0.125
  3.93361	-0.1875
  3.9337	-0.203125
  3.93379	-0.164062
  3.93388	-0.0703125
  3.93397	0.046875
  3.93406	0.078125
  3.93415	0.0859375
  3.93424	0.078125
  3.93433	0.0546875
  3.93442	0.0703125
  3.93451	0.132812
  3.9346	0.171875
  3.93469	0.171875
  3.93478	0.132812
  3.93488	0.0859375
  3.93497	0.0625
  3.93506	0.0546875
  3.93515	0.0546875
  3.93524	0.0390625
  3.93533	0.0078125
  3.93542	-0.046875
  3.93551	-0.078125
  3.9356	-0.117188
  3.93569	-0.125
  3.93578	-0.140625
  3.93587	-0.148438
  3.93596	-0.140625
  3.93605	-0.140625
  3.93615	-0.179688
  3.93624	-0.210938
  3.93633	-0.179688
  3.93642	-0.15625
  3.93651	-0.117188
  3.9366	-0.078125
  3.93669	-0.09375
  3.93678	-0.109375
  3.93687	-0.0625
  3.93696	0
  3.93705	0.0625
  3.93714	0.109375
  3.93723	0.125
  3.93732	0.109375
  3.93742	0.125
  3.93751	0.148438
  3.9376	0.171875
  3.93769	0.164062
  3.93778	0.15625
  3.93787	0.148438
  3.93796	0.132812
  3.93805	0.125
  3.93814	0.117188
  3.93823	0.0859375
  3.93832	0.0859375
  3.93841	0.117188
  3.9385	0.09375
  3.93859	0.0546875
  3.93868	0.0546875
  3.93878	0.078125
  3.93887	0.0625
  3.93896	0.0546875
  3.93905	0.046875
  3.93914	0.0234375
  3.93923	0.0234375
  3.93932	0.0703125
  3.93941	0.09375
  3.9395	0.0859375
  3.93959	0.0703125
  3.93968	0.046875
  3.93977	-0.0625
  3.93986	-0.179688
  3.93995	-0.171875
  3.94005	-0.0859375
  3.94014	-0.0234375
  3.94023	0.0234375
  3.94032	0.015625
  3.94041	-0.078125
  3.9405	-0.0859375
  3.94059	0.046875
  3.94068	0.15625
  3.94077	0.171875
  3.94086	0.234375
  3.94095	0.242188
  3.94104	0.195312
  3.94113	0.21875
  3.94122	0.273438
  3.94132	0.25
  3.94141	0.195312
  3.9415	0.203125
  3.94159	0.148438
  3.94168	0.0625
  3.94177	-0.015625
  3.94186	-0.109375
  3.94195	-0.179688
  3.94204	-0.179688
  3.94213	-0.15625
  3.94222	-0.164062
  3.94231	-0.210938
  3.9424	-0.257812
  3.94249	-0.257812
  3.94258	-0.203125
  3.94268	-0.132812
  3.94277	-0.078125
  3.94286	-0.0390625
  3.94295	-0.0703125
  3.94304	-0.109375
  3.94313	-0.0625
  3.94322	0.0546875
  3.94331	0.109375
  3.9434	0.164062
  3.94349	0.195312
  3.94358	0.15625
  3.94367	0.132812
  3.94376	0.148438
  3.94385	0.179688
  3.94395	0.179688
  3.94404	0.195312
  3.94413	0.179688
  3.94422	0.125
  3.94431	0.046875
  3.9444	0
  3.94449	-0.0546875
  3.94458	-0.0859375
  3.94467	-0.078125
  3.94476	-0.0625
  3.94485	-0.0625
  3.94494	-0.0390625
  3.94503	-0.015625
  3.94512	0
  3.94522	0.0546875
  3.94531	0.132812
  3.9454	0.148438
  3.94549	0.148438
  3.94558	0.140625
  3.94567	0.109375
  3.94576	0.0859375
  3.94585	0.0859375
  3.94594	0.09375
  3.94603	0.0703125
  3.94612	0.0703125
  3.94621	0.046875
  3.9463	-0.109375
  3.94639	-0.320312
  3.94649	-0.351562
  3.94658	-0.257812
  3.94667	-0.15625
  3.94676	-0.0390625
  3.94685	0
  3.94694	-0.132812
  3.94703	-0.164062
  3.94712	0.015625
  3.94721	0.179688
  3.9473	0.25
  3.94739	0.335938
  3.94748	0.375
  3.94757	0.328125
  3.94766	0.3125
  3.94776	0.289062
  3.94785	0.195312
  3.94794	0.117188
  3.94803	0.101562
  3.94812	0.09375
  3.94821	0.0078125
  3.9483	-0.125
  3.94839	-0.273438
  3.94848	-0.382812
  3.94857	-0.367188
  3.94866	-0.289062
  3.94875	-0.25
  3.94884	-0.257812
  3.94893	-0.273438
  3.94902	-0.273438
  3.94912	-0.226562
  3.94921	-0.140625
  3.9493	-0.0625
  3.94939	0.0078125
  3.94948	0.0546875
  3.94957	0.117188
  3.94966	0.164062
  3.94975	0.171875
  3.94984	0.171875
  3.94993	0.195312
  3.95002	0.21875
  3.95011	0.242188
  3.9502	0.234375
  3.95029	0.1875
  3.95039	0.109375
  3.95048	0.015625
  3.95057	0
  3.95066	-0.0078125
  3.95075	-0.0625
  3.95084	-0.117188
  3.95093	-0.15625
  3.95102	-0.164062
  3.95111	-0.140625
  3.9512	-0.0625
  3.95129	0
  3.95138	0.046875
  3.95147	0.117188
  3.95156	0.1875
  3.95166	0.234375
  3.95175	0.210938
  3.95184	0.210938
  3.95193	0.210938
  3.95202	0.1875
  3.95211	0.179688
  3.9522	0.210938
  3.95229	0.203125
  3.95238	0.15625
  3.95247	0.132812
  3.95256	-0.015625
  3.95265	-0.265625
  3.95274	-0.429688
  3.95283	-0.390625
  3.95293	-0.273438
  3.95302	-0.125
  3.95311	0.0625
  3.9532	0.03125
  3.95329	-0.0625
  3.95338	0.046875
  3.95347	0.242188
  3.95356	0.3125
  3.95365	0.414062
  3.95374	0.53125
  3.95383	0.539062
  3.95392	0.492188
  3.95401	0.460938
  3.9541	0.3125
  3.95419	0.109375
  3.95429	0.0390625
  3.95438	-0.0234375
  3.95447	-0.109375
  3.95456	-0.203125
  3.95465	-0.320312
  3.95474	-0.460938
  3.95483	-0.53125
  3.95492	-0.515625
  3.95501	-0.484375
  3.9551	-0.398438
  3.95519	-0.265625
  3.95528	-0.15625
  3.95537	-0.101562
  3.95546	-0.0390625
  3.95556	0.03125
  3.95565	0.09375
  3.95574	0.179688
  3.95583	0.289062
  3.95592	0.351562
  3.95601	0.328125
  3.9561	0.242188
  3.95619	0.195312
  3.95628	0.132812
  3.95637	0.0625
  3.95646	0.015625
  3.95655	-0.046875
  3.95664	-0.109375
  3.95673	-0.109375
  3.95683	-0.125
  3.95692	-0.179688
  3.95701	-0.21875
  3.9571	-0.1875
  3.95719	-0.132812
  3.95728	-0.0546875
  3.95737	0.0703125
  3.95746	0.15625
  3.95755	0.21875
  3.95764	0.273438
  3.95773	0.328125
  3.95782	0.34375
  3.95791	0.382812
  3.958	0.390625
  3.9581	0.34375
  3.95819	0.25
  3.95828	0.171875
  3.95837	0.0625
  3.95846	0
  3.95855	-0.03125
  3.95864	-0.0546875
  3.95873	-0.0234375
  3.95882	-0.125
  3.95891	-0.34375
  3.959	-0.484375
  3.95909	-0.421875
  3.95918	-0.3125
  3.95927	-0.117188
  3.95937	0.171875
  3.95946	0.257812
  3.95955	0.265625
  3.95964	0.359375
  3.95973	0.40625
  3.95982	0.328125
  3.95991	0.382812
  3.96	0.492188
  3.96009	0.460938
  3.96018	0.367188
  3.96027	0.210938
  3.96036	-0.046875
  3.96045	-0.21875
  3.96054	-0.296875
  3.96063	-0.40625
  3.96073	-0.445312
  3.96082	-0.382812
  3.96091	-0.359375
  3.961	-0.328125
  3.96109	-0.21875
  3.96118	-0.125
  3.96127	-0.0859375
  3.96136	0.03125
  3.96145	0.179688
  3.96154	0.273438
  3.96163	0.3125
  3.96172	0.28125
  3.96181	0.203125
  3.9619	0.0859375
  3.962	-0.0703125
  3.96209	-0.1875
  3.96218	-0.234375
  3.96227	-0.3125
  3.96236	-0.335938
  3.96245	-0.3125
  3.96254	-0.328125
  3.96263	-0.367188
  3.96272	-0.296875
  3.96281	-0.164062
  3.9629	-0.0078125
  3.96299	0.132812
  3.96308	0.3125
  3.96317	0.382812
  3.96327	0.390625
  3.96336	0.375
  3.96345	0.296875
  3.96354	0.1875
  3.96363	0.125
  3.96372	0.0625
  3.96381	0.0078125
  3.9639	-0.0390625
  3.96399	-0.078125
  3.96408	-0.101562
  3.96417	-0.0859375
  3.96426	-0.0625
  3.96435	-0.0625
  3.96444	-0.0234375
  3.96454	0.046875
  3.96463	0.09375
  3.96472	0.09375
  3.96481	0.132812
  3.9649	0.140625
  3.96499	0.140625
  3.96508	0.148438
  3.96517	0.0078125
  3.96526	-0.226562
  3.96535	-0.328125
  3.96544	-0.296875
  3.96553	-0.289062
  3.96562	-0.15625
  3.96571	0.046875
  3.96581	0.109375
  3.9659	0.132812
  3.96599	0.257812
  3.96608	0.273438
  3.96617	0.179688
  3.96626	0.273438
  3.96635	0.398438
  3.96644	0.398438
  3.96653	0.367188
  3.96662	0.273438
  3.96671	0.101562
  3.9668	-0.015625
  3.96689	-0.125
  3.96698	-0.257812
  3.96707	-0.265625
  3.96717	-0.179688
  3.96726	-0.148438
  3.96735	-0.109375
  3.96744	-0.046875
  3.96753	-0.0625
  3.96762	-0.078125
  3.96771	0.0078125
  3.9678	0.0390625
  3.96789	0.0625
  3.96798	0.117188
  3.96807	0.0703125
  3.96816	-0.0078125
  3.96825	-0.109375
  3.96834	-0.242188
  3.96844	-0.335938
  3.96853	-0.304688
  3.96862	-0.28125
  3.96871	-0.289062
  3.9688	-0.203125
  3.96889	-0.0625
  3.96898	0
  3.96907	0.0390625
  3.96916	0.148438
  3.96925	0.226562
  3.96934	0.3125
  3.96943	0.398438
  3.96952	0.453125
  3.96961	0.375
  3.96971	0.265625
  3.9698	0.179688
  3.96989	0.09375
  3.96998	0
  3.97007	-0.0546875
  3.97016	-0.03125
  3.97025	0.0078125
  3.97034	0.015625
  3.97043	0.0390625
  3.97052	0.101562
  3.97061	0.125
  3.9707	0.140625
  3.97079	0.140625
  3.97088	0.132812
  3.97098	0.117188
  3.97107	0.15625
  3.97116	0.164062
  3.97125	0.148438
  3.97134	0.109375
  3.97143	0.03125
  3.97152	-0.1875
  3.97161	-0.382812
  3.9717	-0.46875
  3.97179	-0.453125
  3.97188	-0.367188
  3.97197	-0.09375
  3.97206	0.171875
  3.97215	0.25
  3.97224	0.328125
  3.97234	0.398438
  3.97243	0.34375
  3.97252	0.265625
  3.97261	0.320312
  3.9727	0.335938
  3.97279	0.320312
  3.97288	0.28125
  3.97297	0.15625
  3.97306	-0.0078125
  3.97315	-0.148438
  3.97324	-0.296875
  3.97333	-0.382812
  3.97342	-0.320312
  3.97351	-0.203125
  3.97361	-0.117188
  3.9737	-0.0078125
  3.97379	0.0546875
  3.97388	0.046875
  3.97397	0.015625
  3.97406	-0.0234375
  3.97415	-0.0390625
  3.97424	-0.0078125
  3.97433	0
  3.97442	-0.0234375
  3.97451	-0.0859375
  3.9746	-0.171875
  3.97469	-0.335938
  3.97478	-0.398438
  3.97488	-0.390625
  3.97497	-0.367188
  3.97506	-0.234375
  3.97515	-0.0546875
  3.97524	0.101562
  3.97533	0.195312
  3.97542	0.195312
  3.97551	0.25
  3.9756	0.296875
  3.97569	0.335938
  3.97578	0.375
  3.97587	0.359375
  3.97596	0.296875
  3.97605	0.179688
  3.97615	0.046875
  3.97624	-0.078125
  3.97633	-0.171875
  3.97642	-0.195312
  3.97651	-0.140625
  3.9766	-0.0546875
  3.97669	0.015625
  3.97678	0.109375
  3.97687	0.203125
  3.97696	0.234375
  3.97705	0.234375
  3.97714	0.171875
  3.97723	0.132812
  3.97732	0.0703125
  3.97742	0.0390625
  3.97751	0.03125
  3.9776	0.015625
  3.97769	0.0078125
  3.97778	-0.0859375
  3.97787	-0.296875
  3.97796	-0.46875
  3.97805	-0.546875
  3.97814	-0.53125
  3.97823	-0.375
  3.97832	-0.0234375
  3.97841	0.257812
  3.9785	0.359375
  3.97859	0.460938
  3.97868	0.484375
  3.97878	0.351562
  3.97887	0.242188
  3.97896	0.195312
  3.97905	0.15625
  3.97914	0.164062
  3.97923	0.1875
  3.97932	0.125
  3.97941	-0.0234375
  3.9795	-0.15625
  3.97959	-0.351562
  3.97968	-0.429688
  3.97977	-0.3125
  3.97986	-0.1875
  3.97995	-0.078125
  3.98005	0.0625
  3.98014	0.125
  3.98023	0.0859375
  3.98032	0.0390625
  3.98041	-0.0390625
  3.9805	-0.101562
  3.98059	-0.109375
  3.98068	-0.132812
  3.98077	-0.164062
  3.98086	-0.171875
  3.98095	-0.1875
  3.98104	-0.265625
  3.98113	-0.335938
  3.98122	-0.320312
  3.98132	-0.257812
  3.98141	-0.132812
  3.9815	0.0703125
  3.98159	0.21875
  3.98168	0.296875
  3.98177	0.296875
  3.98186	0.28125
  3.98195	0.25
  3.98204	0.21875
  3.98213	0.203125
  3.98222	0.179688
  3.98231	0.171875
  3.9824	0.125
  3.98249	0.078125
  3.98258	0.0078125
  3.98268	-0.0625
  3.98277	-0.0703125
  3.98286	-0.0625
  3.98295	-0.0078125
  3.98304	0.0625
  3.98313	0.132812
  3.98322	0.195312
  3.98331	0.21875
  3.9834	0.210938
  3.98349	0.15625
  3.98358	0.109375
  3.98367	0.03125
  3.98376	-0.0234375
  3.98385	-0.03125
  3.98395	-0.046875
  3.98404	-0.03125
  3.98413	-0.0546875
  3.98422	-0.226562
  3.98431	-0.382812
  3.9844	-0.476562
  3.98449	-0.476562
  3.98458	-0.359375
  3.98467	-0.046875
  3.98476	0.273438
  3.98485	0.429688
  3.98494	0.539062
  3.98503	0.570312
  3.98512	0.429688
  3.98522	0.28125
  3.98531	0.21875
  3.9854	0.15625
  3.98549	0.164062
  3.98558	0.234375
  3.98567	0.195312
  3.98576	0.078125
  3.98585	-0.015625
  3.98594	-0.1875
  3.98603	-0.304688
  3.98612	-0.234375
  3.98621	-0.140625
  3.9863	-0.0703125
  3.98639	0.0703125
  3.98649	0.203125
  3.98658	0.21875
  3.98667	0.195312
  3.98676	0.109375
  3.98685	-0.046875
  3.98694	-0.148438
  3.98703	-0.195312
  3.98712	-0.234375
  3.98721	-0.210938
  3.9873	-0.15625
  3.98739	-0.164062
  3.98748	-0.210938
  3.98757	-0.21875
  3.98766	-0.210938
  3.98776	-0.15625
  3.98785	0
  3.98794	0.132812
  3.98803	0.234375
  3.98812	0.289062
  3.98821	0.273438
  3.9883	0.242188
  3.98839	0.21875
  3.98848	0.164062
  3.98857	0.09375
  3.98866	0.0703125
  3.98875	0.046875
  3.98884	0
  3.98893	-0.015625
  3.98902	-0.03125
  3.98912	-0.0234375
  3.98921	-0.0546875
  3.9893	-0.0546875
  3.98939	-0.015625
  3.98948	0.046875
  3.98957	0.132812
  3.98966	0.179688
  3.98975	0.203125
  3.98984	0.140625
  3.98993	0.0703125
  3.99002	-0.015625
  3.99011	-0.09375
  3.9902	-0.164062
  3.99029	-0.179688
  3.99039	-0.148438
  3.99048	-0.109375
  3.99057	-0.195312
  3.99066	-0.3125
  3.99075	-0.40625
  3.99084	-0.492188
  3.99093	-0.460938
  3.99102	-0.203125
  3.99111	0.125
  3.9912	0.320312
  3.99129	0.46875
  3.99138	0.570312
  3.99147	0.476562
  3.99156	0.3125
  3.99166	0.195312
  3.99175	0.078125
  3.99184	0.0390625
  3.99193	0.0859375
  3.99202	0.078125
  3.99211	0.015625
  3.9922	0.0078125
  3.99229	-0.0859375
  3.99238	-0.203125
  3.99247	-0.203125
  3.99256	-0.1875
  3.99265	-0.179688
  3.99274	-0.0703125
  3.99283	0.0546875
  3.99293	0.132812
  3.99302	0.171875
  3.99311	0.140625
  3.9932	-0.0078125
  3.99329	-0.132812
  3.99338	-0.25
  3.99347	-0.367188
  3.99356	-0.359375
  3.99365	-0.25
  3.99374	-0.164062
  3.99383	-0.132812
  3.99392	-0.101562
  3.99401	-0.109375
  3.9941	-0.109375
  3.99419	-0.0234375
  3.99429	0.046875
  3.99438	0.109375
  3.99447	0.210938
  3.99456	0.273438
  3.99465	0.273438
  3.99474	0.273438
  3.99483	0.234375
  3.99492	0.148438
  3.99501	0.078125
  3.9951	0.0390625
  3.99519	-0.0078125
  3.99528	-0.0234375
  3.99537	0
  3.99546	0.0390625
  3.99556	0.09375
  3.99565	0.117188
  3.99574	0.117188
  3.99583	0.125
  3.99592	0.125
  3.99601	0.148438
  3.9961	0.171875
  3.99619	0.195312
  3.99628	0.1875
  3.99637	0.140625
  3.99646	0.0625
  3.99655	-0.0234375
  3.99664	-0.101562
  3.99673	-0.140625
  3.99683	-0.09375
  3.99692	-0.0546875
  3.99701	-0.132812
  3.9971	-0.234375
  3.99719	-0.296875
  3.99728	-0.359375
  3.99737	-0.34375
  3.99746	-0.0859375
  3.99755	0.203125
  3.99764	0.367188
  3.99773	0.484375
  3.99782	0.546875
  3.99791	0.460938
  3.998	0.3125
  3.9981	0.195312
  3.99819	0.078125
  3.99828	0.03125
  3.99837	0.0390625
  3.99846	0.015625
  3.99855	-0.015625
  3.99864	0.0078125
  3.99873	-0.046875
  3.99882	-0.15625
  3.99891	-0.179688
  3.999	-0.195312
  3.99909	-0.210938
  3.99918	-0.125
  3.99927	0.0078125
  3.99937	0.101562
  3.99946	0.15625
  3.99955	0.125
  3.99964	-0.0078125
  3.99973	-0.132812
  3.99982	-0.234375
  3.99991	-0.351562
  4	-0.367188
  4.00009	-0.273438
  4.00018	-0.179688
  4.00027	-0.125
  4.00036	-0.0546875
  4.00045	-0.03125
  4.00054	-0.03125
  4.00063	0.015625
  4.00073	0.0546875
  4.00082	0.132812
  4.00091	0.234375
  4.001	0.296875
  4.00109	0.296875
  4.00118	0.28125
  4.00127	0.226562
  4.00136	0.117188
  4.00145	0.046875
  4.00154	0
  4.00163	-0.0390625
  4.00172	-0.0546875
  4.00181	-0.03125
  4.0019	0.0234375
  4.002	0.0859375
  4.00209	0.117188
  4.00218	0.132812
  4.00227	0.132812
  4.00236	0.132812
  4.00245	0.132812
  4.00254	0.148438
  4.00263	0.179688
  4.00272	0.179688
  4.00281	0.132812
  4.0029	0.03125
  4.00299	-0.046875
  4.00308	-0.140625
  4.00317	-0.171875
  4.00327	-0.101562
  4.00336	-0.0625
  4.00345	-0.140625
  4.00354	-0.195312
  4.00363	-0.25
  4.00372	-0.328125
  4.00381	-0.3125
  4.0039	-0.0859375
  4.00399	0.21875
  4.00408	0.390625
  4.00417	0.515625
  4.00426	0.570312
  4.00435	0.5
  4.00444	0.351562
  4.00454	0.1875
  4.00463	0.0390625
  4.00472	-0.015625
  4.00481	-0.015625
  4.0049	-0.0390625
  4.00499	-0.0703125
  4.00508	-0.0390625
  4.00517	-0.078125
  4.00526	-0.15625
  4.00535	-0.195312
  4.00544	-0.21875
  4.00553	-0.179688
  4.00562	-0.101562
  4.00571	-0.015625
  4.0058	0.0703125
  4.0059	0.125
  4.00599	0.117188
  4.00608	0
  4.00617	-0.140625
  4.00626	-0.257812
  4.00635	-0.375
  4.00644	-0.421875
  4.00653	-0.382812
  4.00662	-0.296875
  4.00671	-0.179688
  4.0068	-0.101562
  4.00689	-0.03125
  4.00698	0.015625
  4.00707	0.078125
  4.00717	0.101562
  4.00726	0.117188
  4.00735	0.171875
  4.00744	0.21875
  4.00753	0.226562
  4.00762	0.195312
  4.00771	0.171875
  4.0078	0.132812
  4.00789	0.046875
  4.00798	-0.03125
  4.00807	-0.0546875
  4.00816	-0.046875
  4.00825	-0.03125
  4.00834	0.015625
  4.00844	0.0625
  4.00853	0.0859375
  4.00862	0.101562
  4.00871	0.109375
  4.0088	0.0859375
  4.00889	0.101562
  4.00898	0.117188
  4.00907	0.109375
  4.00916	0.101562
  4.00925	0.117188
  4.00934	0.046875
  4.00943	-0.03125
  4.00952	-0.117188
  4.00961	-0.164062
  4.00971	-0.203125
  4.0098	-0.148438
  4.00989	-0.0546875
  4.00998	-0.09375
  4.01007	-0.15625
  4.01016	-0.226562
  4.01025	-0.3125
  4.01034	-0.359375
  4.01043	-0.164062
  4.01052	0.140625
  4.01061	0.351562
  4.0107	0.476562
  4.01079	0.585938
  4.01088	0.546875
  4.01098	0.375
  4.01107	0.195312
  4.01116	0.0234375
  4.01125	-0.03125
  4.01134	-0.0234375
  4.01143	-0.0234375
  4.01152	0.0078125
  4.01161	0.046875
  4.0117	0.015625
  4.01179	-0.09375
  4.01188	-0.148438
  4.01197	-0.179688
  4.01206	-0.15625
  4.01215	-0.0625
  4.01224	0.03125
  4.01234	0.117188
  4.01243	0.1875
  4.01252	0.1875
  4.01261	0.0625
  4.0127	-0.0546875
  4.01279	-0.203125
  4.01288	-0.367188
  4.01297	-0.390625
  4.01306	-0.34375
  4.01315	-0.25
  4.01324	-0.101562
  4.01333	0.0234375
  4.01342	0.046875
  4.01351	0.0546875
  4.01361	0.0859375
  4.0137	0.101562
  4.01379	0.140625
  4.01388	0.242188
  4.01397	0.320312
  4.01406	0.328125
  4.01415	0.304688
  4.01424	0.234375
  4.01433	0.140625
  4.01442	0.0546875
  4.01451	-0.015625
  4.0146	-0.0625
  4.01469	-0.046875
  4.01478	0
  4.01488	0.0390625
  4.01497	0.101562
  4.01506	0.125
  4.01515	0.101562
  4.01524	0.078125
  4.01533	0.0703125
  4.01542	0.078125
  4.01551	0.117188
  4.0156	0.171875
  4.01569	0.1875
  4.01578	0.171875
  4.01587	0.140625
  4.01596	0.03125
  4.01605	-0.0625
  4.01615	-0.148438
  4.01624	-0.226562
  4.01633	-0.203125
  4.01642	-0.09375
  4.01651	0.0390625
  4.0166	0.0234375
  4.01669	-0.0546875
  4.01678	-0.125
  4.01687	-0.273438
  4.01696	-0.375
  4.01705	-0.203125
  4.01714	0.0859375
  4.01723	0.28125
  4.01732	0.4375
  4.01741	0.570312
  4.01751	0.507812
  4.0176	0.335938
  4.01769	0.171875
  4.01778	-0.0703125
  4.01787	-0.210938
  4.01796	-0.171875
  4.01805	-0.148438
  4.01814	-0.132812
  4.01823	-0.0078125
  4.01832	0.0390625
  4.01841	-0.078125
  4.0185	-0.148438
  4.01859	-0.210938
  4.01868	-0.257812
  4.01878	-0.15625
  4.01887	-0.0390625
  4.01896	0.046875
  4.01905	0.15625
  4.01914	0.1875
  4.01923	0.046875
  4.01932	-0.117188
  4.01941	-0.226562
  4.0195	-0.390625
  4.01959	-0.5
  4.01968	-0.445312
  4.01977	-0.335938
  4.01986	-0.195312
  4.01995	-0.0390625
  4.02005	0.03125
  4.02014	0.03125
  4.02023	0.0546875
  4.02032	0.078125
  4.02041	0.101562
  4.0205	0.171875
  4.02059	0.234375
  4.02068	0.28125
  4.02077	0.265625
  4.02086	0.210938
  4.02095	0.125
  4.02104	0.03125
  4.02113	-0.0625
  4.02122	-0.125
  4.02132	-0.0625
  4.02141	0.03125
  4.0215	0.109375
  4.02159	0.15625
  4.02168	0.15625
  4.02177	0.140625
  4.02186	0.0859375
  4.02195	0.0390625
  4.02204	0.046875
  4.02213	0.0859375
  4.02222	0.132812
  4.02231	0.171875
  4.0224	0.203125
  4.02249	0.148438
  4.02259	0.0546875
  4.02268	-0.03125
  4.02277	-0.125
  4.02286	-0.179688
  4.02295	-0.195312
  4.02304	-0.125
  4.02313	0.015625
  4.02322	0.125
  4.02331	0.0625
  4.0234	-0.0546875
  4.02349	-0.140625
  4.02358	-0.320312
  4.02367	-0.484375
  4.02376	-0.296875
  4.02385	0.0546875
  4.02395	0.234375
  4.02404	0.429688
  4.02413	0.664062
  4.02422	0.578125
  4.02431	0.296875
  4.0244	0.132812
  4.02449	-0.09375
  4.02458	-0.25
  4.02467	-0.164062
  4.02476	-0.046875
  4.02485	0.0078125
  4.02494	0.117188
  4.02503	0.125
  4.02512	-0.0390625
  4.02522	-0.0859375
  4.02531	-0.164062
  4.0254	-0.289062
  4.02549	-0.164062
  4.02558	0.0390625
  4.02567	0.0859375
  4.02576	0.179688
  4.02585	0.265625
  4.02594	0.117188
  4.02603	-0.09375
  4.02612	-0.226562
  4.02621	-0.429688
  4.0263	-0.53125
  4.02639	-0.421875
  4.02649	-0.304688
  4.02658	-0.148438
  4.02667	0.046875
  4.02676	0.140625
  4.02685	0.09375
  4.02694	0.101562
  4.02703	0.109375
  4.02712	0.109375
  4.02721	0.148438
  4.0273	0.21875
  4.02739	0.265625
  4.02748	0.273438
  4.02757	0.242188
  4.02766	0.148438
  4.02776	0.0703125
  4.02785	-0.0078125
  4.02794	-0.078125
  4.02803	-0.0625
  4.02812	0.0234375
  4.02821	0.101562
  4.0283	0.171875
  4.02839	0.21875
  4.02848	0.21875
  4.02857	0.164062
  4.02866	0.0859375
  4.02875	0.03125
  4.02884	0
  4.02893	0.03125
  4.02902	0.117188
  4.02912	0.210938
  4.02921	0.242188
  4.0293	0.15625
  4.02939	0.03125
  4.02948	-0.109375
  4.02957	-0.179688
  4.02966	-0.1875
  4.02975	-0.15625
  4.02984	-0.0546875
  4.02993	0.078125
  4.03002	0.226562
  4.03011	0.171875
  4.0302	-0.03125
  4.03029	-0.117188
  4.03039	-0.289062
  4.03048	-0.5
  4.03057	-0.398438
  4.03066	-0.0625
  4.03075	0.195312
  4.03084	0.359375
  4.03093	0.601562
  4.03102	0.648438
  4.03111	0.382812
  4.0312	0.15625
  4.03129	-0.046875
  4.03138	-0.21875
  4.03147	-0.1875
  4.03156	-0.078125
  4.03166	0.03125
  4.03175	0.140625
  4.03184	0.140625
  4.03193	-0.0234375
  4.03202	-0.125
  4.03211	-0.195312
  4.0322	-0.351562
  4.03229	-0.28125
  4.03238	-0.03125
  4.03247	0.101562
  4.03256	0.195312
  4.03265	0.273438
  4.03274	0.164062
  4.03283	-0.0546875
  4.03293	-0.226562
  4.03302	-0.40625
  4.03311	-0.507812
  4.0332	-0.4375
  4.03329	-0.304688
  4.03338	-0.164062
  4.03347	0.0234375
  4.03356	0.132812
  4.03365	0.125
  4.03374	0.117188
  4.03383	0.109375
  4.03392	0.0703125
  4.03401	0.117188
  4.0341	0.226562
  4.0342	0.289062
  4.03429	0.3125
  4.03438	0.28125
  4.03447	0.148438
  4.03456	0.015625
  4.03465	-0.0859375
  4.03474	-0.148438
  4.03483	-0.117188
  4.03492	-0.015625
  4.03501	0.09375
  4.0351	0.179688
  4.03519	0.25
  4.03528	0.242188
  4.03537	0.148438
  4.03546	0.0390625
  4.03556	-0.0234375
  4.03565	-0.0546875
  4.03574	-0.03125
  4.03583	0.03125
  4.03592	0.101562
  4.03601	0.15625
  4.0361	0.15625
  4.03619	0.101562
  4.03628	0.0078125
  4.03637	-0.0859375
  4.03646	-0.15625
  4.03655	-0.164062
  4.03664	-0.125
  4.03673	-0.0703125
  4.03683	0.015625
  4.03692	0.09375
  4.03701	0.164062
  4.0371	0.109375
  4.03719	-0.117188
  4.03728	-0.25
  4.03737	-0.351562
  4.03746	-0.492188
  4.03755	-0.398438
  4.03764	-0.0390625
  4.03773	0.21875
  4.03782	0.34375
  4.03791	0.53125
  4.038	0.578125
  4.0381	0.320312
  4.03819	0.109375
  4.03828	-0.0546875
  4.03837	-0.234375
  4.03846	-0.195312
  4.03855	-0.0703125
  4.03864	-0.0234375
  4.03873	0.046875
  4.03882	0.101562
  4.03891	-0.046875
  4.039	-0.171875
  4.03909	-0.179688
  4.03918	-0.296875
  4.03927	-0.273438
  4.03937	-0.0078125
  4.03946	0.125
  4.03955	0.1875
  4.03964	0.28125
  4.03973	0.226562
  4.03982	0.0078125
  4.03991	-0.15625
  4.04	-0.335938
  4.04009	-0.484375
  4.04018	-0.40625
  4.04027	-0.289062
  4.04036	-0.164062
  4.04045	0.0390625
  4.04054	0.148438
  4.04063	0.09375
  4.04073	0.0859375
  4.04082	0.117188
  4.04091	0.078125
  4.041	0.117188
  4.04109	0.257812
  4.04118	0.3125
  4.04127	0.304688
  4.04136	0.296875
  4.04145	0.210938
  4.04154	0.0546875
  4.04163	-0.046875
  4.04172	-0.132812
  4.04181	-0.140625
  4.0419	-0.0390625
  4.042	0.0625
  4.04209	0.164062
  4.04218	0.257812
  4.04227	0.265625
  4.04236	0.1875
  4.04245	0.117188
  4.04254	0.0390625
  4.04263	-0.03125
  4.04272	-0.0546875
  4.04281	-0.0078125
  4.0429	0.046875
  4.04299	0.117188
  4.04308	0.179688
  4.04317	0.132812
  4.04327	0.078125
  4.04336	-0.0078125
  4.04345	-0.109375
  4.04354	-0.132812
  4.04363	-0.078125
  4.04372	0.0234375
  4.04381	0.109375
  4.0439	0.148438
  4.04399	0.15625
  4.04408	0.125
  4.04417	0.148438
  4.04426	0.0234375
  4.04435	-0.171875
  4.04444	-0.210938
  4.04454	-0.3125
  4.04463	-0.429688
  4.04472	-0.28125
  4.04481	0.078125
  4.0449	0.265625
  4.04499	0.375
  4.04508	0.585938
  4.04517	0.546875
  4.04526	0.28125
  4.04535	0.164062
  4.04544	0.03125
  4.04553	-0.09375
  4.04562	-0.0546875
  4.04571	0.015625
  4.0458	0.015625
  4.0459	0.0625
  4.04599	0.0703125
  4.04608	-0.078125
  4.04617	-0.117188
  4.04626	-0.078125
  4.04635	-0.203125
  4.04644	-0.15625
  4.04653	0.078125
  4.04662	0.125
  4.04671	0.140625
  4.0468	0.203125
  4.04689	0.117188
  4.04698	-0.0859375
  4.04707	-0.21875
  4.04717	-0.382812
  4.04726	-0.492188
  4.04735	-0.40625
  4.04744	-0.320312
  4.04753	-0.25
  4.04762	-0.0625
  4.04771	0.0703125
  4.0478	0.0625
  4.04789	0.0703125
  4.04798	0.101562
  4.04807	0.0625
  4.04816	0.078125
  4.04825	0.140625
  4.04834	0.195312
  4.04844	0.21875
  4.04853	0.1875
  4.04862	0.09375
  4.04871	-0.015625
  4.0488	-0.09375
  4.04889	-0.164062
  4.04898	-0.148438
  4.04907	-0.03125
  4.04916	0.0859375
  4.04925	0.164062
  4.04934	0.25
  4.04943	0.289062
  4.04952	0.234375
  4.04961	0.125
  4.04971	0.046875
  4.0498	-0.015625
  4.04989	-0.0546875
  4.04998	-0.046875
  4.05007	-0.015625
  4.05016	0.015625
  4.05025	0.015625
  4.05034	0.0234375
  4.05043	0.0078125
  4.05052	0
  4.05061	0
  4.0507	-0.015625
  4.05079	0.015625
  4.05088	0.015625
  4.05098	0.0078125
  4.05107	0.03125
  4.05116	0.0546875
  4.05125	0.0546875
  4.05134	0.015625
  4.05143	-0.015625
  4.05152	-0.046875
  4.05161	-0.015625
  4.0517	-0.101562
  4.05179	-0.28125
  4.05188	-0.265625
  4.05197	-0.304688
  4.05206	-0.460938
  4.05215	-0.3125
  4.05224	0.03125
  4.05234	0.164062
  4.05243	0.273438
  4.05252	0.515625
  4.05261	0.5
  4.0527	0.273438
  4.05279	0.171875
  4.05288	-0.0078125
  4.05297	-0.171875
  4.05306	-0.101562
  4.05315	-0.0859375
  4.05324	-0.078125
  4.05333	0.0546875
  4.05342	0.0390625
  4.05351	-0.109375
  4.05361	-0.0546875
  4.0537	-0.03125
  4.05379	-0.179688
  4.05388	-0.0625
  4.05397	0.101562
  4.05406	0.078125
  4.05415	0.140625
  4.05424	0.203125
  4.05433	0.0703125
  4.05442	-0.078125
  4.05451	-0.171875
  4.0546	-0.382812
  4.05469	-0.46875
  4.05478	-0.375
  4.05488	-0.320312
  4.05497	-0.171875
  4.05506	0.078125
  4.05515	0.15625
  4.05524	0.179688
  4.05533	0.257812
  4.05542	0.242188
  4.05551	0.171875
  4.0556	0.203125
  4.05569	0.226562
  4.05578	0.179688
  4.05587	0.1875
  4.05596	0.179688
  4.05605	0.109375
  4.05615	0.078125
  4.05624	0.03125
  4.05633	-0.03125
  4.05642	-0.0234375
  4.05651	0.03125
  4.0566	0.0546875
  4.05669	0.132812
  4.05678	0.257812
  4.05687	0.296875
  4.05696	0.28125
  4.05705	0.257812
  4.05714	0.171875
  4.05723	0.0546875
  4.05732	0
  4.05741	-0.0390625
  4.05751	-0.0546875
  4.0576	-0.0234375
  4.05769	-0.0234375
  4.05778	-0.046875
  4.05787	-0.046875
  4.05796	-0.03125
  4.05805	0.0078125
  4.05814	0.0390625
  4.05823	0.09375
  4.05832	0.117188
  4.05841	0.140625
  4.0585	0.109375
  4.05859	0.0703125
  4.05868	0.046875
  4.05878	0.03125
  4.05887	0.0078125
  4.05896	-0.0390625
  4.05905	-0.0703125
  4.05914	-0.078125
  4.05923	-0.078125
  4.05932	0
  4.05941	-0.0078125
  4.0595	-0.1875
  4.05959	-0.226562
  4.05968	-0.289062
  4.05977	-0.460938
  4.05986	-0.40625
  4.05995	-0.046875
  4.06005	0.15625
  4.06014	0.273438
  4.06023	0.539062
  4.06032	0.585938
  4.06041	0.34375
  4.0605	0.203125
  4.06059	0.0234375
  4.06068	-0.15625
  4.06077	-0.117188
  4.06086	-0.0703125
  4.06095	-0.046875
  4.06104	0.0859375
  4.06113	0.132812
  4.06122	-0.015625
  4.06132	-0.0234375
  4.06141	-0.0078125
  4.0615	-0.171875
  4.06159	-0.140625
  4.06168	0
  4.06177	-0.0078125
  4.06186	0.0546875
  4.06195	0.171875
  4.06204	0.109375
  4.06213	-0.0078125
  4.06222	-0.132812
  4.06231	-0.359375
  4.0624	-0.484375
  4.06249	-0.421875
  4.06259	-0.359375
  4.06268	-0.21875
  4.06277	0.03125
  4.06286	0.15625
  4.06295	0.148438
  4.06304	0.203125
  4.06313	0.195312
  4.06322	0.117188
  4.06331	0.109375
  4.0634	0.15625
  4.06349	0.179688
  4.06358	0.203125
  4.06367	0.203125
  4.06376	0.140625
  4.06385	0.078125
  4.06395	-0.0234375
  4.06404	-0.125
  4.06413	-0.09375
  4.06422	-0.015625
  4.06431	0.046875
  4.0644	0.148438
  4.06449	0.226562
  4.06458	0.226562
  4.06467	0.179688
  4.06476	0.148438
  4.06485	0.078125
  4.06494	-0.0078125
  4.06503	-0.0390625
  4.06512	-0.046875
  4.06522	-0.0390625
  4.06531	-0.03125
  4.0654	-0.0390625
  4.06549	-0.0625
  4.06558	-0.101562
  4.06567	-0.140625
  4.06576	-0.132812
  4.06585	-0.078125
  4.06594	0.0078125
  4.06603	0.109375
  4.06612	0.1875
  4.06621	0.21875
  4.0663	0.164062
  4.06639	0.0703125
  4.06649	-0.0546875
  4.06658	-0.125
  4.06667	-0.164062
  4.06676	-0.125
  4.06685	-0.0625
  4.06694	-0.015625
  4.06703	0.0078125
  4.06712	-0.0234375
  4.06721	-0.0703125
  4.0673	-0.0625
  4.06739	-0.015625
  4.06748	-0.171875
  4.06757	-0.226562
  4.06766	-0.195312
  4.06776	-0.320312
  4.06785	-0.359375
  4.06794	-0.0625
  4.06803	0.15625
  4.06812	0.195312
  4.06821	0.382812
  4.0683	0.515625
  4.06839	0.34375
  4.06848	0.226562
  4.06857	0.210938
  4.06866	0.0546875
  4.06875	0.0234375
  4.06884	0.09375
  4.06893	0.0390625
  4.06902	0.0859375
  4.06912	0.125
  4.06921	0
  4.0693	-0.0625
  4.06939	0.0078125
  4.06948	-0.0859375
  4.06957	-0.148438
  4.06966	0.046875
  4.06975	0.09375
  4.06984	0.0703125
  4.06993	0.179688
  4.07002	0.164062
  4.07011	0.0390625
  4.0702	-0.046875
  4.07029	-0.203125
  4.07039	-0.375
  4.07048	-0.367188
  4.07057	-0.34375
  4.07066	-0.296875
  4.07075	-0.09375
  4.07084	0.0625
  4.07093	0.0859375
  4.07102	0.125
  4.07111	0.15625
  4.0712	0.125
  4.07129	0.132812
  4.07138	0.179688
  4.07147	0.203125
  4.07156	0.25
  4.07166	0.265625
  4.07175	0.179688
  4.07184	0.101562
  4.07193	0.0546875
  4.07202	-0.0625
  4.07211	-0.117188
  4.0722	-0.0625
  4.07229	-0.0234375
  4.07238	0.046875
  4.07247	0.15625
  4.07256	0.242188
  4.07265	0.234375
  4.07274	0.226562
  4.07283	0.1875
  4.07293	0.101562
  4.07302	0.0546875
  4.07311	0.0078125
  4.0732	-0.015625
  4.07329	0.0078125
  4.07338	-0.015625
  4.07347	-0.0625
  4.07356	-0.0859375
  4.07365	-0.101562
  4.07374	-0.125
  4.07383	-0.125
  4.07392	-0.0390625
  4.07401	0.046875
  4.0741	0.125
  4.07419	0.210938
  4.07429	0.242188
  4.07438	0.21875
  4.07447	0.117188
  4.07456	0.0078125
  4.07465	-0.078125
  4.07474	-0.148438
  4.07483	-0.132812
  4.07492	-0.0625
  4.07501	0
  4.0751	0.078125
  4.07519	0.0859375
  4.07528	0.046875
  4.07537	-0.015625
  4.07546	-0.046875
  4.07556	-0.078125
  4.07565	-0.0078125
  4.07574	0
  4.07583	-0.148438
  4.07592	-0.15625
  4.07601	-0.179688
  4.0761	-0.421875
  4.07619	-0.429688
  4.07628	-0.125
  4.07637	0.0078125
  4.07646	0.101562
  4.07655	0.40625
  4.07664	0.546875
  4.07673	0.414062
  4.07683	0.390625
  4.07692	0.273438
  4.07701	0.046875
  4.0771	-0.0078125
  4.07719	-0.046875
  4.07728	-0.09375
  4.07737	0.0234375
  4.07746	0.0703125
  4.07755	-0.03125
  4.07764	0
  4.07773	0
  4.07782	-0.1875
  4.07791	-0.1875
  4.078	-0.0546875
  4.0781	-0.0546875
  4.07819	0.015625
  4.07828	0.148438
  4.07837	0.132812
  4.07846	0.0546875
  4.07855	-0.0390625
  4.07864	-0.21875
  4.07873	-0.359375
  4.07882	-0.382812
  4.07891	-0.40625
  4.079	-0.320312
  4.07909	-0.117188
  4.07918	0.015625
  4.07927	0.109375
  4.07937	0.203125
  4.07946	0.210938
  4.07955	0.171875
  4.07964	0.164062
  4.07973	0.164062
  4.07982	0.140625
  4.07991	0.164062
  4.08	0.1875
  4.08009	0.171875
  4.08018	0.164062
  4.08027	0.101562
  4.08036	-0.0625
  4.08045	-0.132812
  4.08054	-0.15625
  4.08063	-0.171875
  4.08073	-0.0859375
  4.08082	0.0703125
  4.08091	0.164062
  4.081	0.195312
  4.08109	0.21875
  4.08118	0.1875
  4.08127	0.101562
  4.08136	0.0234375
  4.08145	-0.03125
  4.08154	-0.0703125
  4.08163	-0.0390625
  4.08172	-0.046875
  4.08181	-0.0859375
  4.0819	-0.0703125
  4.082	-0.117188
  4.08209	-0.179688
  4.08218	-0.148438
  4.08227	-0.0859375
  4.08236	-0.03125
  4.08245	0.0625
  4.08254	0.171875
  4.08263	0.203125
  4.08272	0.195312
  4.08281	0.171875
  4.0829	0.0859375
  4.08299	-0.03125
  4.08308	-0.117188
  4.08317	-0.179688
  4.08327	-0.148438
  4.08336	-0.0859375
  4.08345	-0.0234375
  4.08354	0.03125
  4.08363	0.0625
  4.08372	0.0703125
  4.08381	0.015625
  4.0839	-0.0078125
  4.08399	-0.046875
  4.08408	-0.046875
  4.08417	-0.0546875
  4.08426	0.0078125
  4.08435	0.078125
  4.08444	-0.03125
  4.08454	-0.125
  4.08463	-0.140625
  4.08472	-0.351562
  4.08481	-0.476562
  4.0849	-0.1875
  4.08499	0.09375
  4.08508	0.226562
  4.08517	0.507812
  4.08526	0.765625
  4.08535	0.632812
  4.08544	0.476562
  4.08553	0.335938
  4.08562	0.0390625
  4.08571	-0.0625
  4.0858	-0.046875
  4.0859	-0.078125
  4.08599	0.0234375
  4.08608	0.148438
  4.08617	0.0546875
  4.08626	0.0390625
  4.08635	0.09375
  4.08644	-0.0546875
  4.08653	-0.132812
  4.08662	-0.015625
  4.08671	0.0078125
  4.0868	0.0625
  4.08689	0.242188
  4.08698	0.289062
  4.08707	0.21875
  4.08717	0.109375
  4.08726	-0.109375
  4.08735	-0.328125
  4.08744	-0.4375
  4.08753	-0.460938
  4.08762	-0.351562
  4.08771	-0.109375
  4.0878	0.0703125
  4.08789	0.15625
  4.08798	0.21875
  4.08807	0.226562
  4.08816	0.179688
  4.08825	0.148438
  4.08834	0.140625
  4.08844	0.148438
  4.08853	0.171875
  4.08862	0.1875
  4.08871	0.1875
  4.0888	0.164062
  4.08889	0.0859375
  4.08898	-0.03125
  4.08907	-0.132812
  4.08916	-0.195312
  4.08925	-0.21875
  4.08934	-0.140625
  4.08943	0
  4.08952	0.109375
  4.08961	0.210938
  4.08971	0.273438
  4.0898	0.242188
  4.08989	0.164062
  4.08998	0.0703125
  4.09007	-0.03125
  4.09016	-0.09375
  4.09025	-0.09375
  4.09034	-0.0859375
  4.09043	-0.0859375
  4.09052	-0.078125
  4.09061	-0.09375
  4.0907	-0.125
  4.09079	-0.117188
  4.09088	-0.125
  4.09098	-0.109375
  4.09107	-0.03125
  4.09116	0.0546875
  4.09125	0.125
  4.09134	0.179688
  4.09143	0.164062
  4.09152	0.0859375
  4.09161	-0.015625
  4.0917	-0.140625
  4.09179	-0.226562
  4.09188	-0.265625
  4.09197	-0.242188
  4.09206	-0.195312
  4.09215	-0.117188
  4.09224	-0.046875
  4.09234	-0.0234375
  4.09243	-0.015625
  4.09252	-0.03125
  4.09261	-0.0546875
  4.0927	-0.0703125
  4.09279	-0.0546875
  4.09288	-0.0234375
  4.09297	0.0078125
  4.09306	0.046875
  4.09315	0.0703125
  4.09324	0.132812
  4.09333	0.0546875
  4.09342	-0.164062
  4.09351	-0.234375
  4.09361	-0.335938
  4.0937	-0.507812
  4.09379	-0.304688
  4.09388	0.09375
  4.09397	0.234375
  4.09406	0.390625
  4.09415	0.664062
  4.09424	0.609375
  4.09433	0.382812
  4.09442	0.28125
  4.09451	0.0859375
  4.0946	-0.0625
  4.09469	-0.0234375
  4.09478	-0.0390625
  4.09488	0.03125
  4.09497	0.15625
  4.09506	0.0859375
  4.09515	-0.0078125
  4.09524	0
  4.09533	-0.117188
  4.09542	-0.242188
  4.09551	-0.117188
  4.0956	0
  4.09569	0.0390625
  4.09578	0.171875
  4.09587	0.25
  4.09596	0.195312
  4.09605	0.0546875
  4.09615	-0.125
  4.09624	-0.296875
  4.09633	-0.390625
  4.09642	-0.40625
  4.09651	-0.304688
  4.0966	-0.109375
  4.09669	0.0703125
  4.09678	0.179688
  4.09687	0.226562
  4.09696	0.226562
  4.09705	0.179688
  4.09714	0.117188
  4.09723	0.109375
  4.09732	0.164062
  4.09741	0.21875
  4.09751	0.234375
  4.0976	0.234375
  4.09769	0.203125
  4.09778	0.125
  4.09787	0
  4.09796	-0.09375
  4.09805	-0.148438
  4.09814	-0.164062
  4.09823	-0.101562
  4.09832	0.0234375
  4.09841	0.132812
  4.0985	0.203125
  4.09859	0.21875
  4.09868	0.1875
  4.09878	0.132812
  4.09887	0.0703125
  4.09896	0.0078125
  4.09905	0
  4.09914	0.0078125
  4.09923	0
  4.09932	0.0078125
  4.09941	0.0078125
  4.0995	-0.0546875
  4.09959	-0.109375
  4.09968	-0.117188
  4.09977	-0.109375
  4.09986	-0.0625
  4.09995	0.0234375
  4.10005	0.109375
  4.10014	0.171875
  4.10023	0.21875
  4.10032	0.210938
  4.10041	0.164062
  4.1005	0.09375
  4.10059	-0.0234375
  4.10068	-0.109375
  4.10077	-0.148438
  4.10086	-0.164062
  4.10095	-0.148438
  4.10104	-0.101562
  4.10113	-0.046875
  4.10122	-0.0390625
  4.10132	-0.03125
  4.10141	-0.0390625
  4.1015	-0.0703125
  4.10159	-0.0703125
  4.10168	-0.046875
  4.10177	-0.0234375
  4.10186	0.0234375
  4.10195	0.0390625
  4.10204	0.015625
  4.10213	0
  4.10222	-0.0390625
  4.10231	-0.03125
  4.1024	-0.0625
  4.10249	-0.203125
  4.10259	-0.179688
  4.10268	-0.148438
  4.10277	-0.273438
  4.10286	-0.164062
  4.10295	0.171875
  4.10304	0.242188
  4.10313	0.328125
  4.10322	0.585938
  4.10331	0.578125
  4.1034	0.382812
  4.10349	0.328125
  4.10358	0.179688
  4.10367	-0.0078125
  4.10376	-0.015625
  4.10385	-0.0390625
  4.10395	-0.015625
  4.10404	0.0703125
  4.10413	0.0234375
  4.10422	-0.0390625
  4.10431	-0.015625
  4.1044	-0.0625
  4.10449	-0.15625
  4.10458	-0.078125
  4.10467	0.0234375
  4.10476	0.0546875
  4.10485	0.117188
  4.10494	0.171875
  4.10503	0.132812
  4.10512	0.015625
  4.10522	-0.117188
  4.10531	-0.25
  4.1054	-0.359375
  4.10549	-0.398438
  4.10558	-0.320312
  4.10567	-0.171875
  4.10576	-0.0234375
  4.10585	0.109375
  4.10594	0.179688
  4.10603	0.21875
  4.10612	0.21875
  4.10621	0.164062
  4.1063	0.15625
  4.10639	0.1875
  4.10649	0.179688
  4.10658	0.140625
  4.10667	0.15625
  4.10676	0.125
  4.10685	0.0390625
  4.10694	-0.046875
  4.10703	-0.101562
  4.10712	-0.132812
  4.10721	-0.117188
  4.1073	-0.046875
  4.10739	0.015625
  4.10748	0.109375
  4.10757	0.195312
  4.10766	0.1875
  4.10776	0.15625
  4.10785	0.125
  4.10794	0.0234375
  4.10803	-0.0390625
  4.10812	-0.015625
  4.10821	0
  4.1083	0.0078125
  4.10839	0.0390625
  4.10848	0.015625
  4.10857	-0.0546875
  4.10866	-0.078125
  4.10875	-0.109375
  4.10884	-0.132812
  4.10893	-0.09375
  4.10902	-0.0390625
  4.10912	0.0234375
  4.10921	0.101562
  4.1093	0.132812
  4.10939	0.117188
  4.10948	0.0703125
  4.10957	0
  4.10966	-0.0859375
  4.10975	-0.125
  4.10984	-0.117188
  4.10993	-0.109375
  4.11002	-0.09375
  4.11011	-0.0703125
  4.1102	-0.078125
  4.11029	-0.0859375
  4.11039	-0.109375
  4.11048	-0.132812
  4.11057	-0.140625
  4.11066	-0.101562
  4.11075	-0.0859375
  4.11084	-0.0703125
  4.11093	-0.015625
  4.11102	0.0078125
  4.11111	0.0234375
  4.1112	0.046875
  4.11129	0.015625
  4.11138	0.0078125
  4.11147	0.015625
  4.11156	0.03125
  4.11166	0.117188
  4.11175	0.09375
  4.11184	-0.015625
  4.11193	0.0078125
  4.11202	-0.078125
  4.11211	-0.296875
  4.1122	-0.132812
  4.11229	0.132812
  4.11238	0.15625
  4.11247	0.351562
  4.11256	0.625
  4.11265	0.546875
  4.11274	0.414062
  4.11283	0.359375
  4.11293	0.140625
  4.11302	-0.015625
  4.11311	-0.046875
  4.1132	-0.101562
  4.11329	-0.03125
  4.11338	0.078125
  4.11347	0.0390625
  4.11356	0.0390625
  4.11365	0.0546875
  4.11374	-0.078125
  4.11383	-0.1875
  4.11392	-0.132812
  4.11401	-0.078125
  4.1141	-0.03125
  4.11419	0.0625
  4.11429	0.148438
  4.11438	0.132812
  4.11447	0.0234375
  4.11456	-0.0859375
  4.11465	-0.210938
  4.11474	-0.351562
  4.11483	-0.375
  4.11492	-0.296875
  4.11501	-0.171875
  4.1151	0.03125
  4.11519	0.164062
  4.11528	0.226562
  4.11537	0.296875
  4.11546	0.273438
  4.11556	0.179688
  4.11565	0.164062
  4.11574	0.164062
  4.11583	0.140625
  4.11592	0.148438
  4.11601	0.171875
  4.1161	0.15625
  4.11619	0.117188
  4.11628	0.046875
  4.11637	-0.0234375
  4.11646	-0.09375
  4.11655	-0.140625
  4.11664	-0.109375
  4.11673	0
  4.11683	0.101562
  4.11692	0.179688
  4.11701	0.226562
  4.1171	0.226562
  4.11719	0.164062
  4.11728	0.03125
  4.11737	-0.0546875
  4.11746	-0.117188
  4.11755	-0.140625
  4.11764	-0.0859375
  4.11773	-0.015625
  4.11782	0.0390625
  4.11791	0.0546875
  4.118	0.0390625
  4.1181	0
  4.11819	-0.0390625
  4.11828	-0.0625
  4.11837	-0.0546875
  4.11846	0.015625
  4.11855	0.078125
  4.11864	0.117188
  4.11873	0.132812
  4.11882	0.109375
  4.11891	0.046875
  4.119	-0.0546875
  4.11909	-0.125
  4.11918	-0.164062
  4.11927	-0.140625
  4.11937	-0.0703125
  4.11946	-0.0078125
  4.11955	0.0234375
  4.11964	0.03125
  4.11973	-0.0078125
  4.11982	-0.046875
  4.11991	-0.078125
  4.12	-0.125
  4.12009	-0.125
  4.12018	-0.0859375
  4.12027	-0.0546875
  4.12036	-0.0234375
  4.12045	0.015625
  4.12054	0.0234375
  4.12063	0
  4.12073	-0.015625
  4.12082	-0.03125
  4.12091	-0.015625
  4.121	0
  4.12109	0
  4.12118	0.132812
  4.12127	0.1875
  4.12136	0.015625
  4.12145	-0.015625
  4.12154	-0.0546875
  4.12163	-0.359375
  4.12172	-0.328125
  4.12181	-0.015625
  4.1219	0.0390625
  4.122	0.179688
  4.12209	0.5
  4.12218	0.546875
  4.12227	0.398438
  4.12236	0.34375
  4.12245	0.15625
  4.12254	-0.03125
  4.12263	-0.078125
  4.12272	-0.125
  4.12281	-0.0625
  4.1229	0.0546875
  4.12299	0.03125
  4.12308	-0.0234375
  4.12317	0.0078125
  4.12327	-0.078125
  4.12336	-0.21875
  4.12345	-0.210938
  4.12354	-0.132812
  4.12363	-0.0625
  4.12372	0.0234375
  4.12381	0.164062
  4.1239	0.21875
  4.12399	0.125
  4.12408	0.015625
  4.12417	-0.125
  4.12426	-0.296875
  4.12435	-0.367188
  4.12444	-0.335938
  4.12454	-0.242188
  4.12463	-0.078125
  4.12472	0.0703125
  4.12481	0.140625
  4.1249	0.210938
  4.12499	0.226562
  4.12508	0.15625
  4.12517	0.132812
  4.12526	0.125
  4.12535	0.125
  4.12544	0.15625
  4.12553	0.195312
  4.12562	0.21875
  4.12571	0.179688
  4.1258	0.0859375
  4.1259	0
  4.12599	-0.0703125
  4.12608	-0.148438
  4.12617	-0.164062
  4.12626	-0.109375
  4.12635	0
  4.12644	0.109375
  4.12653	0.179688
  4.12662	0.21875
  4.12671	0.210938
  4.1268	0.117188
  4.12689	0.0390625
  4.12698	-0.03125
  4.12707	-0.0703125
  4.12717	-0.0859375
  4.12726	-0.078125
  4.12735	-0.0546875
  4.12744	-0.0546875
  4.12753	-0.046875
  4.12762	-0.046875
  4.12771	0
  4.1278	0.0546875
  4.12789	0.101562
  4.12798	0.148438
  4.12807	0.1875
  4.12816	0.195312
  4.12825	0.15625
  4.12834	0.117188
  4.12844	0.0625
  4.12853	-0.0234375
  4.12862	-0.0859375
  4.12871	-0.109375
  4.1288	-0.109375
  4.12889	-0.078125
  4.12898	-0.0234375
  4.12907	0.03125
  4.12916	0.0625
  4.12925	0.0546875
  4.12934	0.0234375
  4.12943	-0.015625
  4.12952	-0.046875
  4.12961	-0.078125
  4.12971	-0.0859375
  4.1298	-0.0625
  4.12989	-0.0703125
  4.12998	-0.09375
  4.13007	-0.0859375
  4.13016	-0.0703125
  4.13025	-0.09375
  4.13034	-0.0703125
  4.13043	-0.03125
  4.13052	0.0078125
  4.13061	0.0078125
  4.1307	0.046875
  4.13079	0.117188
  4.13088	0.15625
  4.13098	0.242188
  4.13107	0.210938
  4.13116	0.0703125
  4.13125	0.03125
  4.13134	-0.09375
  4.13143	-0.3125
  4.13152	-0.171875
  4.13161	0.0546875
  4.1317	0.0859375
  4.13179	0.273438
  4.13188	0.53125
  4.13197	0.484375
  4.13206	0.375
  4.13215	0.328125
  4.13224	0.15625
  4.13234	0.0234375
  4.13243	-0.046875
  4.13252	-0.0625
  4.13261	0.015625
  4.1327	0.03125
  4.13279	-0.015625
  4.13288	-0.0390625
  4.13297	-0.0703125
  4.13306	-0.15625
  4.13315	-0.242188
  4.13324	-0.203125
  4.13333	-0.09375
  4.13342	-0.0546875
  4.13351	0.0390625
  4.13361	0.195312
  4.1337	0.179688
  4.13379	0.0625
  4.13388	-0.0234375
  4.13397	-0.164062
  4.13406	-0.320312
  4.13415	-0.351562
  4.13424	-0.320312
  4.13433	-0.21875
  4.13442	-0.09375
  4.13451	-0.0078125
  4.1346	0.0703125
  4.13469	0.109375
  4.13478	0.109375
  4.13488	0.101562
  4.13497	0.101562
  4.13506	0.109375
  4.13515	0.140625
  4.13524	0.1875
  4.13533	0.257812
  4.13542	0.25
  4.13551	0.15625
  4.1356	0.0703125
  4.13569	-0.03125
  4.13578	-0.140625
  4.13587	-0.171875
  4.13596	-0.140625
  4.13605	-0.078125
  4.13615	0.0078125
  4.13624	0.078125
  4.13633	0.148438
  4.13642	0.179688
  4.13651	0.148438
  4.1366	0.09375
  4.13669	0.046875
  4.13678	0.015625
  4.13687	0.015625
  4.13696	0.015625
  4.13705	0.0234375
  4.13714	0.0078125
  4.13723	-0.0625
  4.13732	-0.125
  4.13741	-0.171875
  4.13751	-0.179688
  4.1376	-0.125
  4.13769	-0.0390625
  4.13778	0.09375
  4.13787	0.226562
  4.13796	0.289062
  4.13805	0.296875
  4.13814	0.257812
  4.13823	0.15625
  4.13832	0.03125
  4.13841	-0.0703125
  4.1385	-0.125
  4.13859	-0.132812
  4.13868	-0.117188
  4.13878	-0.0859375
  4.13887	-0.046875
  4.13896	-0.03125
  4.13905	-0.015625
  4.13914	-0.0078125
  4.13923	-0.015625
  4.13932	-0.03125
  4.13941	-0.0234375
  4.1395	-0.0078125
  4.13959	0.0078125
  4.13968	0.0078125
  4.13977	0
  4.13986	-0.0390625
  4.13995	-0.0859375
  4.14005	-0.117188
  4.14014	-0.148438
  4.14023	-0.148438
  4.14032	-0.09375
  4.14041	-0.046875
  4.1405	-0.0234375
  4.14059	0.046875
  4.14068	0.09375
  4.14077	0.125
  4.14086	0.1875
  4.14095	0.125
  4.14104	0.0703125
  4.14113	0.0546875
  4.14122	-0.109375
  4.14132	-0.210938
  4.14141	-0.0625
  4.1415	0.0390625
  4.14159	0.109375
  4.14168	0.328125
  4.14177	0.445312
  4.14186	0.382812
  4.14195	0.3125
  4.14204	0.234375
  4.14213	0.109375
  4.14222	0.015625
  4.14231	0
  4.1424	0.0546875
  4.14249	0.09375
  4.14259	0.078125
  4.14268	0.0703125
  4.14277	0.0390625
  4.14286	-0.0078125
  4.14295	-0.101562
  4.14304	-0.195312
  4.14313	-0.140625
  4.14322	-0.0859375
  4.14331	-0.0546875
  4.1434	0.0703125
  4.14349	0.15625
  4.14358	0.117188
  4.14367	0.0625
  4.14376	-0.015625
  4.14385	-0.15625
  4.14395	-0.265625
  4.14404	-0.304688
  4.14413	-0.25
  4.14422	-0.15625
  4.14431	-0.078125
  4.1444	0.015625
  4.14449	0.0703125
  4.14458	0.0703125
  4.14467	0.0703125
  4.14476	0.046875
  4.14485	0.0625
  4.14494	0.0859375
  4.14503	0.109375
  4.14512	0.164062
  4.14522	0.210938
  4.14531	0.179688
  4.1454	0.140625
  4.14549	0.0703125
  4.14558	-0.03125
  4.14567	-0.09375
  4.14576	-0.125
  4.14585	-0.117188
  4.14594	-0.0546875
  4.14603	0.0078125
  4.14612	0.0859375
  4.14621	0.140625
  4.1463	0.148438
  4.14639	0.132812
  4.14649	0.09375
  4.14658	0.0390625
  4.14667	0.0390625
  4.14676	0.03125
  4.14685	0.03125
  4.14694	0.0625
  4.14703	0.0546875
  4.14712	0.0234375
  4.14721	-0.015625
  4.1473	-0.0546875
  4.14739	-0.078125
  4.14748	-0.046875
  4.14757	-0.0078125
  4.14766	0.0625
  4.14776	0.132812
  4.14785	0.171875
  4.14794	0.195312
  4.14803	0.179688
  4.14812	0.148438
  4.14821	0.09375
  4.1483	0.0078125
  4.14839	-0.046875
  4.14848	-0.0859375
  4.14857	-0.0859375
  4.14866	-0.078125
  4.14875	-0.0703125
  4.14884	-0.0625
  4.14893	-0.03125
  4.14902	-0.0546875
  4.14912	-0.0703125
  4.14921	-0.046875
  4.1493	-0.015625
  4.14939	0
  4.14948	-0.0078125
  4.14957	-0.0234375
  4.14966	-0.0390625
  4.14975	-0.0625
  4.14984	-0.09375
  4.14993	-0.0859375
  4.15002	-0.0859375
  4.15011	-0.101562
  4.1502	-0.078125
  4.15029	-0.0546875
  4.15039	-0.015625
  4.15048	0.0234375
  4.15057	0.0390625
  4.15066	0.078125
  4.15075	0.109375
  4.15084	0.109375
  4.15093	0.132812
  4.15102	0.109375
  4.15111	0.0390625
  4.1512	0.0078125
  4.15129	-0.0546875
  4.15138	-0.125
  4.15147	-0.0703125
  4.15156	-0.015625
  4.15166	0.015625
  4.15175	0.09375
  4.15184	0.1875
  4.15193	0.203125
  4.15202	0.1875
  4.15211	0.164062
  4.1522	0.117188
  4.15229	0.03125
  4.15238	0.0078125
  4.15247	0.0234375
  4.15256	-0.0078125
  4.15265	-0.03125
  4.15274	-0.0234375
  4.15283	-0.046875
  4.15293	-0.078125
  4.15302	-0.117188
  4.15311	-0.148438
  4.1532	-0.125
  4.15329	-0.0703125
  4.15338	-0.0546875
  4.15347	0
  4.15356	0.0625
  4.15365	0.0546875
  4.15374	0.0234375
  4.15383	-0.015625
  4.15392	-0.0859375
  4.15401	-0.164062
  4.1541	-0.171875
  4.15419	-0.15625
  4.15429	-0.117188
  4.15438	-0.0625
  4.15447	0
  4.15456	0.0625
  4.15465	0.09375
  4.15474	0.101562
  4.15483	0.101562
  4.15492	0.0859375
  4.15501	0.0859375
  4.1551	0.109375
  4.15519	0.132812
  4.15528	0.140625
  4.15537	0.148438
  4.15546	0.132812
  4.15556	0.078125
  4.15565	0.0234375
  4.15574	-0.0390625
  4.15583	-0.046875
  4.15592	-0.0390625
  4.15601	-0.0390625
  4.1561	0.0078125
  4.15619	0.0546875
  4.15628	0.09375
  4.15637	0.132812
  4.15646	0.125
  4.15655	0.09375
  4.15664	0.0703125
  4.15673	0.03125
  4.15683	0
  4.15692	0
  4.15701	-0.0078125
  4.1571	-0.0234375
  4.15719	-0.015625
  4.15728	-0.03125
  4.15737	-0.0546875
  4.15746	-0.0546875
  4.15755	-0.046875
  4.15764	-0.03125
  4.15773	0.0078125
  4.15782	0.0546875
  4.15791	0.0859375
  4.158	0.125
  4.1581	0.15625
  4.15819	0.132812
  4.15828	0.09375
  4.15837	0.0390625
  4.15846	0
  4.15855	-0.0390625
  4.15864	-0.0546875
  4.15873	-0.046875
  4.15882	-0.0390625
  4.15891	-0.015625
  4.159	-0.0078125
  4.15909	0
  4.15918	0.03125
  4.15927	0.0625
  4.15937	0.078125
  4.15946	0.078125
  4.15955	0.078125
  4.15964	0.0625
  4.15973	0.0390625
  4.15982	0.015625
  4.15991	-0.0078125
  4.16	-0.0234375
  4.16009	-0.0390625
  4.16018	-0.046875
  4.16027	-0.046875
  4.16036	-0.03125
  4.16045	-0.015625
  4.16054	0.0078125
  4.16063	0.0390625
  4.16073	0.0390625
  4.16082	0.0625
  4.16091	0.109375
  4.161	0.101562
  4.16109	0.078125
  4.16118	0.09375
  4.16127	0.0546875
  4.16136	0
  4.16145	0.015625
  4.16154	0.046875
  4.16163	0.046875
  4.16172	0.0703125
  4.16181	0.109375
  4.1619	0.109375
  4.162	0.0859375
  4.16209	0.0859375
  4.16218	0.0703125
  4.16227	0.03125
  4.16236	0.0234375
  4.16245	0.03125
  4.16254	0.0390625
  4.16263	0.0546875
  4.16272	0.046875
  4.16281	0.015625
  4.1629	0.015625
  4.16299	-0.0234375
  4.16308	-0.0625
  4.16317	-0.0625
  4.16327	-0.0546875
  4.16336	-0.046875
  4.16345	-0.0234375
  4.16354	-0.015625
  4.16363	-0.046875
  4.16372	-0.0546875
  4.16381	-0.0703125
  4.1639	-0.117188
  4.16399	-0.140625
  4.16408	-0.148438
  4.16417	-0.132812
  4.16426	-0.109375
  4.16435	-0.0859375
  4.16444	-0.0390625
  4.16454	-0.0078125
  4.16463	0.015625
  4.16472	0.0390625
  4.16481	0.0546875
  4.1649	0.0625
  4.16499	0.078125
  4.16508	0.078125
  4.16517	0.0859375
  4.16526	0.0859375
  4.16535	0.0703125
  4.16544	0.0546875
  4.16553	0.0546875
  4.16562	0.0390625
  4.16571	0.03125
  4.1658	0.015625
  4.1659	0
  4.16599	0
  4.16608	0
  4.16617	0
  4.16626	0.015625
  4.16635	0.0390625
  4.16644	0.0546875
  4.16653	0.0625
  4.16662	0.046875
  4.16671	0.0234375
  4.1668	0.015625
  4.16689	0
  4.16698	0
  4.16707	0.0234375
  4.16717	0.015625
  4.16726	-0.0234375
  4.16735	-0.0078125
  4.16744	0.0078125
  4.16753	0
  4.16762	0
  4.16771	0.0234375
  4.1678	0.046875
  4.16789	0.0546875
  4.16798	0.0625
  4.16807	0.0546875
  4.16816	0.0078125
  4.16825	-0.015625
  4.16834	-0.0234375
  4.16844	-0.0625
  4.16853	-0.0703125
  4.16862	-0.03125
  4.16871	-0.0078125
  4.1688	-0.0078125
  4.16889	0
  4.16898	0.0078125
  4.16907	-0.0078125
  4.16916	-0.0390625
  4.16925	-0.0546875
  4.16934	-0.046875
  4.16943	-0.03125
  4.16952	-0.015625
  4.16961	0.0078125
  4.16971	0.046875
  4.1698	0.0390625
  4.16989	0.0390625
  4.16998	0.0390625
  4.17007	0.0078125
  4.17016	-0.015625
  4.17025	-0.03125
  4.17034	-0.015625
  4.17043	0.015625
  4.17052	0.03125
  4.17061	0.0546875
  4.1707	0.09375
  4.17079	0.078125
  4.17088	0.0546875
  4.17098	0.046875
  4.17107	0.015625
  4.17116	0
  4.17125	0.0078125
  4.17134	0.015625
  4.17143	0.046875
  4.17152	0.0546875
  4.17161	0.0546875
  4.1717	0.078125
  4.17179	0.09375
  4.17188	0.09375
  4.17197	0.117188
  4.17206	0.117188
  4.17215	0.109375
  4.17224	0.101562
  4.17234	0.09375
  4.17243	0.0703125
  4.17252	0.0625
  4.17261	0.0546875
  4.1727	0.046875
  4.17279	0.0234375
  4.17288	0.0078125
  4.17297	0.0078125
  4.17306	-0.03125
  4.17315	-0.0546875
  4.17324	-0.0390625
  4.17333	-0.03125
  4.17342	-0.0234375
  4.17351	0.0078125
  4.17361	0.0390625
  4.1737	0.03125
  4.17379	0.03125
  4.17388	0.0234375
  4.17397	-0.0078125
  4.17406	-0.0234375
  4.17415	-0.015625
  4.17424	-0.03125
  4.17433	-0.03125
  4.17442	-0.015625
  4.17451	-0.015625
  4.1746	-0.0234375
  4.17469	-0.0234375
  4.17478	0
  4.17488	0.015625
  4.17497	0.03125
  4.17506	0.0390625
  4.17515	0.0703125
  4.17524	0.078125
  4.17533	0.09375
  4.17542	0.101562
  4.17551	0.0859375
  4.1756	0.078125
  4.17569	0.0703125
  4.17578	0.03125
  4.17587	0
  4.17596	0.0234375
  4.17605	0.03125
  4.17615	0.03125
  4.17624	0.0546875
  4.17633	0.0703125
  4.17642	0.0625
  4.17651	0.046875
  4.1766	0.03125
  4.17669	0.0234375
  4.17678	0.0390625
  4.17687	0.0390625
  4.17696	0.015625
  4.17705	0.015625
  4.17714	0.015625
  4.17723	0.015625
  4.17732	0
  4.17741	-0.03125
  4.17751	-0.046875
  4.1776	-0.0390625
  4.17769	-0.0234375
  4.17778	-0.0234375
  4.17787	-0.0078125
  4.17796	0.0078125
  4.17805	0
  4.17814	0
  4.17823	0.0078125
  4.17832	0.015625
  4.17841	0.0234375
  4.1785	0.0078125
  4.17859	0.0078125
  4.17868	0.0078125
  4.17878	0.0078125
  4.17887	-0.0078125
  4.17896	-0.046875
  4.17905	-0.046875
  4.17914	-0.0546875
  4.17923	-0.0703125
  4.17932	-0.046875
  4.17941	-0.046875
  4.1795	-0.0546875
  4.17959	-0.046875
  4.17968	-0.0546875
  4.17977	-0.0390625
  4.17986	-0.0234375
  4.17995	-0.0390625
  4.18005	-0.0234375
  4.18014	0.015625
  4.18023	0
  4.18032	0
  4.18041	0
  4.1805	0.0078125
  4.18059	0.03125
  4.18068	0.0234375
  4.18077	0.0234375
  4.18086	0.03125
  4.18095	0.046875
  4.18104	0.0546875
  4.18113	0.0546875
  4.18122	0.0546875
  4.18132	0.078125
  4.18141	0.078125
  4.1815	0.046875
  4.18159	0.0546875
  4.18168	0.0546875
  4.18177	0.0546875
  4.18186	0.046875
  4.18195	0.015625
  4.18204	0.0234375
  4.18213	0.0234375
  4.18222	0.015625
  4.18231	0.0078125
  4.1824	0.015625
  4.18249	0.0078125
  4.18259	-0.0078125
  4.18268	0
  4.18277	-0.015625
  4.18286	0
  4.18295	0.0234375
  4.18304	0.0390625
  4.18313	0.0546875
  4.18322	0.0625
  4.18331	0.0546875
  4.1834	0.046875
  4.18349	0.0546875
  4.18358	0.03125
  4.18367	0.015625
  4.18376	0.015625
  4.18385	0.0234375
  4.18395	0.03125
  4.18404	0.0546875
  4.18413	0.0546875
  4.18422	0.0390625
  4.18431	0.0390625
  4.1844	0.0390625
  4.18449	0.0234375
  4.18458	0.0234375
  4.18467	0.0546875
  4.18476	0.0390625
  4.18485	0.015625
  4.18494	0.0234375
  4.18503	0.0234375
  4.18512	-0.0078125
  4.18522	-0.0234375
  4.18531	-0.03125
  4.1854	-0.046875
  4.18549	-0.0390625
  4.18558	-0.046875
  4.18567	-0.0625
  4.18576	-0.0546875
  4.18585	-0.0625
  4.18594	-0.0625
  4.18603	-0.0078125
  4.18612	0.015625
  4.18621	0.03125
  4.1863	0.0546875
  4.18639	0.0703125
  4.18649	0.0703125
  4.18658	0.0625
  4.18667	0.046875
  4.18676	0.046875
  4.18685	0.046875
  4.18694	0.03125
  4.18703	0.0390625
  4.18712	0.0390625
  4.18721	0.0234375
  4.1873	0.0390625
  4.18739	0.03125
  4.18748	0.0078125
  4.18757	0.015625
  4.18766	0.015625
  4.18776	0.0234375
  4.18785	0.03125
  4.18794	0.046875
  4.18803	0.0625
  4.18812	0.078125
  4.18821	0.0625
  4.1883	0.0625
  4.18839	0.0625
  4.18848	0.0390625
  4.18857	0.0234375
  4.18866	-0.015625
  4.18875	-0.03125
  4.18884	-0.015625
  4.18893	-0.0078125
  4.18902	-0.015625
  4.18912	0.0078125
  4.18921	0.03125
  4.1893	0.0234375
  4.18939	0.046875
  4.18948	0.0546875
  4.18957	0.03125
  4.18966	0.046875
  4.18975	0.0625
  4.18984	0.046875
  4.18993	0.046875
  4.19002	0.0703125
  4.19011	0.0625
  4.1902	0.0625
  4.19029	0.0625
  4.19039	0.03125
  4.19048	0.0234375
  4.19057	0.0078125
  4.19066	0
  4.19075	0
  4.19084	0.0078125
  4.19093	0.015625
  4.19102	0.0078125
  4.19111	0
  4.1912	0
  4.19129	0.0078125
  4.19138	0
  4.19147	0.0078125
  4.19156	0.03125
  4.19166	0.015625
  4.19175	0.0078125
  4.19184	0.015625
  4.19193	0.0078125
  4.19202	0
  4.19211	0.0078125
  4.1922	0
  4.19229	0
  4.19238	0
  4.19247	-0.015625
  4.19256	-0.0078125
  4.19265	0.0078125
  4.19274	0.015625
  4.19283	0.015625
  4.19293	0.0234375
  4.19302	0.046875
  4.19311	0.0546875
  4.1932	0.0390625
  4.19329	0.03125
  4.19338	0.0234375
  4.19347	0.0078125
  4.19356	-0.0078125
  4.19365	0.0078125
  4.19374	0.0078125
  4.19383	-0.0078125
  4.19392	-0.015625
  4.19401	-0.0078125
  4.1941	-0.0078125
  4.19419	-0.0078125
  4.19429	0.0078125
  4.19438	0.0234375
  4.19447	0.0234375
  4.19456	0.03125
  4.19465	0.03125
  4.19474	0
  4.19483	-0.0078125
  4.19492	0.015625
  4.19501	0.0234375
  4.1951	0.0234375
  4.19519	0.0234375
  4.19528	0.015625
  4.19537	0.0390625
  4.19546	0.0625
  4.19556	0.046875
  4.19565	0.0390625
  4.19574	0.03125
  4.19583	0.0234375
  4.19592	0.03125
  4.19601	0.0390625
  4.1961	0.0390625
  4.19619	0.046875
  4.19628	0.0546875
  4.19637	0.046875
  4.19646	0.03125
  4.19655	0.03125
  4.19664	0.0390625
  4.19673	0.03125
  4.19683	0
  4.19692	0
  4.19701	-0.015625
  4.1971	-0.0078125
  4.19719	0.0234375
  4.19728	0.015625
  4.19737	-0.0078125
  4.19746	-0.0078125
  4.19755	-0.015625
  4.19764	-0.015625
  4.19773	-0.0078125
  4.19782	-0.015625
  4.19791	-0.0078125
  4.198	0.0078125
  4.1981	-0.0078125
  4.19819	-0.015625
  4.19828	-0.015625
  4.19837	-0.03125
  4.19846	-0.015625
  4.19855	-0.015625
  4.19864	-0.03125
  4.19873	-0.0234375
  4.19882	0
  4.19891	0.0078125
  4.199	0.015625
  4.19909	0.0234375
  4.19918	0.0234375
  4.19927	0.0390625
  4.19937	0.0234375
  4.19946	0.015625
  4.19955	0.03125
  4.19964	0.015625
  4.19973	0
  4.19982	0.015625
  4.19991	0.0390625
  4.2	0.0078125
  4.20009	0.03125
  4.20018	0.0546875
  4.20027	0.03125
  4.20036	0.0234375
  4.20045	0.046875
  4.20054	0.0703125
  4.20063	0.0546875
  4.20073	0.0625
  4.20082	0.0859375
  4.20091	0.0859375
  4.201	0.0703125
  4.20109	0.0703125
  4.20118	0.0703125
  4.20127	0.03125
  4.20136	0.0078125
  4.20145	0.0234375
  4.20154	0.0234375
  4.20163	0.0078125
  4.20172	0.0234375
  4.20181	0.0390625
  4.2019	0.015625
  4.202	0.015625
  4.20209	0.0234375
  4.20218	0.0078125
  4.20227	0.015625
  4.20236	0.03125
  4.20245	0.0234375
  4.20254	0.0234375
  4.20263	0.0234375
  4.20272	0.0078125
  4.20281	0.0078125
  4.2029	0.0234375
  4.20299	0
  4.20308	-0.015625
  4.20317	0
  4.20327	-0.015625
  4.20336	-0.0234375
  4.20345	-0.03125
  4.20354	-0.0234375
  4.20363	0.0078125
  4.20372	0.015625
  4.20381	0.0234375
  4.2039	0.0234375
  4.20399	0.0234375
  4.20408	0.03125
  4.20417	0.046875
  4.20426	0.03125
  4.20435	0.0078125
  4.20444	0.0078125
  4.20454	0.015625
  4.20463	0
  4.20472	0
  4.20481	-0.0078125
  4.2049	0
  4.20499	0.0078125
  4.20508	0.0078125
  4.20517	0.015625
  4.20526	0.0546875
  4.20535	0.0703125
  4.20544	0.0546875
  4.20553	0.078125
  4.20562	0.0625
  4.20571	0.03125
  4.2058	0.046875
  4.2059	0.046875
  4.20599	0.0078125
  4.20608	0
  4.20617	0
  4.20626	-0.0078125
  4.20635	0.0078125
  4.20644	0.015625
  4.20653	0.0234375
  4.20662	0.0234375
  4.20671	0.0234375
  4.2068	0.0078125
  4.20689	-0.0078125
  4.20698	-0.0234375
  4.20707	-0.015625
  4.20717	0
  4.20726	-0.0078125
  4.20735	0
  4.20744	0.015625
  4.20753	0
  4.20762	0.0078125
  4.20771	0.0234375
  4.2078	0
  4.20789	0
  4.20798	0.0234375
  4.20807	0.03125
  4.20816	0.046875
  4.20825	0.0390625
  4.20834	0.0234375
  4.20844	0.03125
  4.20853	0.0078125
  4.20862	-0.0078125
  4.20871	-0.0078125
  4.2088	0.0234375
  4.20889	0.0234375
  4.20898	0
  4.20907	0.0078125
  4.20916	0
  4.20925	-0.0078125
  4.20934	-0.015625
  4.20943	0.015625
  4.20952	0.0390625
  4.20961	0.03125
  4.20971	0.0390625
  4.2098	0.046875
  4.20989	0.0546875
  4.20998	0.046875
  4.21007	0.046875
  4.21016	0.0390625
  4.21025	0.03125
  4.21034	0.046875
  4.21043	0.0625
  4.21052	0.0546875
  4.21061	0.0625
  4.2107	0.0703125
  4.21079	0.0546875
  4.21088	0.03125
  4.21098	0.0234375
  4.21107	0.0234375
  4.21116	0.046875
  4.21125	0.0546875
  4.21134	0.03125
  4.21143	0.0234375
  4.21152	0.0234375
  4.21161	0.0234375
  4.2117	0.015625
  4.21179	0.0234375
  4.21188	0.0390625
  4.21197	0.0390625
  4.21206	0.0390625
  4.21215	0.03125
  4.21224	0.03125
  4.21234	0.0234375
  4.21243	0.0234375
  4.21252	0.0234375
  4.21261	0.0078125
  4.2127	0
  4.21279	-0.0078125
  4.21288	-0.03125
  4.21297	-0.015625
  4.21306	0
  4.21315	0
  4.21324	0.0078125
  4.21333	0.015625
  4.21342	0.015625
  4.21351	0.0234375
  4.21361	0.0234375
  4.2137	0.0078125
  4.21379	0.0078125
  4.21388	0.0078125
  4.21397	0.0078125
  4.21406	0.015625
  4.21415	0.0078125
  4.21424	-0.0078125
  4.21433	0
  4.21442	0
  4.21451	-0.0078125
  4.2146	0
  4.21469	-0.0078125
  4.21478	-0.015625
  4.21488	-0.0078125
  4.21497	0
  4.21506	-0.015625
  4.21515	-0.015625
  4.21524	0
  4.21533	-0.0078125
  4.21542	0
  4.21551	0
  4.2156	-0.03125
  4.21569	-0.015625
  4.21578	-0.0078125
  4.21587	-0.03125
  4.21596	-0.015625
  4.21605	0.0078125
  4.21615	0.015625
  4.21624	0.0234375
  4.21633	0.0390625
  4.21642	0.0546875
  4.21651	0.0546875
  4.2166	0.0625
  4.21669	0.046875
  4.21678	0.0390625
  4.21687	0.0234375
  4.21696	0.015625
  4.21705	0.0234375
  4.21714	0.0234375
  4.21723	0.03125
  4.21732	0.03125
  4.21741	0.015625
  4.21751	0
  4.2176	0.0078125
  4.21769	0.015625
  4.21778	0.015625
  4.21787	0.0234375
  4.21796	0.046875
  4.21805	0.0546875
  4.21814	0.0390625
  4.21823	0.0546875
  4.21832	0.0703125
  4.21841	0.0625
  4.2185	0.0390625
  4.21859	0.046875
  4.21868	0.0390625
  4.21878	0.0078125
  4.21887	0.0078125
  4.21896	-0.0078125
  4.21905	-0.0234375
  4.21914	-0.0078125
  4.21923	0
  4.21932	-0.0078125
  4.21941	0
  4.2195	0.0234375
  4.21959	0.0234375
  4.21968	0.0234375
  4.21977	0.0234375
  4.21986	0.03125
  4.21995	0.03125
  4.22005	0.0390625
  4.22014	0.03125
  4.22023	0.015625
  4.22032	0.0234375
  4.22041	0.015625
  4.2205	0.0078125
  4.22059	0.0234375
  4.22068	0.0390625
  4.22077	0.03125
  4.22086	0.046875
  4.22095	0.046875
  4.22104	0.0390625
  4.22113	0.0546875
  4.22122	0.0625
  4.22132	0.0625
  4.22141	0.078125
  4.2215	0.0703125
  4.22159	0.0625
  4.22168	0.078125
  4.22177	0.0703125
  4.22186	0.0546875
  4.22195	0.046875
  4.22204	0.03125
  4.22213	0.015625
  4.22222	0.0078125
  4.22231	0
  4.2224	-0.0078125
  4.22249	0.015625
  4.22258	0.0390625
  4.22268	0.03125
  4.22277	0.0234375
  4.22286	0.0390625
  4.22295	0.0703125
  4.22304	0.0546875
  4.22313	0.046875
  4.22322	0.0625
  4.22331	0.0390625
  4.2234	0.015625
  4.22349	0.015625
  4.22358	0.0078125
  4.22367	-0.0234375
  4.22376	-0.03125
  4.22385	-0.015625
  4.22395	-0.0078125
  4.22404	-0.015625
  4.22413	-0.0078125
  4.22422	0.015625
  4.22431	0.015625
  4.2244	0.0078125
  4.22449	0.0234375
  4.22458	0.046875
  4.22467	0.0234375
  4.22476	0.015625
  4.22485	0.046875
  4.22494	0.03125
  4.22503	0.0078125
  4.22512	0.0078125
  4.22522	0
  4.22531	0.0078125
  4.2254	0.0078125
  4.22549	0
  4.22558	0.015625
  4.22567	0.015625
  4.22576	0.0078125
  4.22585	0.0078125
  4.22594	0.015625
  4.22603	0.015625
  4.22612	0.03125
  4.22621	0.0234375
  4.2263	0.0234375
  4.22639	0.0234375
  4.22649	0.0234375
  4.22658	0.0078125
  4.22667	-0.0078125
  4.22676	0.0078125
  4.22685	0.03125
  4.22694	0.03125
  4.22703	0.0078125
  4.22712	0.015625
  4.22721	0.015625
  4.2273	0
  4.22739	0
  4.22748	0
  4.22757	0
  4.22766	0.0078125
  4.22776	0.0234375
  4.22785	0.03125
  4.22794	0.0078125
  4.22803	0.0078125
  4.22812	0.015625
  4.22821	-0.0078125
  4.2283	-0.015625
  4.22839	-0.0078125
  4.22848	0.0078125
  4.22857	0.015625
  4.22866	0.0234375
  4.22875	0.0234375
  4.22884	0.0234375
  4.22893	0.03125
  4.22902	0.0234375
  4.22912	0.0390625
  4.22921	0.0390625
  4.2293	0.015625
  4.22939	0.0234375
  4.22948	0.0546875
  4.22957	0.046875
  4.22966	0.0546875
  4.22975	0.046875
  4.22984	0.0078125
  4.22993	0
  4.23002	0.0078125
  4.23011	0
  4.2302	0.0078125
  4.23029	0.0234375
  4.23039	0.03125
  4.23048	0.0390625
  4.23057	0.0390625
  4.23066	0.0390625
  4.23075	0.046875
  4.23084	0.046875
  4.23093	0.03125
  4.23102	0.0234375
  4.23111	0.03125
  4.2312	0.0390625
  4.23129	0.03125
  4.23138	0.03125
  4.23147	0.03125
  4.23156	0.0234375
  4.23166	-0.0078125
  4.23175	-0.0234375
  4.23184	-0.0234375
  4.23193	-0.0078125
  4.23202	0
  4.23211	0.0078125
  4.2322	0.046875
  4.23229	0.0546875
  4.23238	0.0390625
  4.23247	0.03125
  4.23256	0.0234375
  4.23265	-0.0078125
  4.23274	-0.0234375
  4.23283	0
  4.23293	-0.0078125
  4.23302	0
  4.23311	0.015625
  4.2332	0.0234375
  4.23329	0.0078125
  4.23338	-0.0078125
  4.23347	0.015625
  4.23356	0.0390625
  4.23365	0.03125
  4.23374	0.03125
  4.23383	0.0546875
  4.23392	0.046875
  4.23401	0.0234375
  4.2341	0.0390625
  4.23419	0.046875
  4.23429	0.0234375
  4.23438	0.0078125
  4.23447	0.015625
  4.23456	0.0234375
  4.23465	0.0234375
  4.23474	0.03125
  4.23483	0.0234375
  4.23492	0
  4.23501	-0.0078125
  4.2351	0
  4.23519	-0.0078125
  4.23528	0
  4.23537	0.0234375
  4.23546	0.0390625
  4.23556	0.0390625
  4.23565	0.046875
  4.23574	0.0390625
  4.23583	0.0234375
  4.23592	0
  4.23601	-0.0234375
  4.2361	-0.0234375
  4.23619	-0.015625
  4.23628	-0.0234375
  4.23637	-0.015625
  4.23646	0.0234375
  4.23655	0.015625
  4.23664	0
  4.23673	0.03125
  4.23683	0.03125
  4.23692	0.015625
  4.23701	0.0390625
  4.2371	0.0078125
  4.23719	0
  4.23728	0.03125
  4.23737	0.0390625
  4.23746	0.015625
  4.23755	0.0078125
  4.23764	0.0390625
  4.23773	0.0234375
  4.23782	0.015625
  4.23791	0.015625
  4.238	0.0234375
  4.2381	0.0390625
  4.23819	0.03125
  4.23828	0.0625
  4.23837	0.0546875
  4.23846	0.046875
  4.23855	0.046875
  4.23864	0.046875
  4.23873	0.0703125
  4.23882	0.0625
  4.23891	0.03125
  4.239	0.0234375
  4.23909	0.0234375
  4.23918	0
  4.23927	-0.0078125
  4.23937	0
  4.23946	-0.0078125
  4.23955	-0.015625
  4.23964	0.0078125
  4.23973	0.015625
  4.23982	0.0078125
  4.23991	0.0234375
  4.24	0.0546875
  4.24009	0.0546875
  4.24018	0.0390625
  4.24027	0.03125
  4.24036	0.0234375
  4.24045	0
  4.24054	0
  4.24063	0.0234375
  4.24073	0.03125
  4.24082	0.0234375
  4.24091	0.015625
  4.241	0.0234375
  4.24109	0.0234375
  4.24118	0.0234375
  4.24127	0.015625
  4.24136	0.03125
  4.24145	0.046875
  4.24154	0.0390625
  4.24163	0.046875
  4.24172	0.0546875
  4.24181	0.03125
  4.2419	0
  4.242	-0.0078125
  4.24209	0.0078125
  4.24218	0.0234375
  4.24227	0.03125
  4.24236	0.03125
  4.24245	0.0234375
  4.24254	0.03125
  4.24263	0.0234375
  4.24272	0.0234375
  4.24281	0.0390625
  4.2429	0.046875
  4.24299	0.0546875
  4.24308	0.0546875
  4.24317	0.0234375
  4.24327	0.0078125
  4.24336	0
  4.24345	-0.0078125
  4.24354	-0.0078125
  4.24363	0.015625
  4.24372	0.015625
  4.24381	0
  4.2439	0.015625
  4.24399	0.015625
  4.24408	-0.015625
  4.24417	-0.015625
  4.24426	0.0078125
  4.24435	0.0078125
  4.24444	0.0078125
  4.24454	0.0234375
  4.24463	0.03125
  4.24472	0.03125
  4.24481	0
  4.2449	-0.015625
  4.24499	-0.015625
  4.24508	-0.03125
  4.24517	-0.0234375
  4.24526	-0.015625
  4.24535	0
  4.24544	0.0234375
  4.24553	0.0390625
  4.24562	0.046875
  4.24571	0.0390625
  4.2458	0.015625
  4.2459	0.0078125
  4.24599	0.0234375
  4.24608	0.015625
  4.24617	0.03125
  4.24626	0.0625
  4.24635	0.0625
  4.24644	0.0546875
  4.24653	0.046875
  4.24662	0.0390625
  4.24671	0.0234375
  4.2468	0.0078125
  4.24689	0.015625
  4.24698	0.0390625
  4.24707	0.0390625
  4.24717	0.015625
  4.24726	0.0234375
  4.24735	0.015625
  4.24744	-0.015625
  4.24753	-0.03125
  4.24762	-0.0390625
  4.24771	-0.015625
  4.2478	0
  4.24789	0
  4.24798	0.0078125
  4.24807	0.0078125
  4.24816	-0.0078125
  4.24825	-0.015625
  4.24834	-0.0234375
  4.24844	-0.03125
  4.24853	-0.0234375
  4.24862	-0.0078125
  4.24871	0.0078125
  4.2488	-0.0078125
  4.24889	0
  4.24898	0.03125
  4.24907	0.015625
  4.24916	0.03125
  4.24925	0.046875
  4.24934	0.03125
  4.24943	0.0234375
  4.24952	0.0234375
  4.24961	0.03125
  4.24971	0.0234375
  4.2498	0.0390625
  4.24989	0.046875
  4.24998	0.0546875
  4.25007	0.0390625
  4.25016	0.0234375
  4.25025	0.03125
  4.25034	0.03125
  4.25043	0.03125
  4.25052	0.03125
  4.25061	0.03125
  4.2507	0.03125
  4.25079	0.0234375
  4.25088	0.0234375
  4.25098	0.0234375
  4.25107	0.0390625
  4.25116	0.0234375
  4.25125	0.0390625
  4.25134	0.0546875
  4.25143	0.0390625
  4.25152	0.0234375
  4.25161	0.015625
  4.2517	0.0234375
  4.25179	0.0078125
  4.25188	0.015625
  4.25197	0.0234375
  4.25206	0.03125
  4.25215	0.0234375
  4.25224	0.0390625
  4.25234	0.046875
  4.25243	0.0078125
  4.25252	0
  4.25261	0.0390625
  4.2527	0.0078125
  4.25279	-0.015625
  4.25288	0
  4.25297	-0.0078125
  4.25306	-0.015625
  4.25315	-0.0234375
  4.25324	-0.0078125
  4.25333	0.0078125
  4.25342	-0.0078125
  4.25351	-0.015625
  4.25361	0.015625
  4.2537	0.015625
  4.25379	0
  4.25388	0.015625
  4.25397	0.015625
  4.25406	0.0078125
  4.25415	0.0234375
  4.25424	0.046875
  4.25433	0.0546875
  4.25442	0.0703125
  4.25451	0.0703125
  4.2546	0.0703125
  4.25469	0.078125
  4.25478	0.0546875
  4.25488	0.0703125
  4.25497	0.0859375
  4.25506	0.078125
  4.25515	0.0546875
  4.25524	0.0546875
  4.25533	0.0625
  4.25542	0.0546875
  4.25551	0.03125
  4.2556	0.03125
  4.25569	0.0390625
  4.25578	0.0234375
  4.25587	0.0078125
  4.25596	0.0078125
  4.25605	0.0390625
  4.25615	0.046875
  4.25624	0.0390625
  4.25633	0.046875
  4.25642	0.046875
  4.25651	0.03125
  4.2566	0.0078125
  4.25669	-0.0078125
  4.25678	0
  4.25687	-0.0078125
  4.25696	-0.0078125
  4.25705	0.015625
  4.25714	0.015625
  4.25723	0.0078125
  4.25732	0.015625
  4.25741	0
  4.25751	-0.0078125
  4.2576	0.0234375
  4.25769	0.0234375
  4.25778	0.0078125
  4.25787	0.015625
  4.25796	0.015625
  4.25805	0
  4.25814	-0.0078125
  4.25823	-0.03125
  4.25832	-0.0390625
  4.25841	-0.015625
  4.2585	-0.03125
  4.25859	-0.046875
  4.25868	-0.03125
  4.25878	-0.015625
  4.25887	-0.0234375
  4.25896	-0.0234375
  4.25905	-0.015625
  4.25914	-0.0078125
  4.25923	-0.0078125
  4.25932	0
  4.25941	0.0234375
  4.2595	0.0234375
  4.25959	0.015625
  4.25968	0.0078125
  4.25977	0.015625
  4.25986	0.015625
  4.25995	0.0078125
  4.26005	0.015625
  4.26014	0.0078125
  4.26023	-0.0078125
  4.26032	-0.015625
  4.26041	0
  4.2605	0.03125
  4.26059	0.0390625
  4.26068	0.0390625
  4.26077	0.03125
  4.26086	0.03125
  4.26095	0.03125
  4.26104	0.03125
  4.26113	0.0234375
  4.26122	0.03125
  4.26132	0.0390625
  4.26141	0.03125
  4.2615	0.015625
  4.26159	0.015625
  4.26168	0.0234375
  4.26177	0.015625
  4.26186	0.03125
  4.26195	0.046875
  4.26204	0.0234375
  4.26213	0.015625
  4.26222	0.0234375
  4.26231	0.015625
  4.2624	0.0078125
  4.26249	0.0234375
  4.26258	0.0390625
  4.26268	0.03125
  4.26277	0.03125
  4.26286	0.0390625
  4.26295	0.046875
  4.26304	0.0234375
  4.26313	0
  4.26322	-0.0078125
  4.26331	-0.0078125
  4.2634	-0.0234375
  4.26349	-0.015625
  4.26358	0.0078125
  4.26367	0.015625
  4.26376	0.0234375
  4.26385	0.0234375
  4.26395	0.03125
  4.26404	0.03125
  4.26413	0.015625
  4.26422	0.015625
  4.26431	0.03125
  4.2644	0.03125
  4.26449	0.03125
  4.26458	0.0390625
  4.26467	0.0390625
  4.26476	0.0390625
  4.26485	0.046875
  4.26494	0.0390625
  4.26503	0.0234375
  4.26512	0.0234375
  4.26522	0.03125
  4.26531	0.0234375
  4.2654	0.015625
  4.26549	0.015625
  4.26558	0.015625
  4.26567	0.0234375
  4.26576	0.0234375
  4.26585	0.015625
  4.26594	0.03125
  4.26603	0.0234375
  4.26612	0.0078125
  4.26621	0.0078125
  4.2663	0.0078125
  4.26639	0.015625
  4.26649	0.0234375
  4.26658	0.0234375
  4.26667	0.03125
  4.26676	0.015625
  4.26685	0.015625
  4.26694	0.015625
  4.26703	0.015625
  4.26712	0.015625
  4.26721	0.015625
  4.2673	0.0234375
  4.26739	0.0234375
  4.26748	0.03125
  4.26757	0.015625
  4.26766	0.03125
  4.26776	0.0390625
  4.26785	0.03125
  4.26794	0.0546875
  4.26803	0.0703125
  4.26812	0.0625
  4.26821	0.0546875
  4.2683	0.0625
  4.26839	0.0703125
  4.26848	0.0390625
  4.26857	0.0234375
  4.26866	0.0234375
  4.26875	0.0234375
  4.26884	0.015625
  4.26893	0.0234375
  4.26902	0.0234375
  4.26912	0.0078125
  4.26921	0.015625
  4.2693	0.0078125
  4.26939	0.0078125
  4.26948	0.0234375
  4.26957	0.015625
  4.26966	0.015625
  4.26975	0.0234375
  4.26984	0
  4.26993	0
  4.27002	0.015625
  4.27011	0
  4.2702	0
  4.27029	0.015625
  4.27039	0.015625
  4.27048	0
  4.27057	0.0078125
  4.27066	0.0078125
  4.27075	0.0078125
  4.27084	0
  4.27093	0.015625
  4.27102	0.015625
  4.27111	0
  4.2712	0.015625
  4.27129	0.0234375
  4.27138	0.015625
  4.27147	0.015625
  4.27156	0.015625
  4.27166	0
  4.27175	0.0078125
  4.27184	0.03125
  4.27193	0.03125
  4.27202	0.0390625
  4.27211	0.03125
  4.2722	0.0390625
  4.27229	0.0390625
  4.27238	0.0546875
  4.27247	0.0703125
  4.27256	0.0625
  4.27265	0.0546875
  4.27274	0.0546875
  4.27283	0.03125
  4.27293	0.015625
  4.27302	0.015625
  4.27311	0.03125
  4.2732	0.03125
  4.27329	0.03125
  4.27338	0.0390625
  4.27347	0.0546875
  4.27356	0.03125
  4.27365	0.015625
  4.27374	0
  4.27383	0.0078125
  4.27392	-0.0078125
  4.27401	-0.046875
  4.2741	-0.03125
  4.27419	-0.0234375
  4.27429	-0.03125
  4.27438	-0.03125
  4.27447	-0.0078125
  4.27456	0
  4.27465	0
  4.27474	0
  4.27483	0.0078125
  4.27492	0
  4.27501	-0.0078125
  4.2751	0.0078125
  4.27519	0.0234375
  4.27528	0.0234375
  4.27537	0.0390625
  4.27546	0.0234375
  4.27556	0
  4.27565	0.0078125
  4.27574	0
  4.27583	-0.0078125
  4.27592	0
  4.27601	0
  4.2761	0
  4.27619	0
  4.27628	0
  4.27637	-0.0078125
  4.27646	0
  4.27655	0
  4.27664	-0.0078125
  4.27673	-0.015625
  4.27683	-0.015625
  4.27692	0
  4.27701	-0.0078125
  4.2771	0.0078125
  4.27719	0.015625
  4.27728	0.015625
  4.27737	0.0234375
  4.27746	0.015625
  4.27755	0.0078125
  4.27764	0.0078125
  4.27773	0
  4.27782	0
  4.27791	0.015625
  4.278	0.015625
  4.2781	0.0234375
  4.27819	0.046875
  4.27828	0.046875
  4.27837	0.0390625
  4.27846	0.0390625
  4.27855	0.0390625
  4.27864	0.046875
  4.27873	0.0390625
  4.27882	0.046875
  4.27891	0.03125
  4.279	0.015625
  4.27909	0.0234375
  4.27918	0.015625
  4.27927	0.0078125
  4.27937	0.0234375
  4.27946	0.03125
  4.27955	0.0390625
  4.27964	0.046875
  4.27973	0.0390625
  4.27982	0.0390625
  4.27991	0.0390625
  4.28	0.0234375
  4.28009	0.03125
  4.28018	0.0390625
  4.28027	0.046875
  4.28036	0.0390625
  4.28045	0.015625
  4.28054	0.03125
  4.28063	0.03125
  4.28073	0.0234375
  4.28082	0.03125
  4.28091	0.0390625
  4.281	0.0078125
  4.28109	0.015625
  4.28118	0.03125
  4.28127	0.0234375
  4.28136	0.0234375
  4.28145	0.0390625
  4.28154	0.046875
  4.28163	0.03125
  4.28172	0.046875
  4.28181	0.0390625
  4.2819	0.015625
  4.282	0.015625
  4.28209	0.0234375
  4.28218	0.0390625
  4.28227	0.046875
  4.28236	0.0390625
  4.28245	0.046875
  4.28254	0.03125
  4.28263	0
  4.28272	-0.0078125
  4.28281	0.0234375
  4.2829	0.046875
  4.28299	0.046875
  4.28308	0.0703125
  4.28317	0.0703125
  4.28327	0.046875
  4.28336	0.0390625
  4.28345	0.0390625
  4.28354	0.0234375
  4.28363	0.0234375
  4.28372	0.03125
  4.28381	0.015625
  4.2839	0.015625
  4.28399	0.0390625
  4.28408	0.0390625
  4.28417	0.03125
  4.28426	0.015625
  4.28435	0.0078125
  4.28444	0.0078125
  4.28454	0.0078125
  4.28463	0.03125
  4.28472	0.046875
  4.28481	0.03125
  4.2849	0.0390625
  4.28499	0.0546875
  4.28508	0.0234375
  4.28517	0.015625
  4.28526	0.03125
  4.28535	0.015625
  4.28544	0.0078125
  4.28553	0.015625
  4.28562	0.0234375
  4.28571	0.03125
  4.2858	0.03125
  4.2859	0.03125
  4.28599	0.015625
  4.28608	0.0234375
  4.28617	0.0078125
  4.28626	0
  4.28635	0.0078125
  4.28644	0
  4.28653	0.0078125
  4.28662	0.0078125
  4.28671	0.015625
  4.2868	0.015625
  4.28689	0.015625
  4.28698	0
  4.28707	0
  4.28717	0.015625
  4.28726	0
  4.28735	0.015625
  4.28744	0.015625
  4.28753	0
  4.28762	0.0078125
  4.28771	0.0078125
  4.2878	0
  4.28789	0.015625
  4.28798	0.0078125
  4.28807	0.0078125
  4.28816	0.03125
  4.28825	0.0625
  4.28834	0.046875
  4.28844	0.046875
  4.28853	0.0546875
  4.28862	0.03125
  4.28871	0
  4.2888	0.0078125
  4.28889	-0.0078125
  4.28898	-0.0078125
  4.28907	0.0234375
  4.28916	0.0234375
  4.28925	0.03125
  4.28934	0.0234375
  4.28943	0.0078125
  4.28952	0.0234375
  4.28961	0.015625
  4.28971	0
  4.2898	0.0078125
  4.28989	0.015625
  4.28998	0.0078125
  4.29007	0
  4.29016	0
  4.29025	0.0078125
  4.29034	0
  4.29043	-0.0234375
  4.29052	-0.015625
  4.29061	-0.015625
  4.2907	-0.0234375
  4.29079	-0.0234375
  4.29088	0
  4.29098	0.0078125
  4.29107	0
  4.29116	0.0078125
  4.29125	0
  4.29134	0.0078125
  4.29143	0
  4.29152	-0.0078125
  4.29161	-0.0078125
  4.2917	-0.0078125
  4.29179	-0.0078125
  4.29188	0
  4.29197	0.0078125
  4.29206	0.0078125
  4.29215	0
  4.29224	-0.0078125
  4.29234	0.0078125
  4.29243	0.015625
  4.29252	-0.0078125
  4.29261	-0.0078125
  4.2927	0.015625
  4.29279	0.015625
  4.29288	0.0234375
  4.29297	0.0390625
  4.29306	0.046875
  4.29315	0.0390625
  4.29324	0.0234375
  4.29333	0.015625
  4.29342	0.0390625
  4.29351	0
  4.29361	0
  4.2937	0.015625
  4.29379	0
  4.29388	0.0078125
  4.29397	0.015625
  4.29406	0.015625
  4.29415	0.03125
  4.29424	0.046875
  4.29433	0.03125
  4.29442	0.03125
  4.29451	0.0234375
  4.2946	0.03125
  4.29469	0.0546875
  4.29478	0.0546875
  4.29488	0.0625
  4.29497	0.0546875
  4.29506	0.0234375
  4.29515	0.0234375
  4.29524	0.015625
  4.29533	0.0234375
  4.29542	0.046875
  4.29551	0.0625
  4.2956	0.0625
  4.29569	0.0703125
  4.29578	0.0625
  4.29587	0.0546875
  4.29596	0.0390625
  4.29605	0.046875
  4.29615	0.078125
  4.29624	0.0703125
  4.29633	0.0625
  4.29642	0.0625
  4.29651	0.0546875
  4.2966	0.03125
  4.29669	0.0390625
  4.29678	0.03125
  4.29687	0.0078125
  4.29696	0.0234375
  4.29705	0.03125
  4.29714	0.03125
  4.29723	0.0546875
  4.29732	0.078125
  4.29741	0.09375
  4.29751	0.078125
  4.2976	0.0625
  4.29769	0.0625
  4.29778	0.046875
  4.29787	0.015625
  4.29796	0
  4.29805	0.0078125
  4.29814	0.0078125
  4.29823	-0.0078125
  4.29832	0.0078125
  4.29841	0.03125
  4.2985	0.0234375
  4.29859	0
  4.29868	-0.0078125
  4.29878	0.0078125
  4.29887	0.015625
  4.29896	0.015625
  4.29905	0.0234375
  4.29914	0.0390625
  4.29923	0.0390625
  4.29932	0.0234375
  4.29941	0.0234375
  4.2995	0.0234375
  4.29959	0.0390625
  4.29968	0.0390625
  4.29977	0.03125
  4.29986	0.0234375
  4.29995	0.015625
  4.30005	0.015625
  4.30014	0
  4.30023	0
  4.30032	0.0078125
  4.30041	0.0234375
  4.3005	0.03125
  4.30059	0.015625
  4.30068	0.03125
  4.30077	0.0390625
  4.30086	0.03125
  4.30095	0.0234375
  4.30104	0.0390625
  4.30113	0.0234375
  4.30122	-0.0078125
  4.30132	-0.015625
  4.30141	-0.0078125
  4.3015	-0.015625
  4.30159	-0.015625
  4.30168	-0.0078125
  4.30177	-0.015625
  4.30186	-0.0234375
  4.30195	-0.015625
  4.30204	-0.015625
  4.30213	-0.015625
  4.30222	-0.0078125
  4.30231	0.0078125
  4.3024	0.0078125
  4.30249	0.015625
  4.30258	0.0234375
  4.30268	0
  4.30277	-0.0078125
  4.30286	-0.0078125
  4.30295	0
  4.30304	0.0234375
  4.30313	0.0234375
  4.30322	0.0078125
  4.30331	0.015625
  4.3034	0
  4.30349	-0.015625
  4.30358	0.0078125
  4.30367	0.0078125
  4.30376	0
  4.30385	0.03125
  4.30395	0.03125
  4.30404	0.0234375
  4.30413	0.0390625
  4.30422	0.03125
  4.30431	0.0390625
  4.3044	0.0234375
  4.30449	0
  4.30458	0.015625
  4.30467	0
  4.30476	-0.0078125
  4.30485	0.0234375
  4.30494	0.0234375
  4.30503	0.0078125
  4.30512	0.0078125
  4.30522	0.015625
  4.30531	0.015625
  4.3054	0.0234375
  4.30549	0.0234375
  4.30558	0.0390625
  4.30567	0.03125
  4.30576	0
  4.30585	-0.0078125
  4.30594	0.0078125
  4.30603	0.0078125
  4.30612	0
  4.30621	0
  4.3063	-0.0078125
  4.30639	-0.0078125
  4.30649	-0.0078125
  4.30658	-0.0078125
  4.30667	0.0234375
  4.30676	0.0234375
  4.30685	0.0234375
  4.30694	0.0234375
  4.30703	0.015625
  4.30712	0.0078125
  4.30721	0.0390625
  4.3073	0.0390625
  4.30739	0.03125
  4.30748	0.0390625
  4.30757	0.046875
  4.30766	0.03125
  4.30776	0.0078125
  4.30785	0.015625
  4.30794	0.0234375
  4.30803	0.0078125
  4.30812	0
  4.30821	0.015625
  4.3083	0.03125
  4.30839	0.0234375
  4.30848	0.015625
  4.30857	0.0234375
  4.30866	0.0390625
  4.30875	0.0546875
  4.30884	0.0546875
  4.30893	0.0390625
  4.30902	0.0390625
  4.30912	0.03125
  4.30921	0.015625
  4.3093	0.015625
  4.30939	0.015625
  4.30948	0.0234375
  4.30957	0.0234375
  4.30966	0
  4.30975	-0.0078125
  4.30984	0
  4.30993	0.0078125
  4.31002	0.0078125
  4.31011	0.0390625
  4.3102	0.0390625
  4.31029	0.0546875
  4.31039	0.0546875
  4.31048	0.03125
  4.31057	0.0234375
  4.31066	0.03125
  4.31075	0.015625
  4.31084	0.0234375
  4.31093	0.0234375
  4.31102	0.015625
  4.31111	0.0234375
  4.3112	0.015625
  4.31129	0.0078125
  4.31138	0.0234375
  4.31147	0.0234375
  4.31156	0.03125
  4.31166	0.0234375
  4.31175	0.015625
  4.31184	0.0234375
  4.31193	0.015625
  4.31202	0.03125
  4.31211	0.0390625
  4.3122	0.03125
  4.31229	0.03125
  4.31238	0.03125
  4.31247	0.03125
  4.31256	0.0078125
  4.31265	0.0078125
  4.31274	0.0078125
  4.31283	0
  4.31293	0.0078125
  4.31302	0.0234375
  4.31311	0.0390625
  4.3132	0.0546875
  4.31329	0.046875
  4.31338	0.0390625
  4.31347	0.0546875
  4.31356	0.046875
  4.31365	0.046875
  4.31374	0.0625
  4.31383	0.0703125
  4.31392	0.0546875
  4.31401	0.046875
  4.3141	0.0546875
  4.31419	0.0390625
  4.31429	0.03125
  4.31438	0.0234375
  4.31447	0.0234375
  4.31456	0.0234375
  4.31465	0.015625
  4.31474	0.0234375
  4.31483	0.015625
  4.31492	0.015625
  4.31501	0.03125
  4.3151	0.046875
  4.31519	0.0234375
  4.31528	0.0078125
  4.31537	0.0234375
  4.31546	0.015625
  4.31556	0
  4.31565	0
  4.31574	-0.0078125
  4.31583	0.0078125
  4.31592	0.015625
  4.31601	0.015625
  4.3161	0.0234375
  4.31619	0.0234375
  4.31628	0.015625
  4.31637	0.0078125
  4.31646	0.015625
  4.31655	0.03125
  4.31664	0.0390625
  4.31673	0.03125
  4.31683	0.0234375
  4.31692	0.0234375
  4.31701	0
  4.3171	0.0078125
  4.31719	0.0078125
  4.31728	0.015625
  4.31737	0.03125
  4.31746	0.0234375
  4.31755	0.0234375
  4.31764	0.03125
  4.31773	0.015625
  4.31782	0.0234375
  4.31791	0.0234375
  4.318	0
  4.3181	-0.0078125
  4.31819	0.0078125
  4.31828	-0.0078125
  4.31837	-0.0078125
  4.31846	0.0078125
  4.31855	-0.0078125
  4.31864	-0.0078125
  4.31873	0.0078125
  4.31882	-0.0078125
  4.31891	0.0078125
  4.319	0.0078125
  4.31909	0
  4.31918	0.015625
  4.31927	0.015625
  4.31937	-0.0078125
  4.31946	-0.0234375
  4.31955	-0.015625
  4.31964	-0.015625
  4.31973	-0.015625
  4.31982	-0.0234375
  4.31991	-0.0234375
  4.32	-0.0078125
  4.32009	-0.015625
  4.32018	-0.0234375
  4.32027	0
  4.32036	-0.015625
  4.32045	-0.03125
  4.32054	-0.03125
  4.32063	-0.03125
  4.32073	-0.0078125
  4.32082	0
  4.32091	0
  4.321	0.0234375
  4.32109	0.015625
  4.32118	0.0234375
  4.32127	0.0390625
  4.32136	0.03125
  4.32145	0.03125
  4.32154	0.0390625
  4.32163	0.0234375
  4.32172	0.0234375
  4.32181	0.0390625
  4.3219	0.0234375
  4.322	0.0234375
  4.32209	0.0234375
  4.32218	0.0078125
  4.32227	0
  4.32236	0.0234375
  4.32245	0.03125
  4.32254	0.0234375
  4.32263	0.0390625
  4.32272	0.046875
  4.32281	0.0234375
  4.3229	0.0234375
  4.32299	0.03125
  4.32308	0.03125
  4.32317	0.03125
  4.32327	0.03125
  4.32336	0.0390625
  4.32345	0.0234375
  4.32354	0
  4.32363	0.0078125
  4.32372	0.015625
  4.32381	0
  4.3239	0.015625
  4.32399	0.0234375
  4.32408	0.015625
  4.32417	0.0234375
  4.32426	0.0234375
  4.32435	0.015625
  4.32444	0.015625
  4.32454	0.0234375
  4.32463	0.0234375
  4.32472	0.03125
  4.32481	0.03125
  4.3249	0.03125
  4.32499	0.03125
  4.32508	0.015625
  4.32517	0.015625
  4.32526	0.015625
  4.32535	0.0078125
  4.32544	0.015625
  4.32553	0.015625
  4.32562	0.0078125
  4.32571	0.015625
  4.3258	0.015625
  4.3259	0.015625
  4.32599	0.0234375
  4.32608	0.015625
  4.32617	0.0234375
  4.32626	0.03125
  4.32635	0.0234375
  4.32644	0.03125
  4.32653	0.03125
  4.32662	0.03125
  4.32671	0.03125
  4.3268	0.03125
  4.32689	0.015625
  4.32698	0.0234375
  4.32707	0.0234375
  4.32717	0.015625
  4.32726	0.0234375
  4.32735	0.03125
  4.32744	0.03125
  4.32753	0.0390625
  4.32762	0.0234375
  4.32771	0.0078125
  4.3278	0.0078125
  4.32789	0.0078125
  4.32798	0.0078125
  4.32807	0.0078125
  4.32816	0.0078125
  4.32825	0.03125
  4.32834	0.03125
  4.32844	0.0234375
  4.32853	0.0234375
  4.32862	0.0234375
  4.32871	0.0234375
  4.3288	0.015625
  4.32889	0.015625
  4.32898	0.0234375
  4.32907	0.015625
  4.32916	0.0078125
  4.32925	0.015625
  4.32934	0.0234375
  4.32943	0.03125
  4.32952	0.046875
  4.32961	0.0625
  4.32971	0.0546875
  4.3298	0.046875
  4.32989	0.046875
  4.32998	0.046875
  4.33007	0.0234375
  4.33016	0.03125
  4.33025	0.0390625
  4.33034	0.03125
  4.33043	0.0234375
  4.33052	0.015625
  4.33061	0.0078125
  4.3307	0.0078125
  4.33079	0.0078125
  4.33088	0.0234375
  4.33098	0.03125
  4.33107	0.03125
  4.33116	0.03125
  4.33125	0.046875
  4.33134	0.0546875
  4.33143	0.0546875
  4.33152	0.0546875
  4.33161	0.0546875
  4.3317	0.046875
  4.33179	0.03125
  4.33188	0.0234375
  4.33197	0.03125
  4.33206	0.015625
  4.33215	0
  4.33224	0
  4.33234	-0.015625
  4.33243	-0.015625
  4.33252	0
  4.33261	0
  4.3327	-0.0078125
  4.33279	-0.0078125
  4.33288	0.0078125
  4.33297	0.015625
  4.33306	0
  4.33315	-0.0078125
  4.33324	0.0078125
  4.33333	-0.0078125
  4.33342	-0.03125
  4.33351	-0.015625
  4.33361	-0.0234375
  4.3337	-0.0234375
  4.33379	0
  4.33388	0
  4.33397	-0.0078125
  4.33406	0
  4.33415	0.0078125
  4.33424	0.0078125
  4.33433	0.015625
  4.33442	0.0078125
  4.33451	0.0234375
  4.3346	0.0234375
  4.33469	-0.0078125
  4.33478	-0.015625
  4.33488	-0.0078125
  4.33497	-0.0234375
  4.33506	-0.0234375
  4.33515	-0.015625
  4.33524	-0.0234375
  4.33533	-0.0078125
  4.33542	0.0078125
  4.33551	0
  4.3356	0.015625
  4.33569	0.03125
  4.33578	0.03125
  4.33587	0.046875
  4.33596	0.0390625
  4.33605	0.015625
  4.33615	0.0078125
  4.33624	-0.0078125
  4.33633	-0.015625
  4.33642	-0.015625
  4.33651	-0.0234375
  4.3366	-0.0234375
  4.33669	-0.0234375
  4.33678	-0.0390625
  4.33687	-0.0390625
  4.33696	-0.03125
  4.33705	-0.0078125
  4.33714	0.015625
  4.33723	0.015625
  4.33732	0.0234375
  4.33742	0.0390625
  4.33751	0.0234375
  4.3376	0.0078125
  4.33769	0.015625
  4.33778	0.0078125
  4.33787	0.0078125
  4.33796	0
  4.33805	-0.015625
  4.33814	-0.015625
  4.33823	-0.0078125
  4.33832	-0.0078125
  4.33841	0
  4.3385	0.0234375
  4.33859	0.015625
  4.33868	0.015625
  4.33878	0.03125
  4.33887	0.0234375
  4.33896	0.0234375
  4.33905	0.046875
  4.33914	0.0546875
  4.33923	0.0546875
  4.33932	0.046875
  4.33941	0.0234375
  4.3395	0.0234375
  4.33959	0.015625
  4.33968	0
  4.33977	0
  4.33986	0.015625
  4.33995	0
  4.34005	0
  4.34014	0.0234375
  4.34023	0.03125
  4.34032	0.0234375
  4.34041	0.03125
  4.3405	0.0390625
  4.34059	0.03125
  4.34068	0.015625
  4.34077	0.0234375
  4.34086	0.03125
  4.34095	0
  4.34104	0
  4.34113	0.015625
  4.34122	0.015625
  4.34132	0.015625
  4.34141	0.0234375
  4.3415	0.0234375
  4.34159	0.0234375
  4.34168	0.0390625
  4.34177	0.046875
  4.34186	0.046875
  4.34195	0.0390625
  4.34204	0.0390625
  4.34213	0.0390625
  4.34222	0.03125
  4.34231	0.0390625
  4.3424	0.0546875
  4.34249	0.0390625
  4.34258	0.0390625
  4.34268	0.046875
  4.34277	0.0390625
  4.34286	0.03125
  4.34295	0.03125
  4.34304	0.03125
  4.34313	0.03125
  4.34322	0.0234375
  4.34331	0.015625
  4.3434	0.015625
  4.34349	0.015625
  4.34358	0.0234375
  4.34367	0.0390625
  4.34376	0.0390625
  4.34385	0.03125
  4.34395	0.0390625
  4.34404	0.0390625
  4.34413	0.0234375
  4.34422	0.0234375
  4.34431	0.0234375
  4.3444	0.015625
  4.34449	0.0234375
  4.34458	0.0078125
  4.34467	-0.0078125
  4.34476	-0.0078125
  4.34485	-0.0078125
  4.34494	0.0078125
  4.34503	0.0078125
  4.34512	0.015625
  4.34522	0.0234375
  4.34531	0.0234375
  4.3454	0.015625
  4.34549	0.0234375
  4.34558	0.015625
  4.34567	0
  4.34576	0.015625
  4.34585	0.0078125
  4.34594	-0.0078125
  4.34603	-0.0078125
  4.34612	0
  4.34621	-0.0078125
  4.3463	-0.015625
  4.34639	-0.015625
  4.34649	-0.0234375
  4.34658	-0.0234375
  4.34667	0
  4.34676	0.0234375
  4.34685	0.0234375
  4.34694	0.03125
  4.34703	0.0546875
  4.34712	0.046875
  4.34721	0.0234375
  4.3473	0.03125
  4.34739	0.03125
  4.34748	0.0234375
  4.34757	0.0234375
  4.34766	0.0078125
  4.34776	0.0078125
  4.34785	0.0078125
  4.34794	0.0078125
  4.34803	0.0078125
  4.34812	-0.0078125
  4.34821	0
  4.3483	0.015625
  4.34839	0.015625
  4.34848	0.0078125
  4.34857	0.0078125
  4.34866	0.015625
  4.34875	0
  4.34884	-0.0078125
  4.34893	-0.0078125
  4.34902	-0.0078125
  4.34912	-0.015625
  4.34921	-0.0234375
  4.3493	-0.03125
  4.34939	-0.03125
  4.34948	-0.03125
  4.34957	-0.0390625
  4.34966	-0.0390625
  4.34975	-0.03125
  4.34984	-0.03125
  4.34993	-0.0234375
  4.35002	-0.0078125
  4.35011	0.0078125
  4.3502	0.015625
  4.35029	0.015625
  4.35039	0.0234375
  4.35048	0.015625
  4.35057	0
  4.35066	0.0078125
  4.35075	0.0078125
  4.35084	0
  4.35093	0
  4.35102	0.0078125
  4.35111	0.0078125
  4.3512	0.0234375
  4.35129	0.03125
  4.35138	0.03125
  4.35147	0.0234375
  4.35156	0.015625
  4.35166	0.0234375
  4.35175	0.0234375
  4.35184	0.0234375
  4.35193	0.03125
  4.35202	0.03125
  4.35211	0.03125
  4.3522	0.0234375
  4.35229	0.015625
  4.35238	-0.0078125
  4.35247	0
  4.35256	0.0078125
  4.35265	0
  4.35274	0
  4.35283	0.0078125
  4.35293	0.0078125
  4.35302	0.0078125
  4.35311	0.015625
  4.3532	0
  4.35329	0
  4.35338	0.0078125
  4.35347	0.015625
  4.35356	0.0234375
  4.35365	0.0234375
  4.35374	0.0234375
  4.35383	0.0234375
  4.35392	0.0078125
  4.35401	0.0078125
  4.3541	0.0234375
  4.35419	0.015625
  4.35429	0.0078125
  4.35438	0.015625
  4.35447	0.015625
  4.35456	0
  4.35465	0
  4.35474	0.0078125
  4.35483	0.015625
  4.35492	0.03125
  4.35501	0.015625
  4.3551	0.0078125
  4.35519	0.015625
  4.35528	0.015625
  4.35537	0.0078125
  4.35546	0.0078125
  4.35556	0.015625
  4.35565	0.0078125
  4.35574	0.0078125
  4.35583	0.0078125
  4.35592	0.0234375
  4.35601	0.0234375
  4.3561	0
  4.35619	0
  4.35628	0.015625
  4.35637	0.0234375
  4.35646	0.0234375
  4.35655	0.0234375
  4.35664	0.0390625
  4.35673	0.03125
  4.35683	0.015625
  4.35692	0.0234375
  4.35701	0.03125
  4.3571	0.0234375
  4.35719	0.0234375
  4.35728	0.0234375
  4.35737	0.015625
  4.35746	0
  4.35755	0.0078125
  4.35764	0.015625
  4.35773	-0.0078125
  4.35782	-0.0078125
  4.35791	0.015625
  4.358	0.0078125
  4.3581	0.0078125
  4.35819	0.0234375
  4.35828	0.03125
  4.35837	0.015625
  4.35846	0.015625
  4.35855	0.0234375
  4.35864	0.015625
  4.35873	0.0078125
  4.35882	0.015625
  4.35891	0.015625
  4.359	0.0078125
  4.35909	0.015625
  4.35918	0.015625
  4.35927	0.0078125
  4.35937	0.015625
  4.35946	0.015625
  4.35955	0.015625
  4.35964	0.015625
  4.35973	0.0234375
  4.35982	0.03125
  4.35991	0.03125
  4.36	0.0234375
  4.36009	0.0234375
  4.36018	0.03125
  4.36027	0.0234375
  4.36036	0.015625
  4.36045	0.0234375
  4.36054	0.015625
  4.36063	0.0078125
  4.36073	0.0078125
  4.36082	0.0078125
  4.36091	0.0078125
  4.361	0.0078125
  4.36109	0.015625
  4.36118	0.015625
  4.36127	0.015625
  4.36136	0.03125
  4.36145	0.03125
  4.36154	0.0234375
  4.36163	0.03125
  4.36172	0.03125
  4.36181	0.015625
  4.3619	0.0078125
  4.362	0.0078125
  4.36209	0
  4.36218	-0.0078125
  4.36227	-0.0078125
  4.36236	-0.015625
  4.36245	-0.0078125
  4.36254	-0.0078125
  4.36263	-0.0078125
  4.36272	-0.015625
  4.36281	-0.015625
  4.3629	0
  4.36299	-0.0078125
  4.36308	-0.0078125
  4.36317	0
  4.36327	0.0078125
  4.36336	0
  4.36345	-0.0078125
  4.36354	0
  4.36363	0
  4.36372	-0.0078125
  4.36381	-0.015625
  4.3639	-0.015625
  4.36399	-0.0078125
  4.36408	-0.015625
  4.36417	-0.015625
  4.36426	-0.0078125
  4.36435	0
  4.36444	0.0078125
  4.36454	0.0078125
  4.36463	0.0078125
  4.36472	0.0078125
  4.36481	0.015625
  4.3649	0.0234375
  4.36499	0.0234375
  4.36508	0.03125
  4.36517	0.03125
  4.36526	0.015625
  4.36535	0.0078125
  4.36544	0.015625
  4.36553	0.0078125
  4.36562	-0.0078125
  4.36571	-0.015625
  4.3658	0
  4.3659	-0.0078125
  4.36599	-0.015625
  4.36608	-0.0078125
  4.36617	0
  4.36626	-0.0078125
  4.36635	0
  4.36644	0
  4.36653	-0.0078125
  4.36662	-0.015625
  4.36671	-0.015625
  4.3668	-0.015625
  4.36689	-0.0234375
  4.36698	-0.0234375
  4.36707	-0.015625
  4.36717	0
  4.36726	0
  4.36735	0.0078125
  4.36744	0.015625
  4.36753	0.0234375
  4.36762	0.0234375
  4.36771	0.0234375
  4.3678	0.0390625
  4.36789	0.0390625
  4.36798	0.03125
  4.36807	0.0390625
  4.36816	0.0390625
  4.36825	0.0234375
  4.36834	0.0234375
  4.36844	0.0234375
  4.36853	0.015625
  4.36862	0.015625
  4.36871	0.0234375
  4.3688	0.0234375
  4.36889	0.015625
  4.36898	0.015625
  4.36907	0.0078125
  4.36916	0.0078125
  4.36925	0
  4.36934	-0.0078125
  4.36943	0
  4.36952	0
  4.36961	0.0078125
  4.36971	0.015625
  4.3698	0.0078125
  4.36989	0
  4.36998	-0.0078125
  4.37007	-0.015625
  4.37016	-0.0234375
  4.37025	-0.0234375
  4.37034	-0.0234375
  4.37043	-0.015625
  4.37052	0
  4.37061	0.0234375
  4.3707	0.0390625
  4.37079	0.046875
  4.37088	0.0390625
  4.37098	0.0390625
  4.37107	0.03125
  4.37116	0.015625
  4.37125	0.0078125
  4.37134	0.0078125
  4.37143	0.015625
  4.37152	0.0234375
  4.37161	0.0234375
  4.3717	0.0234375
  4.37179	0.03125
  4.37188	0.0390625
  4.37197	0.03125
  4.37206	0.0234375
  4.37215	0.0234375
  4.37224	0.0234375
  4.37234	0.015625
  4.37243	0.0078125
  4.37252	0.0078125
  4.37261	0.0078125
  4.3727	0.0078125
  4.37279	0.0078125
  4.37288	0.0078125
  4.37297	0.0078125
  4.37306	0.0078125
  4.37315	0.015625
  4.37324	0.0078125
  4.37333	0.015625
  4.37342	0.0234375
  4.37351	0.015625
  4.37361	0.0078125
  4.3737	0.015625
  4.37379	0.0234375
  4.37388	0.0234375
  4.37397	0.0078125
  4.37406	0.0078125
  4.37415	0.015625
  4.37424	0.015625
  4.37433	0.0078125
  4.37442	0.0078125
  4.37451	0.015625
  4.3746	0
  4.37469	-0.0078125
  4.37478	0
  4.37488	0
  4.37497	-0.015625
  4.37506	-0.015625
  4.37515	-0.0078125
  4.37524	-0.015625
  4.37533	-0.015625
  4.37542	-0.0078125
  4.37551	0
  4.3756	-0.015625
  4.37569	-0.015625
  4.37578	0.0078125
  4.37587	0.0078125
  4.37596	0.0078125
  4.37605	0.015625
  4.37615	0.015625
  4.37624	0.0078125
  4.37633	0.015625
  4.37642	0.0234375
  4.37651	0.015625
  4.3766	0.015625
  4.37669	0.015625
  4.37678	0.0078125
  4.37687	-0.0078125
  4.37696	0.0078125
  4.37705	0
  4.37714	0
  4.37723	0
  4.37732	0
  4.37742	0
  4.37751	0.0078125
  4.3776	0.015625
  4.37769	0.015625
  4.37778	0.0078125
  4.37787	0.0078125
  4.37796	0.0078125
  4.37805	0
  4.37814	0
  4.37823	0.0078125
  4.37832	0
  4.37841	0
  4.3785	0.0078125
  4.37859	0
  4.37868	0
  4.37878	0.0078125
  4.37887	0.0078125
  4.37896	0
  4.37905	0.0078125
  4.37914	0
  4.37923	-0.0078125
  4.37932	0
  4.37941	0
  4.3795	-0.0078125
  4.37959	-0.0078125
  4.37968	-0.0078125
  4.37977	-0.0078125
  4.37986	-0.0078125
  4.37995	-0.0078125
  4.38005	-0.0078125
  4.38014	0
  4.38023	0
  4.38032	0
  4.38041	0.0078125
  4.3805	0.015625
  4.38059	0.0078125
  4.38068	0.0078125
  4.38077	0.0078125
  4.38086	0
  4.38095	0
  4.38104	0.0078125
  4.38113	0.0078125
  4.38122	0.0078125
  4.38132	0.0078125
  4.38141	0.0078125
  4.3815	0
  4.38159	0
  4.38168	0.0078125
  4.38177	0
  4.38186	0.0078125
  4.38195	0.0078125
  4.38204	0.0078125
  4.38213	0.0078125
  4.38222	0.0078125
  4.38231	0
  4.3824	0
  4.38249	-0.0078125
  4.38258	0
  4.38268	0.0078125
  4.38277	0.0078125
  4.38286	0.0078125
  4.38295	0.015625
  4.38304	0.0078125
  4.38313	0
  4.38322	0
  4.38331	-0.0078125
  4.3834	-0.0078125
  4.38349	-0.0078125
  4.38358	-0.015625
  4.38367	-0.0078125
  4.38376	-0.0078125
  4.38385	-0.0078125
  4.38395	-0.0078125
  4.38404	0
  4.38413	0
  4.38422	0.0078125
  4.38431	0.0078125
  4.3844	0.0078125
  4.38449	0.0078125
  4.38458	0
  4.38467	0
  4.38476	0
  4.38485	0
  4.38494	0.0078125
  4.38503	0.015625
  4.38512	0.0234375
  4.38522	0.03125
  4.38531	0.03125
  4.3854	0.03125
  4.38549	0.03125
  4.38558	0.03125
  4.38567	0.03125
  4.38576	0.0234375
  4.38585	0.015625
  4.38594	0.0078125
  4.38603	0
  4.38612	0
  4.38621	0
  4.3863	0.015625
  4.38639	0.0078125
  4.38649	0.0078125
  4.38658	0.0078125
  4.38667	0.015625
  4.38676	0.015625
  4.38685	0.0234375
  4.38694	0.03125
  4.38703	0.03125
  4.38712	0.03125
  4.38721	0.0234375
  4.3873	0.015625
  4.38739	0.015625
  4.38748	0.0078125
  4.38757	0.0078125
  4.38766	0.0078125
  4.38776	0.0078125
  4.38785	0.0078125
  4.38794	0.0078125
  4.38803	0.0078125
  4.38812	0.0078125
  4.38821	0.015625
  4.3883	0.0078125
  4.38839	0.0078125
  4.38848	0.015625
  4.38857	0.015625
  4.38866	0.015625
  4.38875	0.0234375
  4.38884	0.015625
  4.38893	0.015625
  4.38902	0.0078125
  4.38912	0
  4.38921	0.0078125
  4.3893	0.0078125
  4.38939	0.0078125
  4.38948	0
  4.38957	0
  4.38966	0
  4.38975	0
  4.38984	0
  4.38993	0
  4.39002	0.0078125
  4.39011	0
  4.3902	0
  4.39029	0
  4.39039	0.0078125
  4.39048	0
  4.39057	0
  4.39066	0
  4.39075	0
  4.39084	0
  4.39093	0
  4.39102	0.0078125
  4.39111	0.0078125
  4.3912	0.0078125
  4.39129	0.0078125
  4.39138	0.0078125
  4.39147	0.0078125
  4.39156	0
  4.39166	0
  4.39175	0
  4.39184	-0.0078125
  4.39193	-0.0078125
  4.39202	-0.0078125
  4.39211	0
  4.3922	-0.0078125
  4.39229	-0.0078125
  4.39238	0.0078125
  4.39247	0
  4.39256	-0.0078125
  4.39265	-0.0078125
  4.39274	-0.0078125
  4.39283	-0.0078125
  4.39293	-0.0078125
  4.39302	-0.0078125
  4.39311	-0.0078125
  4.3932	-0.0078125
  4.39329	-0.0078125
  4.39338	0
  4.39347	0.0078125
  4.39356	0
  4.39365	-0.0078125
  4.39374	-0.0078125
  4.39383	0
  4.39392	-0.0078125
  4.39401	-0.0078125
  4.3941	0
  4.39419	0
  4.39429	-0.0078125
  4.39438	0
  4.39447	0
  4.39456	0
  4.39465	0.0078125
  4.39474	0.015625
  4.39483	0.015625
  4.39492	0.015625
  4.39501	0.015625
  4.3951	0.0078125
  4.39519	0.0078125
  4.39528	0.0078125
  4.39537	0
  4.39546	0.0078125
  4.39556	0
  4.39565	0
  4.39574	0
  4.39583	0
  4.39592	0
  4.39601	0
  4.3961	0
  4.39619	0
  4.39628	0
  4.39637	0
  4.39646	0
  4.39655	0
  4.39664	0.0078125
  4.39673	0.0078125
  4.39683	0.0078125
  4.39692	0.0078125
  4.39701	0.0078125
  4.3971	0.0078125
  4.39719	0.0078125
  4.39728	0.0078125
  4.39737	0.0078125
  4.39746	0
  4.39755	0.0078125
  4.39764	0.0078125
  4.39773	0.0078125
  4.39782	0.0078125
  4.39791	0.0078125
  4.398	0.0078125
  4.3981	0.0078125
  4.39819	0.015625
  4.39828	0.015625
  4.39837	0.015625
  4.39846	0.015625
  4.39855	0.015625
  4.39864	0.0078125
  4.39873	0
  4.39882	0
  4.39891	0
  4.399	0
  4.39909	-0.0078125
  4.39918	0
  4.39927	0
  4.39937	-0.0078125
  4.39946	-0.0078125
  4.39955	-0.0078125
  4.39964	0
  4.39973	-0.0078125
  4.39982	0
  4.39991	0
  4.4	0
  4.40009	0
  4.40018	0
  4.40027	0.0078125
  4.40036	0
  4.40045	0
  4.40054	0.0078125
  4.40063	0.0078125
  4.40073	0.0078125
  4.40082	0.0078125
  4.40091	0
  4.401	0
  4.40109	0
  4.40118	0
  4.40127	0.0078125
  4.40136	0.0078125
  4.40145	0.015625
  4.40154	0.0078125
  4.40163	0.0078125
  4.40172	0.015625
  4.40181	0.0078125
  4.4019	0.0078125
  4.402	0.0078125
  4.40209	0.0078125
  4.40218	0.0078125
  4.40227	0.0078125
  4.40236	0.0078125
  4.40245	0
  4.40254	0.0078125
  4.40263	0.0078125
  4.40272	0
  4.40281	0
  4.4029	0.0078125
  4.40299	0.0078125
  4.40308	0.0078125
  4.40317	0.0078125
  4.40327	0.0078125
  4.40336	0.0078125
  4.40345	0.0078125
  4.40354	0.0078125
  4.40363	0
  4.40372	0
  4.40381	0
  4.4039	0
  4.40399	0
  4.40408	0
  4.40417	-0.0078125
  4.40426	-0.0078125
  4.40435	-0.0078125
  4.40444	-0.0078125
  4.40454	-0.0078125
  4.40463	-0.0078125
  4.40472	-0.0078125
  4.40481	-0.0078125
  4.4049	0
  4.40499	0
  4.40508	0
  4.40517	0
  4.40526	-0.0078125
  4.40535	0
  4.40544	0
  4.40553	-0.0078125
  4.40562	0
  4.40571	0
  4.4058	0
  4.4059	0.0078125
  4.40599	0
  4.40608	0
  4.40617	0
  4.40626	0.0078125
  4.40635	0.0078125
  4.40644	0.0078125
  4.40653	0.0078125
  4.40662	0.0078125
  4.40671	0.0078125
  4.4068	0
  4.40689	0.0078125
  4.40698	0
  4.40707	0
  4.40717	0.0078125
  4.40726	0.0078125
  4.40735	0.0078125
  4.40744	0.0078125
  4.40753	0.0078125
  4.40762	0.0078125
  4.40771	0.0078125
  4.4078	0.0078125
  4.40789	0.0078125
  4.40798	0
  4.40807	0
  4.40816	0
  4.40825	0
  4.40834	0
  4.40844	0
  4.40853	0
  4.40862	0
  4.40871	0
  4.4088	-0.0078125
  4.40889	-0.0078125
  4.40898	-0.0078125
  4.40907	-0.0078125
  4.40916	-0.0078125
  4.40925	-0.0078125
  4.40934	0
  4.40943	0
  4.40952	0
  4.40961	0.0078125
  4.40971	0
  4.4098	-0.0078125
  4.40989	-0.0078125
  4.40998	-0.0078125
  4.41007	-0.0078125
  4.41016	-0.0078125
  4.41025	-0.0078125
  4.41034	-0.015625
  4.41043	-0.015625
  4.41052	-0.0078125
  4.41061	-0.0078125
  4.4107	-0.0078125
  4.41079	-0.0078125
  4.41088	-0.0078125
  4.41098	-0.0078125
  4.41107	0
  4.41116	0
  4.41125	0
  4.41134	0
  4.41143	0
  4.41152	0
  4.41161	0
  4.4117	0
  4.41179	0
  4.41188	0
  4.41197	0
  4.41206	0
  4.41215	0
  4.41224	0
  4.41234	0
  4.41243	0
  4.41252	0
  4.41261	0
  4.4127	0.0078125
  4.41279	0.0078125
  4.41288	0.0078125
  4.41297	0.0078125
  4.41306	0.0078125
  4.41315	0
  4.41324	0
  4.41333	0
  4.41342	0
  4.41351	0
  4.41361	0
  4.4137	0
  4.41379	0
  4.41388	0
  4.41397	0.0078125
  4.41406	0.0078125
  4.41415	0
  4.41424	0
  4.41433	0.0078125
  4.41442	0.0078125
  4.41451	0.0078125
  4.4146	0.0078125
  4.41469	0.0078125
  4.41478	0.0078125
  4.41488	0.0078125
  4.41497	0.0078125
  4.41506	0.0078125
  4.41515	0.0078125
  4.41524	0.0078125
  4.41533	0.0078125
  4.41542	0
  4.41551	0.0078125
  4.4156	0.0078125
  4.41569	0.0078125
  4.41578	0.0078125
  4.41587	0.0078125
  4.41596	0.0078125
  4.41605	0.0078125
  4.41615	0.0078125
  4.41624	0.0078125
  4.41633	0.0078125
  4.41642	0.0078125
  4.41651	0
  4.4166	0
  4.41669	0
  4.41678	0
  4.41687	-0.0078125
  4.41696	-0.0078125
  4.41705	-0.0078125
  4.41714	-0.0078125
  4.41723	-0.0078125
  4.41732	-0.0078125
  4.41742	-0.0078125
  4.41751	-0.0078125
  4.4176	0
  4.41769	0
  4.41778	0
  4.41787	0
  4.41796	-0.0078125
  4.41805	-0.0078125
  4.41814	-0.0078125
  4.41823	-0.0078125
  4.41832	-0.0078125
  4.41841	-0.0078125
  4.4185	-0.0078125
  4.41859	0
  4.41868	-0.0078125
  4.41878	-0.0078125
  4.41887	0
  4.41896	0
  4.41905	0
  4.41914	0
  4.41923	0
  4.41932	0
  4.41941	0
  4.4195	0
  4.41959	0
  4.41968	0
  4.41977	0
  4.41986	0
  4.41995	0
  4.42005	0
  4.42014	0
  4.42023	0
  4.42032	0
  4.42041	0
  4.4205	0
  4.42059	0
  4.42068	0
  4.42077	0.0078125
  4.42086	0.0078125
  4.42095	0.0078125
  4.42104	0
  4.42113	0
  4.42122	0
  4.42132	0
  4.42141	0
  4.4215	0
  4.42159	0
  4.42168	0
  4.42177	0
  4.42186	0
  4.42195	0
  4.42204	0
  4.42213	0
  4.42222	0
  4.42231	0
  4.4224	0
  4.42249	0
  4.42258	0
  4.42268	0
  4.42277	0
  4.42286	0
  4.42295	0
  4.42304	0
  4.42313	0
  4.42322	0
  4.42331	-0.0078125
  4.4234	-0.0078125
  4.42349	0
  4.42358	0
  4.42367	0
  4.42376	0
  4.42385	0
  4.42395	0
  4.42404	-0.0078125
  4.42413	0
  4.42422	-0.0078125
  4.42431	-0.0078125
  4.4244	-0.0078125
  4.42449	-0.0078125
  4.42458	-0.0078125
  4.42467	-0.0078125
  4.42476	-0.0078125
  4.42485	-0.0078125
  4.42494	-0.0078125
  4.42503	-0.0078125
  4.42512	-0.0078125
  4.42522	-0.0078125
  4.42531	-0.0078125
  4.4254	-0.0078125
  4.42549	0
  4.42558	0
  4.42567	0
  4.42576	0
  4.42585	0
  4.42594	0
  4.42603	-0.0078125
  4.42612	-0.0078125
  4.42621	-0.0078125
  4.4263	-0.0078125
  4.42639	-0.0078125
  4.42649	0
  4.42658	0
  4.42667	0
  4.42676	0
  4.42685	0
  4.42694	0
  4.42703	0
  4.42712	0
  4.42721	0
  4.4273	0
  4.42739	0
  4.42748	0
  4.42757	0
  4.42766	0
  4.42776	0
  4.42785	0
  4.42794	0
  4.42803	0
  4.42812	0
  4.42821	0
  4.4283	0
  4.42839	0
  4.42848	0
  4.42857	0
  4.42866	0
  4.42875	0
  4.42884	0
  4.42893	0
  4.42902	0
  4.42912	0
  4.42921	0
  4.4293	0
  4.42939	0
  4.42948	0
  4.42957	0
  4.42966	0
  4.42975	0
  4.42984	0
  4.42993	0
  4.43002	0
  4.43011	0
  4.4302	0
  4.43029	0
  4.43039	0
  4.43048	0
  4.43057	0
  4.43066	0
  4.43075	0
  4.43084	0
  4.43093	0
  4.43102	0
  4.43111	0
  4.4312	0
  4.43129	0
  4.43138	0
  4.43147	0
  4.43156	0
  4.43166	0
  4.43175	0
  4.43184	0
  4.43193	0
  4.43202	0
  4.43211	0
  4.4322	0
  4.43229	0
  4.43238	0
  4.43247	0
  4.43256	0
  4.43265	0
  4.43274	0
  4.43283	0
  4.43293	0
  4.43302	0
  4.43311	0
  4.4332	0
  4.43329	0
  4.43338	0
  4.43347	0
  4.43356	0
  4.43365	0
  4.43374	0
  4.43383	0
  4.43392	0
  4.43401	0
  4.4341	0
  4.43419	0
  4.43429	0
  4.43438	0
  4.43447	0
  4.43456	0
  4.43465	0
  4.43474	0
  4.43483	0
  4.43492	0
  4.43501	0
  4.4351	0
  4.43519	0
  4.43528	0
  4.43537	0
  4.43546	0
  4.43556	0
  4.43565	0
  4.43574	0
  4.43583	0
  4.43592	0
  4.43601	0
  4.4361	0
  4.43619	-0.0078125
  4.43628	0
  4.43637	0
  4.43646	0
  4.43655	-0.0078125
  4.43664	0
  4.43673	0
  4.43683	0
  4.43692	0
  4.43701	0
  4.4371	0
  4.43719	0
  4.43728	0
  4.43737	0
  4.43746	0
  4.43755	0
  4.43764	-0.0078125
  4.43773	-0.0078125
  4.43782	-0.0078125
  4.43791	-0.0078125
  4.438	-0.0078125
  4.4381	0
  4.43819	0
  4.43828	0
  4.43837	0
  4.43846	0
  4.43855	0
  4.43864	0
  4.43873	0
  4.43882	0
  4.43891	0
  4.439	0
  4.43909	0
  4.43918	0
  4.43927	0
